status,course,gender,marital_status,attendance,scholarship_holder,tuition_up_to_date,debtor,displaced,international,age_at_enrollment,age_group,admission_grade,prev_qualification_grade,units_1st_sem_enrolled,units_1st_sem_approved,grade_1st_sem,units_2nd_sem_enrolled,units_2nd_sem_approved,grade_2nd_sem,approval_ratio_2nd_sem,is_dropout,dropout_risk_score
Dropout,Animation & Multimedia Design,Male,Single,Daytime,No,Yes,No,Yes,No,20,17-20,127.3,122.0,0,0,0.0,0,0,0.0,,1,0.633
Graduate,Tourism,Male,Single,Daytime,No,No,No,Yes,No,19,17-20,142.5,160.0,6,6,14.0,6,6,13.666666666666666,1.0,0,0.572
Dropout,Communication Design,Male,Single,Daytime,No,No,No,Yes,No,19,17-20,124.8,122.0,6,0,0.0,6,0,0.0,0.0,1,1.0
Graduate,Journalism & Communication,Female,Single,Daytime,No,Yes,No,Yes,No,20,17-20,119.6,122.0,6,6,13.428571428571429,6,5,12.4,0.833,0,0.141
Graduate,Social Service (evening),Female,Married,Evening,No,Yes,No,No,No,45,40+,141.5,100.0,6,5,12.333333333333334,6,6,13.0,1.0,0,0.103
Graduate,Management (evening),Male,Married,Evening,No,Yes,Yes,No,No,50,40+,114.8,133.1,5,5,11.857142857142858,5,5,11.5,1.0,0,0.322
Graduate,Nursing,Female,Single,Daytime,Yes,Yes,No,Yes,No,18,17-20,128.4,142.0,7,7,13.3,8,8,14.345,1.0,0,0.009
Dropout,Tourism,Male,Single,Daytime,No,No,No,Yes,No,22,21-24,113.1,119.0,5,0,0.0,5,0,0.0,0.0,1,1.0
Graduate,Social Service,Female,Single,Daytime,Yes,Yes,No,No,Yes,21,21-24,129.3,137.0,6,6,13.875,6,6,14.142857142857142,1.0,0,0.025
Dropout,Social Service,Female,Single,Daytime,No,No,Yes,Yes,No,18,17-20,123.0,138.0,6,5,11.4,6,2,13.5,0.333,1,0.991
Graduate,Advertising & Marketing,Female,Single,Daytime,No,Yes,No,Yes,No,18,17-20,130.6,139.0,6,6,12.333333333333334,6,5,14.2,0.833,0,0.135
Graduate,Nursing,Female,Single,Daytime,Yes,Yes,No,Yes,No,18,17-20,119.3,136.0,8,7,13.214285714285714,8,7,13.214285714285714,0.875,0,0.028
Dropout,Basic Education,Female,Single,Daytime,No,Yes,No,Yes,No,19,17-20,130.2,133.0,6,0,0.0,6,0,0.0,0.0,1,0.998
Graduate,Tourism,Female,Single,Daytime,Yes,Yes,No,Yes,No,21,21-24,111.8,110.0,6,6,10.571428571428571,6,5,11.0,0.833,0,0.046
Graduate,Veterinary Nursing,Female,Single,Daytime,Yes,Yes,No,Yes,No,18,17-20,137.1,149.0,5,4,13.25,5,5,12.0,1.0,0,0.087
Dropout,Journalism & Communication,Female,Single,Daytime,No,Yes,No,Yes,No,20,17-20,120.7,127.0,6,5,13.2,6,0,0.0,0.0,1,0.99
Enrolled,Social Service,Female,Single,Daytime,No,Yes,No,Yes,No,18,17-20,137.4,137.0,6,1,12.0,6,2,11.0,0.333,0,0.982
Graduate,Nursing,Female,Single,Daytime,No,Yes,No,Yes,No,18,17-20,127.3,135.0,7,7,13.30625,8,8,14.545,1.0,0,0.029
Graduate,Equinculture,Female,Single,Daytime,No,Yes,No,Yes,No,20,17-20,136.3,137.0,5,4,12.5,5,4,12.25,0.8,0,0.192
Enrolled,Basic Education,Female,Single,Daytime,No,Yes,No,Yes,No,18,17-20,124.6,140.0,7,6,11.666666666666666,7,6,13.5,0.857,0,0.146
Graduate,Animation & Multimedia Design,Female,Single,Daytime,Yes,Yes,No,No,No,21,21-24,120.3,122.0,0,0,0.0,0,0,0.0,,0,0.25
Enrolled,Oral Hygiene,Female,Single,Daytime,No,Yes,No,Yes,No,20,17-20,121.8,127.0,7,7,11.4375,8,8,11.425,1.0,0,0.031
Graduate,Nursing,Female,Single,Daytime,No,Yes,No,Yes,No,18,17-20,125.5,142.0,8,7,12.857142857142858,8,7,12.857142857142858,0.875,0,0.093
Graduate,Advertising & Marketing,Female,Single,Daytime,Yes,Yes,No,Yes,No,19,17-20,114.9,125.0,6,6,13.375,6,6,12.285714285714286,1.0,0,0.033
Graduate,Nursing,Female,Single,Daytime,No,Yes,No,No,No,19,17-20,123.9,126.0,7,6,13.296666666666669,8,7,14.114285714285714,0.875,0,0.067
Enrolled,Social Service,Female,Single,Daytime,Yes,Yes,Yes,Yes,No,18,17-20,157.0,151.0,6,5,11.6,6,4,11.0,0.667,0,0.414
Graduate,Social Service,Female,Single,Daytime,No,Yes,No,Yes,No,21,21-24,116.4,115.0,6,6,11.375,6,6,13.285714285714286,1.0,0,0.071
Enrolled,Veterinary Nursing,Female,Single,Daytime,No,Yes,No,Yes,No,18,17-20,131.0,138.0,5,5,12.666666666666666,5,4,13.0,0.8,0,0.101
Graduate,Management,Female,Single,Daytime,No,Yes,No,Yes,No,20,17-20,122.1,135.0,5,5,12.0,5,5,12.333333333333334,1.0,0,0.146
Enrolled,Nursing,Male,Single,Daytime,No,Yes,No,Yes,No,19,17-20,118.8,127.0,7,6,12.933333333333332,7,6,13.716666666666669,0.857,0,0.261
Enrolled,Agronomy,Male,Single,Daytime,No,Yes,No,No,No,21,21-24,150.0,150.0,6,5,11.857142857142858,6,5,10.571428571428571,0.833,0,0.298
Graduate,Communication Design,Male,Single,Daytime,No,Yes,No,Yes,No,20,17-20,130.0,125.0,6,6,12.833333333333334,6,4,13.4,0.667,0,0.356
Enrolled,Management,Male,Single,Daytime,No,No,No,No,No,18,17-20,138.8,143.0,5,3,11.333333333333334,5,2,13.5,0.4,0,0.979
Graduate,Social Service (evening),Female,Single,Evening,No,Yes,No,Yes,No,19,17-20,134.5,138.0,6,6,12.666666666666666,6,6,14.375,1.0,0,0.047
Graduate,Management (evening),Male,Single,Evening,No,Yes,No,No,No,34,30-39,131.4,130.0,5,5,12.4,5,5,13.428571428571429,1.0,0,0.147
Dropout,Biofuel Production Tech,Male,Single,Daytime,No,No,Yes,No,No,37,30-39,102.5,130.0,7,0,0.0,7,1,10.0,0.143,1,1.0
Dropout,Informatics Engineering,Male,Single,Daytime,No,Yes,No,Yes,No,43,40+,128.8,133.1,5,0,0.0,5,0,0.0,0.0,1,0.998
Dropout,Management,Female,Single,Daytime,No,Yes,No,No,No,55,40+,122.9,140.0,5,1,10.0,5,2,12.0,0.4,1,0.972
Graduate,Management (evening),Female,Divorced,Evening,No,Yes,No,Yes,No,39,30-39,113.9,120.0,5,5,11.0,5,5,11.6,1.0,0,0.1
Dropout,Equinculture,Female,Single,Daytime,No,No,Yes,No,Yes,20,17-20,120.0,120.0,6,3,11.666666666666666,6,3,12.0,0.5,1,0.931
Dropout,Journalism & Communication,Female,Single,Daytime,No,Yes,Yes,No,No,18,17-20,121.1,126.0,6,4,12.75,5,0,0.0,0.0,1,0.996
Graduate,Management,Female,Single,Daytime,No,Yes,No,Yes,No,22,21-24,120.4,133.0,5,5,14.8,5,5,15.8,1.0,0,0.074
Graduate,Nursing,Female,Single,Daytime,No,Yes,No,Yes,No,22,21-24,100.6,103.0,7,5,13.928,8,7,14.342857142857142,0.875,0,0.33
Dropout,Journalism & Communication,Female,Single,Daytime,No,No,No,No,No,20,17-20,121.4,120.0,6,4,13.0,6,5,13.8,0.833,1,0.778
Dropout,Management (evening),Female,Single,Evening,No,Yes,No,No,No,29,25-29,109.7,133.1,5,0,0.0,5,0,0.0,0.0,1,0.998
Enrolled,Management (evening),Female,Single,Evening,No,Yes,No,No,No,24,21-24,134.1,154.0,5,2,11.5,5,3,14.333333333333334,0.6,0,0.639
Graduate,Social Service,Female,Single,Daytime,No,Yes,No,Yes,No,18,17-20,127.6,130.0,6,6,11.666666666666666,6,5,13.2,0.833,0,0.12
Graduate,Nursing,Female,Single,Daytime,Yes,Yes,No,Yes,No,22,21-24,132.4,132.0,7,6,13.516666666666666,8,7,13.771428571428572,0.875,0,0.076
Graduate,Social Service (evening),Female,Single,Evening,Yes,Yes,No,No,No,21,21-24,133.4,130.0,6,6,11.5,6,6,13.285714285714286,1.0,0,0.018
Graduate,Social Service,Female,Single,Daytime,Yes,Yes,No,No,No,19,17-20,126.1,139.0,6,5,12.333333333333334,6,6,12.833333333333334,1.0,0,0.028
Graduate,Tourism,Female,Single,Daytime,Yes,Yes,No,No,No,24,21-24,113.5,130.0,6,6,13.666666666666666,6,6,14.166666666666666,1.0,0,0.023
Enrolled,Nursing,Female,Single,Daytime,Yes,Yes,No,Yes,No,19,17-20,121.3,139.0,8,6,11.833333333333334,8,6,11.833333333333334,0.75,0,0.126
Enrolled,Journalism & Communication,Female,Single,Daytime,Yes,Yes,No,Yes,No,20,17-20,121.8,127.0,6,4,14.0,6,3,11.0,0.5,0,0.644
Graduate,Equinculture,Female,Single,Daytime,No,Yes,No,No,No,19,17-20,159.3,167.0,5,5,14.714285714285714,5,5,15.8,1.0,0,0.022
Dropout,Management (evening),Female,Single,Evening,No,Yes,No,No,No,27,25-29,120.0,130.0,5,5,10.6,5,5,11.0,1.0,1,0.113
Graduate,Nursing,Female,Single,Daytime,No,Yes,No,Yes,No,18,17-20,129.1,130.0,7,7,13.044444444444444,8,8,13.595,1.0,0,0.023
Dropout,Tourism,Female,Married,Daytime,No,Yes,No,No,No,39,30-39,130.0,130.0,6,0,0.0,6,0,0.0,0.0,1,0.999
Dropout,Equinculture,Female,Single,Daytime,No,Yes,No,Yes,No,27,25-29,155.3,129.0,6,5,13.0,11,10,12.9,0.909,1,0.101
Graduate,Nursing,Female,Single,Daytime,No,Yes,No,Yes,No,18,17-20,139.8,141.0,8,8,14.935,8,8,14.935,1.0,0,0.012
Enrolled,Animation & Multimedia Design,Female,Single,Daytime,No,Yes,No,Yes,No,18,17-20,115.2,125.0,0,0,0.0,0,0,0.0,,0,0.383
Graduate,Nursing,Female,Single,Daytime,No,Yes,No,No,No,18,17-20,114.9,125.0,7,6,13.133333333333333,8,7,12.221428571428572,0.875,0,0.113
Graduate,Social Service,Female,Single,Daytime,Yes,Yes,No,No,No,21,21-24,131.9,130.0,6,6,12.0,6,6,12.0,1.0,0,0.041
Enrolled,Animation & Multimedia Design,Male,Single,Daytime,Yes,Yes,No,Yes,No,19,17-20,126.0,133.0,0,0,0.0,0,0,0.0,,0,0.362
Enrolled,Communication Design,Male,Single,Daytime,No,Yes,No,Yes,No,19,17-20,130.2,127.0,6,5,11.4,6,1,10.0,0.167,0,0.946
Enrolled,Communication Design,Male,Single,Daytime,No,Yes,No,No,No,24,21-24,120.9,116.0,6,0,0.0,6,0,0.0,0.0,0,0.999
Dropout,Nursing,Male,Divorced,Daytime,No,Yes,No,Yes,No,29,25-29,126.0,133.1,7,5,11.9,8,5,11.0,0.625,1,0.781
Graduate,Animation & Multimedia Design,Male,Single,Daytime,Yes,Yes,No,Yes,No,19,17-20,128.2,139.0,0,0,0.0,0,0,0.0,,0,0.391
Graduate,Agronomy,Male,Single,Daytime,No,Yes,No,Yes,No,23,21-24,130.0,130.0,6,6,12.571428571428571,6,6,12.428571428571429,1.0,0,0.044
Dropout,Management,Male,Single,Daytime,No,Yes,Yes,No,No,19,17-20,120.1,125.0,5,5,11.2,5,4,10.75,0.8,1,0.396
Enrolled,Tourism,Male,Single,Daytime,No,Yes,No,No,No,26,25-29,100.0,160.0,6,6,12.0,6,5,10.8,0.833,0,0.211
Enrolled,Management,Male,Single,Daytime,No,Yes,No,No,No,18,17-20,134.0,148.0,5,0,0.0,5,0,0.0,0.0,0,0.996
Graduate,Nursing,Male,Single,Daytime,No,Yes,No,No,No,24,21-24,130.8,150.0,7,7,11.975,8,8,13.75,1.0,0,0.036
Dropout,Animation & Multimedia Design,Male,Single,Daytime,No,Yes,No,Yes,No,19,17-20,135.8,141.0,0,0,0.0,0,0,0.0,,1,0.569
Dropout,Tourism,Male,Single,Daytime,No,Yes,No,Yes,No,18,17-20,111.7,118.0,6,3,11.666666666666666,6,1,12.0,0.167,1,0.986
Graduate,Journalism & Communication,Male,Single,Daytime,No,Yes,No,Yes,No,18,17-20,132.9,142.0,6,6,12.333333333333334,6,3,12.333333333333334,0.5,0,0.575
Dropout,Management,Male,Single,Daytime,No,Yes,Yes,Yes,No,18,17-20,115.5,120.0,5,3,10.333333333333334,5,3,10.857142857142858,0.6,1,0.939
Dropout,Tourism,Male,Single,Daytime,Yes,Yes,No,Yes,No,21,21-24,106.0,106.0,6,4,10.5,6,1,11.0,0.167,1,0.921
Graduate,Journalism & Communication,Male,Single,Daytime,Yes,Yes,Yes,Yes,No,19,17-20,120.3,121.0,6,6,13.666666666666666,6,6,13.333333333333334,1.0,0,0.131
Graduate,Nursing,Male,Single,Daytime,Yes,Yes,No,No,No,22,21-24,130.8,150.0,7,7,14.842857142857142,8,8,15.055555555555555,1.0,0,0.018
Graduate,Social Service (evening),Male,Married,Evening,No,Yes,No,No,No,33,30-39,117.0,120.0,6,6,12.0,6,6,11.666666666666666,1.0,0,0.066
Dropout,Basic Education,Male,Single,Daytime,No,Yes,No,Yes,No,20,17-20,110.2,114.0,6,5,12.2,6,5,12.2,0.833,1,0.363
Dropout,Management (evening),Male,Single,Evening,No,Yes,No,Yes,No,35,30-39,155.7,140.0,1,0,0.0,5,0,0.0,0.0,1,0.996
Dropout,Agronomy,Male,Single,Daytime,No,Yes,Yes,No,No,24,21-24,180.4,160.0,12,6,12.166666666666666,12,10,13.3,0.833,1,0.938
Enrolled,Tourism,Male,Single,Daytime,No,Yes,No,No,No,18,17-20,125.5,120.0,5,5,12.0,5,3,11.333333333333334,0.6,0,0.42
Graduate,Social Service (evening),Female,Married,Evening,No,Yes,No,Yes,No,33,30-39,110.0,130.0,6,6,11.0,6,5,11.0,0.833,0,0.134
Graduate,Nursing,Female,Single,Daytime,Yes,Yes,No,Yes,No,22,21-24,161.0,160.0,8,7,13.08,8,7,13.08,0.875,0,0.041
Graduate,Advertising & Marketing,Female,Single,Daytime,Yes,Yes,No,No,No,25,25-29,100.0,120.0,5,4,10.5,5,5,11.6,1.0,0,0.08
Graduate,Communication Design,Male,Single,Daytime,No,Yes,No,Yes,No,20,17-20,117.6,124.0,6,6,10.666666666666666,6,5,11.2,0.833,0,0.104
Enrolled,Management,Male,Single,Daytime,No,Yes,No,Yes,No,23,21-24,128.7,143.0,5,4,14.0,5,5,13.8,1.0,0,0.266
Enrolled,Informatics Engineering,Male,Single,Daytime,No,Yes,Yes,Yes,No,18,17-20,112.2,115.0,5,2,10.0,5,0,0.0,0.0,0,0.999
Dropout,Nursing,Male,Single,Daytime,No,Yes,No,No,No,24,21-24,100.8,133.1,7,0,0.0,7,0,0.0,0.0,1,1.0
Graduate,Journalism & Communication,Female,Single,Daytime,No,No,No,Yes,Yes,21,21-24,105.0,133.1,6,6,14.0,6,6,13.5,1.0,0,0.246
Dropout,Equinculture,Female,Single,Daytime,No,Yes,No,No,Yes,26,25-29,100.0,133.1,6,2,12.0,6,0,0.0,0.0,1,0.993
Dropout,Basic Education,Female,Married,Daytime,No,Yes,No,No,No,39,30-39,115.5,133.1,6,3,12.666666666666666,6,0,0.0,0.0,1,0.997
Graduate,Social Service (evening),Female,Married,Evening,No,Yes,No,No,No,44,40+,114.0,133.1,8,8,11.875,6,6,12.333333333333334,1.0,0,0.052
Enrolled,Informatics Engineering,Male,Single,Daytime,No,Yes,No,Yes,Yes,19,17-20,137.0,130.0,5,5,14.0,5,3,13.25,0.6,0,0.222
Graduate,Journalism & Communication,Female,Single,Daytime,No,Yes,No,Yes,No,18,17-20,124.9,135.0,6,6,13.666666666666666,6,6,13.333333333333334,1.0,0,0.077
Graduate,Nursing,Female,Single,Daytime,Yes,Yes,No,Yes,No,18,17-20,120.3,132.0,7,7,13.75,8,8,14.47777777777778,1.0,0,0.013
Enrolled,Veterinary Nursing,Female,Single,Daytime,No,Yes,No,Yes,No,19,17-20,134.3,135.0,5,5,14.2,5,5,13.8,1.0,0,0.052
Dropout,Nursing,Female,Single,Daytime,No,No,Yes,Yes,No,19,17-20,111.5,115.0,7,4,11.96,7,0,0.0,0.0,1,1.0
Dropout,Veterinary Nursing,Female,Single,Daytime,No,Yes,No,No,No,21,21-24,128.8,130.0,10,8,12.875,9,5,13.4,0.556,1,0.665
Graduate,Animation & Multimedia Design,Female,Single,Daytime,No,Yes,No,Yes,No,20,17-20,110.0,133.1,0,0,0.0,0,0,0.0,,0,0.59
Dropout,Social Service (evening),Female,Married,Evening,No,Yes,No,Yes,No,36,30-39,113.5,130.0,6,0,0.0,6,0,0.0,0.0,1,0.998
Graduate,Agronomy,Female,Divorced,Daytime,No,Yes,No,No,No,43,40+,160.0,133.1,18,18,14.63157894736842,13,13,14.23076923076923,1.0,0,0.005
Dropout,Basic Education,Female,Single,Daytime,No,Yes,No,Yes,No,19,17-20,117.4,123.0,6,0,0.0,6,0,0.0,0.0,1,0.999
Graduate,Communication Design,Female,Single,Daytime,No,Yes,Yes,No,No,20,17-20,122.2,130.0,10,10,13.0,11,11,12.272727272727272,1.0,0,0.07
Dropout,Social Service,Female,Single,Daytime,No,Yes,No,Yes,No,19,17-20,118.2,122.0,6,0,0.0,6,0,0.0,0.0,1,0.999
Dropout,Veterinary Nursing,Female,Single,Daytime,No,Yes,No,Yes,No,20,17-20,106.7,113.0,6,4,14.2,6,4,13.25,0.667,1,0.687
Dropout,Nursing,Female,Single,Daytime,No,Yes,No,Yes,No,20,17-20,108.2,111.0,7,6,13.266666666666666,7,5,12.3,0.714,1,0.486
Enrolled,Basic Education,Female,Single,Daytime,No,Yes,No,Yes,No,20,17-20,107.0,133.1,7,6,11.666666666666666,7,3,13.0,0.429,0,0.804
Graduate,Social Service,Female,Single,Daytime,No,Yes,No,Yes,No,18,17-20,136.1,142.0,6,6,13.857142857142858,6,6,15.0,1.0,0,0.05
Enrolled,Management,Female,Single,Daytime,Yes,Yes,No,Yes,No,18,17-20,115.3,123.0,5,3,13.0,5,3,11.0,0.6,0,0.561
Graduate,Veterinary Nursing,Female,Single,Daytime,No,Yes,No,Yes,No,19,17-20,139.8,131.0,5,5,13.4,5,5,12.8,1.0,0,0.088
Graduate,Journalism & Communication,Female,Single,Daytime,No,Yes,No,Yes,No,18,17-20,157.0,158.0,6,6,12.666666666666666,6,6,12.571428571428571,1.0,0,0.048
Dropout,Nursing,Female,Single,Daytime,No,Yes,No,Yes,No,18,17-20,131.0,122.0,7,6,12.516666666666666,7,6,12.516666666666666,0.857,1,0.057
Enrolled,Nursing,Female,Single,Daytime,No,Yes,No,No,No,20,17-20,100.0,130.0,7,6,11.616666666666667,7,7,13.0,1.0,0,0.062
Enrolled,Social Service,Female,Single,Daytime,Yes,Yes,No,Yes,No,20,17-20,140.4,154.0,6,2,10.0,6,4,10.75,0.667,0,0.64
Enrolled,Management,Female,Single,Daytime,No,Yes,No,No,No,20,17-20,113.4,120.0,5,3,10.333333333333334,5,3,10.666666666666666,0.6,0,0.716
Graduate,Veterinary Nursing,Female,Single,Daytime,No,Yes,No,No,No,18,17-20,137.0,140.0,5,5,13.142857142857142,5,5,11.4,1.0,0,0.038
Graduate,Management,Female,Single,Daytime,No,Yes,No,No,No,18,17-20,121.8,127.0,5,5,12.6,5,5,14.0,1.0,0,0.051
Dropout,Tourism,Female,Single,Daytime,No,Yes,No,Yes,No,21,21-24,131.0,133.1,6,3,11.0,6,2,11.0,0.333,1,0.942
Graduate,Management,Female,Single,Daytime,No,Yes,No,Yes,No,19,17-20,118.6,120.0,5,5,10.8,5,4,11.25,0.8,0,0.206
Dropout,Animation & Multimedia Design,Female,Single,Daytime,No,Yes,No,No,No,19,17-20,122.3,137.0,0,0,0.0,0,0,0.0,,1,0.354
Graduate,Advertising & Marketing,Female,Single,Daytime,Yes,Yes,No,No,No,19,17-20,127.9,131.0,5,5,12.8,5,5,14.2,1.0,0,0.021
Graduate,Veterinary Nursing,Female,Single,Daytime,No,Yes,No,Yes,No,19,17-20,121.3,130.0,6,6,14.166666666666666,6,6,12.2,1.0,0,0.084
Dropout,Oral Hygiene,Female,Single,Daytime,No,Yes,No,Yes,No,19,17-20,117.1,122.0,7,5,12.1,7,0,0.0,0.0,1,0.998
Graduate,Veterinary Nursing,Female,Single,Daytime,No,Yes,No,Yes,No,20,17-20,160.0,160.0,6,6,14.166666666666666,6,5,13.77777777777778,0.833,0,0.125
Enrolled,Basic Education,Female,Single,Daytime,Yes,Yes,No,Yes,No,18,17-20,145.3,146.0,6,5,12.8,6,5,13.4,0.833,0,0.072
Graduate,Social Service,Female,Single,Daytime,No,Yes,No,Yes,No,18,17-20,122.6,131.0,6,6,13.0,6,6,13.666666666666666,1.0,0,0.051
Graduate,Nursing,Female,Single,Daytime,No,Yes,No,Yes,No,19,17-20,128.0,132.0,7,7,13.467142857142855,8,8,15.011111111111113,1.0,0,0.023
Dropout,Nursing,Female,Single,Daytime,Yes,Yes,No,Yes,No,18,17-20,124.9,138.0,7,7,13.2375,8,7,13.742857142857144,0.875,1,0.036
Graduate,Communication Design,Female,Single,Daytime,No,Yes,No,Yes,No,18,17-20,123.7,130.0,6,6,12.333333333333334,6,6,13.0,1.0,0,0.037
Graduate,Management,Female,Single,Daytime,No,Yes,No,Yes,No,19,17-20,120.1,126.0,5,5,12.4,5,5,14.6,1.0,0,0.073
Dropout,Nursing,Female,Single,Daytime,No,Yes,No,Yes,No,19,17-20,131.7,148.0,7,5,14.0,7,0,0.0,0.0,1,0.998
Graduate,Social Service,Female,Single,Daytime,No,Yes,No,No,No,20,17-20,133.2,130.0,9,9,11.666666666666666,7,7,11.714285714285714,1.0,0,0.041
Dropout,Advertising & Marketing,Female,Single,Daytime,Yes,No,Yes,No,No,19,17-20,109.3,117.0,6,5,12.0,6,4,12.5,0.667,1,0.884
Graduate,Advertising & Marketing,Female,Single,Daytime,No,Yes,No,Yes,No,20,17-20,113.0,120.0,5,4,12.2,5,4,11.5,0.8,0,0.328
Graduate,Journalism & Communication,Female,Single,Daytime,Yes,Yes,Yes,No,No,18,17-20,157.9,153.0,6,6,14.833333333333334,6,6,14.833333333333334,1.0,0,0.025
Enrolled,Nursing,Female,Single,Daytime,Yes,Yes,No,No,No,20,17-20,112.1,117.0,7,5,13.188,8,7,12.892857142857142,0.875,0,0.089
Graduate,Nursing,Female,Single,Daytime,No,Yes,No,No,No,18,17-20,174.7,178.0,7,7,17.125,8,8,17.5875,1.0,0,0.018
Graduate,Nursing,Female,Single,Daytime,No,Yes,No,Yes,No,19,17-20,128.8,129.0,7,6,12.666666666666666,7,6,12.666666666666666,0.857,0,0.098
Graduate,Journalism & Communication,Female,Single,Daytime,Yes,Yes,No,Yes,No,19,17-20,110.1,116.0,6,6,12.666666666666666,6,5,12.0,0.833,0,0.131
Enrolled,Management,Female,Single,Daytime,No,No,Yes,Yes,No,22,21-24,99.7,99.0,5,0,0.0,5,0,0.0,0.0,0,1.0
Graduate,Social Service,Female,Single,Daytime,Yes,Yes,No,Yes,No,19,17-20,121.0,135.0,6,6,11.333333333333334,6,6,11.5,1.0,0,0.034
Graduate,Nursing,Female,Single,Daytime,Yes,Yes,No,Yes,No,19,17-20,131.7,141.0,7,7,13.605,8,8,12.33125,1.0,0,0.017
Graduate,Basic Education,Female,Single,Daytime,Yes,Yes,No,Yes,No,19,17-20,119.1,132.0,6,5,12.0,6,5,10.8,0.833,0,0.159
Dropout,Tourism,Female,Single,Daytime,No,Yes,No,Yes,No,19,17-20,124.7,132.0,5,0,0.0,5,0,0.0,0.0,1,0.997
Dropout,Tourism,Female,Single,Daytime,No,Yes,No,Yes,No,20,17-20,117.2,113.0,6,5,11.2,6,3,11.666666666666666,0.5,1,0.522
Graduate,Management,Female,Single,Daytime,No,Yes,No,No,No,18,17-20,128.8,134.0,5,5,13.375,5,5,14.166666666666666,1.0,0,0.079
Graduate,Nursing,Female,Single,Daytime,Yes,Yes,No,No,No,20,17-20,131.5,136.0,7,6,13.863333333333337,8,7,14.178571428571429,0.875,0,0.031
Enrolled,Animation & Multimedia Design,Female,Single,Daytime,No,Yes,No,Yes,No,18,17-20,121.7,136.0,0,0,0.0,0,0,0.0,,0,0.349
Graduate,Veterinary Nursing,Female,Single,Daytime,No,Yes,No,No,No,19,17-20,123.4,129.0,5,5,12.4,5,5,13.4,1.0,0,0.035
Enrolled,Basic Education,Female,Single,Daytime,No,Yes,No,Yes,No,18,17-20,124.7,138.0,6,3,12.333333333333334,6,5,10.833333333333334,0.833,0,0.54
Graduate,Basic Education,Female,Single,Daytime,No,Yes,No,Yes,No,18,17-20,132.8,137.0,6,6,13.333333333333334,6,5,11.8,0.833,0,0.107
Dropout,Basic Education,Female,Single,Daytime,No,Yes,No,Yes,No,21,21-24,108.7,115.0,6,3,12.666666666666666,6,3,10.0,0.5,1,0.899
Dropout,Basic Education,Female,Single,Daytime,No,Yes,No,No,No,19,17-20,138.1,129.0,6,6,12.0,6,4,11.5,0.667,1,0.165
Graduate,Management,Female,Single,Daytime,Yes,Yes,No,No,No,18,17-20,126.5,131.0,5,5,10.6,5,5,11.8,1.0,0,0.031
Graduate,Social Service,Female,Single,Daytime,Yes,Yes,No,Yes,No,18,17-20,127.4,133.0,6,6,12.25,6,6,11.857142857142858,1.0,0,0.025
Graduate,Social Service,Female,Single,Daytime,No,Yes,No,Yes,No,20,17-20,123.6,125.0,6,4,11.0,6,6,11.833333333333334,1.0,0,0.187
Graduate,Social Service (evening),Female,Single,Evening,Yes,Yes,No,No,No,24,21-24,122.0,120.0,6,5,11.0,6,5,12.6,0.833,0,0.083
Dropout,Advertising & Marketing,Female,Single,Daytime,No,Yes,No,No,No,19,17-20,118.2,128.0,6,6,13.166666666666666,6,6,13.0,1.0,1,0.05
Graduate,Nursing,Female,Single,Daytime,Yes,Yes,No,Yes,No,18,17-20,123.9,127.0,7,7,12.855555555555554,8,7,12.761111111111113,0.875,0,0.028
Graduate,Nursing,Female,Single,Daytime,No,Yes,No,Yes,No,18,17-20,125.8,134.0,7,7,14.91875,8,8,15.355,1.0,0,0.022
Dropout,Basic Education,Female,Single,Daytime,No,Yes,No,Yes,No,21,21-24,123.3,132.0,6,4,11.5,6,3,11.0,0.5,1,0.858
Graduate,Advertising & Marketing,Female,Single,Daytime,No,Yes,No,No,No,19,17-20,124.4,124.0,5,5,14.2,5,5,14.2,1.0,0,0.049
Graduate,Journalism & Communication,Female,Single,Daytime,Yes,Yes,No,No,No,19,17-20,126.0,133.1,6,6,12.5,6,6,13.0,1.0,0,0.019
Enrolled,Agronomy,Female,Widower,Daytime,No,Yes,Yes,No,No,47,40+,170.0,170.0,1,0,0.0,6,0,0.0,0.0,0,0.998
Graduate,Social Service,Female,Single,Daytime,No,Yes,No,No,No,19,17-20,121.5,125.0,6,5,11.666666666666666,6,4,11.0,0.667,0,0.465
Graduate,Nursing,Female,Single,Daytime,No,Yes,No,No,No,29,25-29,130.0,130.0,8,7,14.257142857142856,8,7,14.257142857142856,0.875,0,0.1
Dropout,Social Service,Female,Single,Daytime,No,Yes,No,Yes,No,21,21-24,117.0,125.0,6,3,12.0,6,2,11.333333333333334,0.333,1,0.971
Enrolled,Veterinary Nursing,Female,Single,Daytime,No,Yes,No,Yes,No,28,25-29,130.0,130.0,5,4,11.25,5,4,10.5,0.8,0,0.471
Graduate,Oral Hygiene,Female,Single,Daytime,No,Yes,No,No,No,20,17-20,108.0,133.1,7,7,12.457142857142856,8,8,13.5625,1.0,0,0.02
Graduate,Nursing,Female,Single,Daytime,No,Yes,No,Yes,No,19,17-20,132.3,131.0,7,6,11.683333333333332,7,6,11.683333333333332,0.857,0,0.086
Graduate,Social Service (evening),Female,Single,Evening,No,Yes,No,No,No,26,25-29,148.0,150.0,6,3,11.666666666666666,6,5,12.0,0.833,0,0.415
Dropout,Tourism,Female,Single,Daytime,No,No,Yes,Yes,No,20,17-20,122.6,125.0,6,4,11.75,6,6,13.166666666666666,1.0,1,0.88
Enrolled,Advertising & Marketing,Female,Single,Daytime,Yes,Yes,No,Yes,No,18,17-20,123.0,131.0,5,3,11.666666666666666,5,4,13.5,0.8,0,0.196
Graduate,Basic Education,Female,Single,Daytime,No,Yes,No,No,No,27,25-29,102.5,130.0,6,5,13.2,6,5,12.0,0.833,0,0.254
Dropout,Nursing,Female,Single,Daytime,No,Yes,No,Yes,No,20,17-20,113.3,123.0,7,4,11.95,7,4,11.95,0.571,1,0.57
Dropout,Basic Education,Female,Single,Daytime,No,Yes,No,Yes,No,18,17-20,133.0,141.0,6,5,12.4,6,5,10.4,0.833,1,0.298
Dropout,Nursing,Female,Single,Daytime,No,Yes,No,No,No,33,30-39,140.0,140.0,7,6,14.35,8,6,14.583333333333334,0.75,1,0.426
Graduate,Basic Education,Female,Single,Daytime,No,Yes,No,Yes,No,35,30-39,128.3,140.0,21,21,12.61904761904762,19,19,12.789473684210526,1.0,0,0.011
Enrolled,Management (evening),Female,Single,Evening,Yes,Yes,No,No,No,26,25-29,140.0,140.0,6,6,12.666666666666666,6,6,13.166666666666666,1.0,0,0.018
Dropout,Journalism & Communication,Female,Single,Daytime,No,No,Yes,No,No,27,25-29,104.0,133.1,6,5,12.0,6,0,0.0,0.0,1,1.0
Dropout,Communication Design,Female,Single,Daytime,No,No,No,Yes,No,19,17-20,122.3,131.0,6,6,12.166666666666666,6,0,0.0,0.0,1,0.998
Dropout,Tourism,Female,Single,Daytime,No,Yes,No,No,No,20,17-20,135.0,143.0,6,0,0.0,6,0,0.0,0.0,1,0.998
Dropout,Management,Female,Single,Daytime,No,No,Yes,Yes,No,20,17-20,119.1,132.0,5,3,10.0,5,3,10.571428571428571,0.6,1,0.992
Enrolled,Social Service,Female,Single,Daytime,No,No,Yes,No,No,21,21-24,126.6,143.0,10,8,11.5,6,4,10.0,0.667,0,0.971
Graduate,Nursing,Female,Single,Daytime,Yes,Yes,No,Yes,No,18,17-20,129.0,141.0,7,6,13.05,7,6,13.05,0.857,0,0.066
Dropout,Veterinary Nursing,Female,Single,Daytime,No,Yes,No,Yes,No,24,21-24,162.3,133.1,6,2,11.0,6,0,0.0,0.0,1,0.998
Graduate,Communication Design,Female,Single,Daytime,No,Yes,No,Yes,No,20,17-20,163.4,148.0,6,6,11.5,6,6,12.0,1.0,0,0.084
Graduate,Tourism,Female,Single,Daytime,Yes,Yes,No,No,No,21,21-24,121.5,125.0,6,6,12.0,6,6,12.5,1.0,0,0.02
Enrolled,Social Service (evening),Female,Single,Evening,No,Yes,No,No,No,23,21-24,122.8,120.0,6,2,10.0,5,1,10.0,0.2,0,0.937
Dropout,Management,Female,Single,Daytime,No,Yes,No,Yes,No,24,21-24,118.0,140.0,5,0,0.0,5,0,0.0,0.0,1,0.998
Dropout,Basic Education,Female,Single,Daytime,No,Yes,No,No,No,21,21-24,134.0,139.0,6,0,0.0,6,0,0.0,0.0,1,0.999
Graduate,Nursing,Female,Single,Daytime,No,Yes,No,Yes,No,18,17-20,129.8,142.0,8,7,12.242857142857144,8,7,12.242857142857144,0.875,0,0.07
Dropout,Management (evening),Female,Single,Evening,No,Yes,No,Yes,No,27,25-29,152.0,130.0,5,0,0.0,5,0,0.0,0.0,1,0.995
Graduate,Nursing,Female,Single,Daytime,No,Yes,No,Yes,No,18,17-20,122.8,126.0,8,8,12.93375,8,8,12.93375,1.0,0,0.017
Dropout,Informatics Engineering,Female,Single,Daytime,No,Yes,No,No,No,35,30-39,150.0,150.0,5,0,0.0,5,0,0.0,0.0,1,0.997
Graduate,Basic Education,Female,Single,Daytime,No,Yes,No,No,No,18,17-20,131.8,130.0,7,7,12.571428571428571,7,7,14.428571428571429,1.0,0,0.02
Enrolled,Nursing,Female,Single,Daytime,No,Yes,No,No,No,35,30-39,105.9,120.0,3,3,11.816666666666668,3,3,11.333333333333334,1.0,0,0.158
Graduate,Veterinary Nursing,Female,Single,Daytime,No,Yes,No,Yes,No,19,17-20,132.1,138.0,5,4,13.75,5,4,14.333333333333334,0.8,0,0.26
Graduate,Social Service,Female,Single,Daytime,No,Yes,No,Yes,No,20,17-20,127.4,127.0,6,6,11.166666666666666,6,6,11.333333333333334,1.0,0,0.05
Graduate,Nursing,Female,Single,Daytime,No,Yes,No,Yes,No,18,17-20,129.5,140.0,8,7,12.324285714285711,8,7,12.324285714285711,0.875,0,0.079
Graduate,Social Service,Female,Single,Daytime,No,Yes,Yes,No,No,21,21-24,126.7,130.0,6,6,12.166666666666666,6,6,11.714285714285714,1.0,0,0.205
Graduate,Social Service,Female,Single,Daytime,Yes,Yes,No,No,No,18,17-20,116.5,128.0,6,5,11.142857142857142,6,4,11.25,0.667,0,0.252
Graduate,Social Service,Female,Single,Daytime,No,Yes,No,Yes,No,18,17-20,119.1,132.0,6,4,11.0,6,4,10.75,0.667,0,0.502
Graduate,Nursing,Female,Single,Daytime,No,Yes,No,Yes,No,18,17-20,126.5,149.0,8,7,12.914285714285713,8,7,12.914285714285713,0.875,0,0.059
Graduate,Journalism & Communication,Female,Single,Daytime,Yes,Yes,No,Yes,No,18,17-20,149.8,155.0,6,6,13.833333333333334,6,6,14.166666666666666,1.0,0,0.035
Graduate,Veterinary Nursing,Female,Single,Daytime,No,Yes,No,Yes,No,19,17-20,115.1,120.0,6,6,13.857142857142858,6,5,13.4,0.833,0,0.173
Dropout,Tourism,Female,Single,Daytime,Yes,Yes,No,No,No,36,30-39,124.5,133.1,6,6,13.714285714285714,6,5,12.8,0.833,1,0.08
Graduate,Nursing,Female,Single,Daytime,Yes,Yes,No,Yes,No,18,17-20,128.3,131.0,8,7,12.642857142857142,8,7,12.642857142857142,0.875,0,0.042
Graduate,Nursing,Female,Single,Daytime,Yes,Yes,No,No,No,18,17-20,136.0,149.0,7,6,12.916666666666666,7,6,12.916666666666666,0.857,0,0.028
Graduate,Equinculture,Female,Single,Daytime,Yes,Yes,No,Yes,No,20,17-20,140.0,140.0,6,6,15.625,6,6,15.857142857142858,1.0,0,0.037
Dropout,Management (evening),Female,Single,Evening,Yes,Yes,No,No,No,26,25-29,126.3,133.1,5,0,0.0,5,0,0.0,0.0,1,0.996
Graduate,Journalism & Communication,Female,Single,Daytime,No,Yes,No,No,No,21,21-24,126.9,122.0,6,6,11.714285714285714,6,6,12.0,1.0,0,0.047
Enrolled,Oral Hygiene,Female,Single,Daytime,No,Yes,No,No,No,25,25-29,145.0,130.0,7,6,12.125,8,8,13.3125,1.0,0,0.022
Graduate,Management,Female,Single,Daytime,Yes,Yes,No,Yes,No,19,17-20,115.8,121.0,5,5,11.6,5,5,11.6,1.0,0,0.074
Dropout,Social Service (evening),Female,Single,Evening,No,Yes,No,Yes,No,24,21-24,100.0,120.0,6,1,10.0,6,0,0.0,0.0,1,0.995
Dropout,Social Service (evening),Female,Single,Evening,Yes,Yes,No,No,No,27,25-29,102.5,133.1,6,1,10.0,6,0,0.0,0.0,1,0.998
Dropout,Veterinary Nursing,Female,Single,Daytime,No,Yes,No,No,No,21,21-24,131.5,121.0,5,0,0.0,5,2,13.5,0.4,1,0.818
Graduate,Management,Female,Single,Daytime,Yes,Yes,No,No,No,18,17-20,147.0,133.0,5,4,13.0,5,3,12.333333333333334,0.6,0,0.209
Graduate,Basic Education,Female,Married,Daytime,Yes,Yes,No,No,No,19,17-20,122.5,134.0,6,6,13.333333333333334,6,6,14.5,1.0,0,0.024
Dropout,Tourism,Female,Single,Daytime,No,Yes,No,Yes,No,18,17-20,117.5,115.0,6,4,11.25,6,2,12.5,0.333,1,0.864
Graduate,Nursing,Female,Single,Daytime,Yes,Yes,No,No,No,19,17-20,150.0,127.0,7,5,13.85,8,7,12.19285714285714,0.875,0,0.113
Graduate,Nursing,Female,Single,Daytime,Yes,Yes,No,Yes,No,19,17-20,127.5,135.0,7,6,13.741666666666667,8,7,14.9125,0.875,0,0.05
Graduate,Management (evening),Female,Married,Evening,No,Yes,No,No,No,33,30-39,140.0,140.0,6,6,15.333333333333334,5,5,15.8,1.0,0,0.043
Graduate,Management,Female,Married,Daytime,No,Yes,No,No,No,45,40+,130.0,130.0,5,5,11.0,5,5,13.8,1.0,0,0.1
Graduate,Social Service,Female,Single,Daytime,Yes,Yes,No,No,No,20,17-20,133.3,135.0,6,6,12.0,6,6,12.857142857142858,1.0,0,0.019
Dropout,Advertising & Marketing,Female,Single,Daytime,No,Yes,No,Yes,No,28,25-29,97.0,140.0,5,0,0.0,5,0,0.0,0.0,1,0.998
Graduate,Nursing,Female,Single,Daytime,Yes,Yes,No,Yes,No,19,17-20,112.0,120.0,8,7,11.571428571428571,8,7,11.571428571428571,0.875,0,0.073
Graduate,Tourism,Female,Single,Daytime,No,Yes,No,Yes,No,18,17-20,123.6,140.0,6,6,12.857142857142858,6,3,12.666666666666666,0.5,0,0.387
Dropout,Tourism,Female,Single,Daytime,No,Yes,No,No,No,38,30-39,130.5,133.1,6,0,0.0,6,0,0.0,0.0,1,0.999
Graduate,Advertising & Marketing,Female,Single,Daytime,No,Yes,No,No,No,19,17-20,133.3,135.0,5,5,13.0,5,5,13.2,1.0,0,0.057
Graduate,Tourism,Female,Single,Daytime,Yes,Yes,No,No,No,21,21-24,132.1,123.0,6,5,11.0,6,5,12.0,0.833,0,0.068
Dropout,Management,Female,Single,Daytime,No,Yes,No,No,No,21,21-24,100.0,133.1,5,3,12.0,5,1,15.0,0.2,1,0.877
Graduate,Social Service,Female,Single,Daytime,Yes,Yes,No,No,No,22,21-24,140.4,154.0,6,5,12.6,6,6,13.0,1.0,0,0.031
Graduate,Basic Education,Female,Single,Daytime,Yes,Yes,No,No,No,18,17-20,141.7,148.0,6,5,13.4,6,6,13.166666666666666,1.0,0,0.03
Graduate,Social Service,Female,Single,Daytime,Yes,Yes,No,No,No,18,17-20,119.7,133.0,6,6,11.333333333333334,6,6,11.571428571428571,1.0,0,0.042
Dropout,Equinculture,Female,Single,Daytime,No,No,No,Yes,No,25,25-29,122.5,126.0,5,4,13.5,5,4,14.25,0.8,1,0.781
Dropout,Veterinary Nursing,Female,Single,Daytime,No,No,Yes,No,No,24,21-24,140.0,133.1,6,3,11.75,6,3,10.333333333333334,0.5,1,0.998
Enrolled,Nursing,Female,Single,Daytime,No,Yes,No,Yes,No,19,17-20,119.4,125.0,7,6,12.471428571428572,7,7,11.4625,1.0,0,0.095
Enrolled,Animation & Multimedia Design,Female,Single,Daytime,No,Yes,No,Yes,No,24,21-24,155.0,145.0,17,11,12.909090909090908,13,9,13.555555555555555,0.692,0,0.71
Graduate,Management,Female,Single,Daytime,Yes,Yes,No,Yes,No,20,17-20,119.1,118.0,5,5,11.6,5,5,13.6,1.0,0,0.05
Dropout,Management,Female,Single,Daytime,No,No,No,No,No,25,25-29,122.7,120.0,5,0,0.0,5,0,0.0,0.0,1,1.0
Graduate,Management,Female,Single,Daytime,Yes,Yes,No,No,No,20,17-20,117.9,127.0,10,9,12.9,10,10,12.363636363636363,1.0,0,0.019
Graduate,Nursing,Female,Single,Daytime,No,Yes,No,No,No,23,21-24,130.0,130.0,8,8,13.22,8,8,13.22,1.0,0,0.009
Graduate,Nursing,Female,Single,Daytime,Yes,Yes,No,Yes,No,19,17-20,120.0,129.0,8,7,13.151428571428571,8,7,13.151428571428571,0.875,0,0.036
Dropout,Agronomy,Female,Single,Daytime,No,No,Yes,No,No,29,25-29,130.0,130.0,6,3,12.75,6,3,11.333333333333334,0.5,1,0.993
Graduate,Tourism,Female,Single,Daytime,No,Yes,No,Yes,No,21,21-24,116.8,121.0,6,6,11.333333333333334,6,4,12.25,0.667,0,0.259
Graduate,Advertising & Marketing,Female,Single,Daytime,Yes,Yes,No,Yes,No,18,17-20,123.4,136.0,6,6,13.25,6,5,14.142857142857142,0.833,0,0.085
Enrolled,Communication Design,Female,Single,Daytime,No,Yes,No,Yes,No,19,17-20,125.4,125.0,6,5,12.4,6,5,12.4,0.833,0,0.148
Dropout,Journalism & Communication,Female,Single,Daytime,Yes,Yes,No,Yes,No,18,17-20,127.2,131.0,6,6,15.0,6,6,12.833333333333334,1.0,1,0.03
Graduate,Veterinary Nursing,Female,Single,Daytime,No,Yes,No,No,No,19,17-20,103.4,122.0,5,5,14.4,5,5,13.0,1.0,0,0.025
Enrolled,Journalism & Communication,Female,Single,Daytime,No,Yes,No,Yes,No,18,17-20,123.2,127.0,6,1,11.0,6,0,0.0,0.0,0,0.999
Graduate,Management,Female,Single,Daytime,No,Yes,No,No,No,18,17-20,124.1,136.0,5,5,12.4,5,5,10.8,1.0,0,0.094
Dropout,Oral Hygiene,Female,Married,Daytime,Yes,No,Yes,Yes,No,37,30-39,99.5,133.1,7,1,16.0,7,0,0.0,0.0,1,1.0
Graduate,Management (evening),Female,Single,Evening,No,Yes,No,No,No,29,25-29,124.9,127.0,5,5,13.571428571428571,5,5,12.333333333333334,1.0,0,0.048
Enrolled,Communication Design,Female,Single,Daytime,No,Yes,No,No,No,18,17-20,110.8,116.0,6,6,11.833333333333334,6,6,12.5,1.0,0,0.027
Graduate,Social Service,Female,Single,Daytime,Yes,Yes,No,Yes,No,19,17-20,118.9,121.0,6,5,11.666666666666666,6,5,12.666666666666666,0.833,0,0.129
Dropout,Social Service,Female,Single,Daytime,No,No,Yes,Yes,No,22,21-24,118.8,124.0,10,6,11.833333333333334,7,2,13.0,0.286,1,1.0
Graduate,Tourism,Female,Single,Daytime,Yes,Yes,No,No,No,20,17-20,137.0,131.0,6,6,11.166666666666666,6,5,10.6,0.833,0,0.053
Dropout,Social Service (evening),Female,Single,Evening,No,Yes,No,No,No,34,30-39,100.0,100.0,6,0,0.0,6,0,0.0,0.0,1,0.997
Dropout,Informatics Engineering,Female,Single,Daytime,No,No,Yes,No,No,30,30-39,120.0,130.0,12,8,11.75,12,6,12.166666666666666,0.5,1,0.999
Graduate,Social Service,Female,Single,Daytime,No,Yes,No,No,No,18,17-20,122.8,135.0,6,6,14.0,6,6,14.0,1.0,0,0.038
Graduate,Social Service,Female,Single,Daytime,No,Yes,No,No,No,18,17-20,121.6,130.0,6,6,12.833333333333334,6,6,12.0,1.0,0,0.048
Graduate,Journalism & Communication,Female,Single,Daytime,No,Yes,No,Yes,No,18,17-20,149.2,146.0,6,4,12.25,6,3,11.666666666666666,0.5,0,0.764
Graduate,Nursing,Female,Single,Daytime,No,Yes,No,Yes,No,18,17-20,140.0,146.0,8,7,14.828571428571427,8,7,14.828571428571427,0.875,0,0.078
Graduate,Journalism & Communication,Female,Single,Daytime,Yes,Yes,No,Yes,No,19,17-20,133.4,154.0,6,5,11.4,6,5,12.8,0.833,0,0.102
Graduate,Communication Design,Female,Single,Daytime,Yes,Yes,No,Yes,No,19,17-20,126.2,137.0,6,6,13.0,6,6,12.5,1.0,0,0.026
Graduate,Nursing,Female,Single,Daytime,Yes,Yes,No,No,No,18,17-20,127.8,151.0,8,7,13.671428571428573,8,7,13.671428571428573,0.875,0,0.027
Graduate,Agronomy,Female,Single,Daytime,Yes,Yes,No,No,No,21,21-24,150.0,150.0,6,6,12.666666666666666,6,5,12.8,0.833,0,0.031
Dropout,Management,Female,Single,Daytime,No,No,No,Yes,No,20,17-20,113.7,121.0,5,2,10.0,5,1,13.0,0.2,1,0.994
Graduate,Management,Female,Single,Daytime,No,Yes,No,Yes,No,20,17-20,117.8,122.0,5,5,13.5,5,5,12.333333333333334,1.0,0,0.162
Graduate,Nursing,Female,Single,Daytime,No,Yes,No,No,No,19,17-20,136.7,143.0,7,7,12.67,8,8,13.55,1.0,0,0.03
Graduate,Social Service,Female,Single,Daytime,No,Yes,No,No,No,20,17-20,144.7,152.0,6,6,14.5,6,6,15.428571428571429,1.0,0,0.033
Graduate,Nursing,Female,Single,Daytime,No,Yes,No,Yes,No,18,17-20,139.8,145.0,7,7,13.685714285714283,8,8,15.3875,1.0,0,0.03
Dropout,Basic Education,Female,Single,Daytime,No,Yes,No,No,No,20,17-20,113.7,120.0,6,5,11.0,6,3,10.666666666666666,0.5,1,0.625
Dropout,Equinculture,Female,Married,Daytime,No,No,Yes,No,No,29,25-29,140.0,140.0,9,7,11.555555555555555,7,5,13.2,0.714,1,0.922
Enrolled,Nursing,Female,Single,Daytime,Yes,Yes,No,No,No,18,17-20,142.3,143.0,7,7,13.79714285714286,8,8,13.775,1.0,0,0.008
Graduate,Nursing,Female,Single,Daytime,Yes,Yes,No,Yes,No,20,17-20,119.6,129.0,7,7,14.00375,8,7,13.812857142857142,0.875,0,0.033
Graduate,Management,Female,Single,Daytime,Yes,Yes,No,Yes,No,22,21-24,123.7,139.0,5,4,12.0,5,4,11.4,0.8,0,0.219
Graduate,Social Service (evening),Female,Divorced,Evening,Yes,Yes,No,Yes,No,47,40+,143.0,133.1,6,5,14.166666666666666,6,6,14.166666666666666,1.0,0,0.064
Graduate,Management (evening),Female,Married,Evening,No,Yes,No,No,No,31,30-39,100.1,127.0,5,5,14.0,5,5,13.8,1.0,0,0.115
Graduate,Communication Design,Female,Single,Daytime,Yes,Yes,No,No,No,21,21-24,119.4,126.0,6,5,13.8,6,6,12.833333333333334,1.0,0,0.042
Graduate,Social Service (evening),Female,Single,Evening,No,Yes,No,No,No,21,21-24,122.1,128.0,6,5,12.8,6,6,11.857142857142858,1.0,0,0.049
Graduate,Journalism & Communication,Female,Married,Daytime,No,Yes,No,No,No,24,21-24,100.0,100.0,6,6,12.166666666666666,6,6,13.833333333333334,1.0,0,0.027
Enrolled,Communication Design,Female,Single,Daytime,No,Yes,No,No,No,18,17-20,113.9,123.0,6,6,12.5,6,6,12.333333333333334,1.0,0,0.038
Graduate,Social Service (evening),Female,Single,Evening,No,Yes,No,No,No,32,30-39,101.0,170.0,6,4,12.0,6,4,11.5,0.667,0,0.338
Graduate,Social Service (evening),Female,Single,Evening,Yes,Yes,No,Yes,No,19,17-20,111.8,117.0,6,6,10.833333333333334,6,6,11.5,1.0,0,0.03
Graduate,Nursing,Female,Single,Daytime,No,Yes,No,Yes,No,24,21-24,140.0,140.0,8,8,13.385,8,8,13.385,1.0,0,0.021
Graduate,Veterinary Nursing,Female,Single,Daytime,No,Yes,No,Yes,No,19,17-20,124.4,123.0,6,6,15.666666666666666,6,6,14.5,1.0,0,0.087
Graduate,Agronomy,Female,Single,Daytime,Yes,Yes,Yes,No,No,19,17-20,150.0,150.0,6,6,14.333333333333334,6,6,13.833333333333334,1.0,0,0.036
Enrolled,Agronomy,Female,Single,Daytime,No,Yes,No,No,No,24,21-24,140.0,140.0,6,6,11.428571428571429,6,5,13.0,0.833,0,0.062
Graduate,Social Service,Female,Single,Daytime,Yes,Yes,No,Yes,No,18,17-20,116.0,123.0,6,6,11.666666666666666,6,6,11.666666666666666,1.0,0,0.01
Dropout,Communication Design,Female,Single,Daytime,Yes,Yes,No,Yes,No,19,17-20,135.6,130.0,6,5,12.0,6,2,11.333333333333334,0.333,1,0.633
Graduate,Nursing,Female,Married,Daytime,Yes,Yes,No,No,No,19,17-20,121.0,137.0,8,7,14.725714285714288,8,7,14.725714285714288,0.875,0,0.015
Graduate,Journalism & Communication,Female,Single,Daytime,Yes,Yes,No,Yes,No,18,17-20,118.7,126.0,6,6,14.166666666666666,6,6,13.666666666666666,1.0,0,0.03
Graduate,Social Service,Female,Single,Daytime,No,Yes,No,Yes,No,18,17-20,125.7,125.0,6,6,11.571428571428571,6,6,12.333333333333334,1.0,0,0.07
Graduate,Oral Hygiene,Female,Single,Daytime,No,Yes,No,Yes,No,20,17-20,107.1,112.0,7,7,12.5,8,8,13.1375,1.0,0,0.038
Graduate,Nursing,Female,Single,Daytime,No,Yes,No,No,No,18,17-20,125.5,141.0,8,8,12.86,8,8,12.86,1.0,0,0.003
Graduate,Advertising & Marketing,Female,Single,Daytime,No,Yes,No,Yes,No,18,17-20,127.0,135.0,6,6,12.25,6,6,13.714285714285714,1.0,0,0.066
Graduate,Veterinary Nursing,Female,Single,Daytime,Yes,Yes,No,Yes,No,21,21-24,113.5,117.0,5,4,12.0,5,5,12.2,1.0,0,0.087
Graduate,Nursing,Female,Single,Daytime,Yes,Yes,No,No,No,18,17-20,154.4,160.0,7,7,15.116666666666667,8,8,16.168888888888887,1.0,0,0.007
Dropout,Advertising & Marketing,Female,Single,Daytime,No,No,Yes,No,No,18,17-20,122.0,136.0,5,2,12.5,5,4,10.25,0.8,1,0.985
Dropout,Social Service,Female,Single,Daytime,No,Yes,No,Yes,No,19,17-20,128.0,143.0,6,0,0.0,6,0,0.0,0.0,1,0.999
Enrolled,Advertising & Marketing,Female,Single,Daytime,No,Yes,No,Yes,No,19,17-20,115.5,119.0,6,4,11.0,6,4,11.0,0.667,0,0.579
Graduate,Advertising & Marketing,Female,Single,Daytime,No,Yes,No,Yes,No,18,17-20,117.2,120.0,6,6,11.875,6,4,14.6,0.667,0,0.257
Dropout,Equinculture,Female,Single,Daytime,No,Yes,No,Yes,No,34,30-39,150.0,150.0,5,1,11.0,5,0,0.0,0.0,1,0.998
Graduate,Veterinary Nursing,Female,Single,Daytime,No,Yes,No,No,No,19,17-20,155.3,142.0,5,5,15.2,5,5,13.2,1.0,0,0.033
Dropout,Equinculture,Female,Single,Daytime,No,No,Yes,Yes,No,19,17-20,120.0,120.0,6,5,11.6,6,2,11.0,0.333,1,0.994
Graduate,Social Service,Female,Single,Daytime,No,Yes,Yes,No,No,26,25-29,116.1,160.0,6,6,14.833333333333334,6,6,15.142857142857142,1.0,0,0.167
Dropout,Basic Education,Female,Single,Daytime,No,Yes,No,Yes,No,21,21-24,118.9,133.1,6,3,11.333333333333334,6,3,11.333333333333334,0.5,1,0.862
Graduate,Management,Female,Single,Daytime,Yes,Yes,No,No,No,18,17-20,127.3,142.0,5,5,11.2,5,5,11.8,1.0,0,0.039
Graduate,Basic Education,Female,Single,Daytime,Yes,Yes,No,Yes,No,20,17-20,113.7,121.0,6,5,13.4,6,5,13.666666666666666,0.833,0,0.119
Dropout,Management,Female,Single,Daytime,No,Yes,No,No,No,25,25-29,118.5,135.0,5,2,10.5,5,0,0.0,0.0,1,0.997
Graduate,Management,Female,Single,Daytime,No,Yes,No,No,No,18,17-20,146.7,153.0,5,5,16.2,5,5,16.4,1.0,0,0.039
Graduate,Nursing,Female,Single,Daytime,Yes,Yes,No,Yes,No,18,17-20,124.3,140.0,7,7,14.542857142857144,8,8,14.88181818181818,1.0,0,0.015
Graduate,Nursing,Female,Single,Daytime,No,Yes,No,No,No,19,17-20,137.8,152.0,7,7,13.694285714285714,8,8,14.355555555555554,1.0,0,0.018
Graduate,Social Service,Female,Single,Daytime,Yes,Yes,No,No,No,18,17-20,130.2,120.0,6,6,11.285714285714286,6,6,11.857142857142858,1.0,0,0.019
Enrolled,Nursing,Female,Single,Daytime,No,Yes,No,No,No,20,17-20,147.8,160.0,7,6,11.757142857142856,8,6,13.083333333333334,0.75,0,0.171
Dropout,Veterinary Nursing,Female,Single,Daytime,No,No,Yes,No,No,26,25-29,150.0,150.0,3,0,0.0,6,0,0.0,0.0,1,1.0
Graduate,Nursing,Female,Single,Daytime,Yes,Yes,No,Yes,No,19,17-20,100.0,100.0,8,7,13.058571428571428,8,7,13.058571428571428,0.875,0,0.043
Graduate,Nursing,Female,Single,Daytime,No,Yes,No,No,No,19,17-20,155.6,150.0,7,7,14.3,8,8,14.055555555555555,1.0,0,0.021
Graduate,Management,Female,Single,Daytime,No,Yes,No,No,No,19,17-20,117.4,124.0,10,5,11.8,10,8,12.0,0.8,0,0.628
Enrolled,Veterinary Nursing,Female,Single,Daytime,No,Yes,No,Yes,No,19,17-20,128.8,141.0,5,3,10.333333333333334,5,3,13.0,0.6,0,0.498
Graduate,Tourism,Female,Single,Daytime,No,Yes,No,Yes,No,18,17-20,117.5,121.0,6,6,10.571428571428571,6,3,11.666666666666666,0.5,0,0.529
Graduate,Nursing,Female,Single,Daytime,No,Yes,No,Yes,No,19,17-20,120.4,134.0,7,6,13.333333333333334,7,6,13.333333333333334,0.857,0,0.085
Graduate,Social Service,Female,Single,Daytime,No,Yes,Yes,No,No,18,17-20,130.9,134.0,6,6,11.857142857142858,6,5,11.0,0.833,0,0.338
Enrolled,Basic Education,Female,Single,Daytime,No,Yes,No,Yes,No,18,17-20,125.0,132.0,6,5,12.6,6,5,11.4,0.833,0,0.209
Enrolled,Veterinary Nursing,Female,Single,Daytime,No,Yes,No,Yes,No,18,17-20,136.8,135.0,5,5,14.0,5,5,11.6,1.0,0,0.038
Enrolled,Basic Education,Female,Single,Daytime,No,Yes,No,Yes,No,18,17-20,121.6,123.0,7,5,12.0,7,6,12.666666666666666,0.857,0,0.194
Dropout,Informatics Engineering,Female,Single,Daytime,No,Yes,Yes,No,No,26,25-29,151.0,151.0,5,0,0.0,5,0,0.0,0.0,1,0.998
Graduate,Social Service,Female,Single,Daytime,No,Yes,No,Yes,No,20,17-20,103.5,107.0,6,6,12.0,6,6,13.0,1.0,0,0.057
Graduate,Social Service (evening),Female,Single,Evening,No,Yes,No,No,No,19,17-20,119.4,126.0,6,6,12.666666666666666,6,6,11.666666666666666,1.0,0,0.027
Graduate,Social Service,Female,Single,Daytime,Yes,Yes,No,Yes,No,18,17-20,134.4,133.0,6,6,12.166666666666666,6,6,13.666666666666666,1.0,0,0.017
Graduate,Social Service,Female,Single,Daytime,No,Yes,No,No,No,19,17-20,143.0,140.0,6,6,13.333333333333334,6,6,14.666666666666666,1.0,0,0.047
Graduate,Basic Education,Female,Single,Daytime,No,Yes,Yes,No,No,40,40+,110.0,110.0,7,7,15.0,7,7,14.571428571428571,1.0,0,0.085
Graduate,Nursing,Female,Single,Daytime,Yes,Yes,No,Yes,No,18,17-20,132.5,141.0,8,8,13.39125,8,8,13.39125,1.0,0,0.007
Graduate,Social Service,Female,Single,Daytime,No,Yes,No,No,No,19,17-20,114.7,122.0,6,5,12.166666666666666,6,6,12.428571428571429,1.0,0,0.106
Graduate,Equinculture,Female,Single,Daytime,No,Yes,No,No,No,18,17-20,166.9,156.0,5,4,11.25,5,4,12.5,0.8,0,0.181
Enrolled,Veterinary Nursing,Female,Single,Daytime,No,Yes,No,Yes,No,19,17-20,125.9,129.0,5,4,12.0,5,3,12.0,0.6,0,0.395
Dropout,Animation & Multimedia Design,Female,Single,Daytime,No,Yes,No,Yes,No,18,17-20,178.3,188.0,0,0,0.0,0,0,0.0,,1,0.46
Graduate,Social Service (evening),Female,Married,Evening,No,Yes,No,Yes,No,33,30-39,117.0,120.0,6,6,12.833333333333334,6,6,12.857142857142858,1.0,0,0.069
Graduate,Agronomy,Female,Single,Daytime,No,Yes,No,No,No,35,30-39,150.0,130.0,6,6,14.0,6,6,13.1,1.0,0,0.11
Enrolled,Management,Female,Single,Daytime,No,Yes,No,Yes,No,26,25-29,130.0,130.0,5,4,13.0,5,2,12.0,0.4,0,0.87
Graduate,Journalism & Communication,Female,Single,Daytime,No,Yes,No,Yes,No,18,17-20,135.1,140.0,6,6,13.5,6,6,12.5,1.0,0,0.052
Enrolled,Social Service,Female,Single,Daytime,No,Yes,No,No,No,36,30-39,110.0,110.0,16,13,10.692307692307692,13,9,12.307692307692308,0.692,0,0.691
Graduate,Management (evening),Female,Divorced,Evening,No,Yes,No,No,No,39,30-39,136.2,133.1,5,5,11.0,5,5,11.666666666666666,1.0,0,0.089
Graduate,Social Service,Female,Married,Daytime,No,Yes,No,No,No,44,40+,116.0,120.0,6,6,13.0,6,6,13.833333333333334,1.0,0,0.062
Enrolled,Social Service (evening),Female,Single,Evening,No,Yes,No,No,No,20,17-20,100.0,96.0,6,5,12.0,6,4,11.25,0.667,0,0.28
Dropout,Tourism,Female,Single,Daytime,No,Yes,No,Yes,No,24,21-24,116.3,117.0,6,4,12.6,6,4,11.5,0.667,1,0.587
Graduate,Journalism & Communication,Female,Single,Daytime,Yes,Yes,No,No,No,20,17-20,134.0,123.0,6,6,13.666666666666666,6,6,13.333333333333334,1.0,0,0.027
Dropout,Animation & Multimedia Design,Female,Single,Daytime,No,No,No,Yes,No,19,17-20,124.2,127.0,0,0,0.0,0,0,0.0,,1,0.894
Graduate,Nursing,Female,Married,Daytime,Yes,Yes,Yes,No,No,18,17-20,134.5,151.0,7,6,14.2,7,6,14.2,0.857,0,0.068
Dropout,Tourism,Female,Single,Daytime,No,No,Yes,No,No,22,21-24,120.7,127.0,6,5,11.0,6,0,0.0,0.0,1,1.0
Graduate,Veterinary Nursing,Female,Single,Daytime,No,Yes,No,Yes,No,18,17-20,127.1,133.0,6,6,15.0,6,6,16.428571428571427,1.0,0,0.052
Graduate,Nursing,Female,Single,Daytime,No,Yes,No,No,No,24,21-24,133.0,133.1,7,6,12.585714285714284,8,7,13.44285714285714,0.875,0,0.075
Dropout,Management (evening),Female,Single,Evening,No,Yes,No,No,No,33,30-39,128.2,133.1,5,0,0.0,5,0,0.0,0.0,1,0.993
Enrolled,Agronomy,Female,Single,Daytime,Yes,Yes,Yes,No,No,30,30-39,130.0,133.1,6,0,0.0,6,0,0.0,0.0,0,0.999
Dropout,Veterinary Nursing,Female,Single,Daytime,No,Yes,No,No,No,26,25-29,172.0,160.0,6,0,0.0,6,0,0.0,0.0,1,0.994
Graduate,Basic Education,Female,Single,Daytime,No,Yes,No,Yes,No,18,17-20,128.5,140.0,6,6,11.666666666666666,6,6,11.833333333333334,1.0,0,0.071
Dropout,Journalism & Communication,Female,Single,Daytime,No,Yes,Yes,No,No,19,17-20,128.5,146.0,6,3,12.666666666666666,6,2,10.0,0.333,1,0.98
Enrolled,Management,Female,Single,Daytime,No,Yes,No,Yes,No,20,17-20,112.0,112.0,5,3,10.333333333333334,5,4,11.0,0.8,0,0.499
Graduate,Veterinary Nursing,Female,Single,Daytime,Yes,Yes,No,Yes,No,22,21-24,142.5,140.0,11,8,13.5,9,7,13.714285714285714,0.778,0,0.269
Enrolled,Nursing,Female,Single,Daytime,No,Yes,No,Yes,No,19,17-20,133.0,136.0,7,5,13.98,7,5,13.98,0.714,0,0.329
Graduate,Veterinary Nursing,Female,Single,Daytime,Yes,Yes,No,Yes,No,21,21-24,106.0,133.1,6,6,16.153846153846153,6,6,15.75,1.0,0,0.032
Graduate,Nursing,Female,Single,Daytime,Yes,Yes,No,Yes,No,21,21-24,125.5,136.0,7,6,14.033333333333331,7,6,14.033333333333331,0.857,0,0.046
Enrolled,Veterinary Nursing,Female,Single,Daytime,No,Yes,No,No,No,19,17-20,131.2,134.0,5,1,11.0,5,5,11.2,1.0,0,0.398
Graduate,Basic Education,Female,Single,Daytime,Yes,Yes,No,Yes,No,19,17-20,112.9,122.0,7,7,13.857142857142858,7,6,13.666666666666666,0.857,0,0.011
Dropout,Nursing,Female,Single,Daytime,No,Yes,No,Yes,No,18,17-20,124.8,138.0,8,7,13.414285714285716,8,7,13.414285714285716,0.875,1,0.075
Graduate,Social Service (evening),Female,Married,Evening,No,Yes,No,No,No,50,40+,140.9,160.0,11,11,13.545454545454543,7,7,13.571428571428571,1.0,0,0.073
Enrolled,Management (evening),Female,Divorced,Evening,Yes,Yes,No,No,No,31,30-39,148.0,130.0,5,4,11.25,5,4,10.833333333333334,0.8,0,0.225
Graduate,Journalism & Communication,Female,Single,Daytime,Yes,Yes,No,No,No,19,17-20,148.4,161.0,6,6,13.833333333333334,6,6,14.428571428571429,1.0,0,0.019
Graduate,Management (evening),Female,Divorced,Evening,No,Yes,No,No,No,35,30-39,129.7,140.0,5,5,12.0,5,5,12.857142857142858,1.0,0,0.046
Dropout,Veterinary Nursing,Female,Married,Daytime,No,Yes,No,No,No,31,30-39,128.2,133.1,6,0,0.0,6,0,0.0,0.0,1,0.997
Enrolled,Social Service (evening),Female,Married,Evening,No,Yes,Yes,No,No,42,40+,104.0,133.1,11,10,11.9,11,10,12.8,0.909,0,0.165
Dropout,Management,Female,Single,Daytime,No,No,No,Yes,No,34,30-39,119.9,130.0,5,0,0.0,5,0,0.0,0.0,1,1.0
Graduate,Nursing,Female,Single,Daytime,Yes,Yes,No,Yes,No,18,17-20,141.0,152.0,7,7,15.135714285714286,8,8,15.287499999999998,1.0,0,0.012
Enrolled,Basic Education,Female,Single,Daytime,Yes,No,No,Yes,No,18,17-20,116.6,125.0,7,7,12.285714285714286,7,6,13.333333333333334,0.857,0,0.307
Enrolled,Veterinary Nursing,Female,Single,Daytime,No,Yes,No,Yes,No,21,21-24,140.0,140.0,6,5,12.666666666666666,6,2,13.5,0.333,0,0.856
Dropout,Nursing,Female,Divorced,Daytime,Yes,Yes,No,No,No,26,25-29,140.0,133.1,7,5,12.74,8,6,10.978571428571428,0.75,1,0.177
Enrolled,Nursing,Female,Single,Daytime,No,Yes,No,No,No,20,17-20,100.0,170.0,7,6,13.25,8,8,13.75,1.0,0,0.048
Enrolled,Social Service,Female,Single,Daytime,No,Yes,No,No,No,19,17-20,121.0,135.0,6,3,10.333333333333334,6,3,10.333333333333334,0.5,0,0.779
Graduate,Basic Education,Female,Single,Daytime,Yes,Yes,No,No,No,19,17-20,117.0,125.0,6,6,13.428571428571429,6,6,13.166666666666666,1.0,0,0.022
Graduate,Management,Female,Single,Daytime,No,Yes,No,No,No,20,17-20,140.2,140.0,11,9,12.555555555555555,9,8,11.11111111111111,0.889,0,0.119
Graduate,Social Service,Female,Single,Daytime,No,Yes,No,No,No,19,17-20,129.3,124.0,6,6,11.5,6,6,11.166666666666666,1.0,0,0.031
Graduate,Basic Education,Female,Single,Daytime,No,Yes,No,No,No,18,17-20,145.3,140.0,6,6,13.666666666666666,6,6,12.333333333333334,1.0,0,0.031
Graduate,Management (evening),Female,Single,Evening,No,Yes,No,No,No,28,25-29,146.2,130.0,14,11,11.272727272727272,11,10,12.0,0.909,0,0.242
Enrolled,Basic Education,Female,Single,Daytime,No,Yes,No,Yes,No,22,21-24,122.5,134.0,6,5,13.166666666666666,6,5,12.4,0.833,0,0.295
Graduate,Social Service (evening),Female,Single,Evening,Yes,Yes,No,No,No,21,21-24,156.1,160.0,6,6,14.666666666666666,6,6,14.166666666666666,1.0,0,0.021
Enrolled,Veterinary Nursing,Female,Single,Daytime,No,Yes,No,Yes,No,21,21-24,140.0,140.0,6,4,12.75,6,1,11.0,0.167,0,0.938
Enrolled,Nursing,Female,Single,Daytime,No,Yes,No,No,No,26,25-29,140.0,150.0,7,5,11.2,8,5,12.14,0.625,0,0.743
Dropout,Journalism & Communication,Female,Single,Daytime,No,No,Yes,Yes,No,18,17-20,128.4,141.0,6,5,13.0,6,5,11.4,0.833,1,0.913
Dropout,Veterinary Nursing,Female,Single,Daytime,No,No,No,No,No,20,17-20,115.0,120.0,5,2,10.5,5,2,12.333333333333334,0.4,1,0.983
Graduate,Veterinary Nursing,Female,Single,Daytime,No,Yes,No,No,No,18,17-20,158.7,166.0,6,6,14.857142857142858,6,6,14.0,1.0,0,0.038
Graduate,Nursing,Female,Single,Daytime,Yes,Yes,No,Yes,No,19,17-20,124.5,147.0,8,7,12.86,8,7,12.86,0.875,0,0.053
Graduate,Social Service,Female,Single,Daytime,No,Yes,No,Yes,No,20,17-20,111.9,121.0,11,11,11.727272727272728,11,11,12.0,1.0,0,0.028
Graduate,Veterinary Nursing,Female,Single,Daytime,Yes,Yes,No,Yes,No,22,21-24,150.0,150.0,6,6,13.142857142857142,6,3,12.0,0.5,0,0.465
Dropout,Advertising & Marketing,Female,Single,Daytime,No,Yes,Yes,Yes,No,18,17-20,114.2,124.0,6,5,11.8,6,4,13.714285714285714,0.667,1,0.688
Dropout,Management,Female,Single,Daytime,No,Yes,No,Yes,No,19,17-20,96.0,96.0,5,3,10.666666666666666,5,0,0.0,0.0,1,0.991
Enrolled,Communication Design,Female,Single,Daytime,Yes,Yes,No,No,No,18,17-20,128.9,125.0,6,5,11.6,6,4,11.2,0.667,0,0.213
Enrolled,Tourism,Female,Single,Daytime,No,Yes,No,Yes,No,20,17-20,121.7,136.0,6,3,10.333333333333334,6,3,10.333333333333334,0.5,0,0.889
Enrolled,Journalism & Communication,Female,Single,Daytime,No,Yes,No,Yes,No,19,17-20,114.8,120.0,6,4,12.25,6,3,11.0,0.5,0,0.83
Enrolled,Tourism,Female,Single,Daytime,No,Yes,No,No,No,19,17-20,127.0,128.0,6,6,12.0,6,4,12.75,0.667,0,0.159
Graduate,Nursing,Female,Single,Daytime,No,Yes,No,Yes,No,19,17-20,131.3,142.0,8,7,14.731428571428571,8,7,14.731428571428571,0.875,0,0.066
Graduate,Animation & Multimedia Design,Female,Single,Daytime,No,Yes,No,Yes,No,18,17-20,137.1,135.0,0,0,0.0,0,0,0.0,,0,0.406
Graduate,Communication Design,Female,Single,Daytime,No,Yes,No,Yes,No,21,21-24,120.0,120.0,13,13,13.615384615384617,12,12,14.25,1.0,0,0.006
Graduate,Management (evening),Female,Single,Evening,No,Yes,No,No,No,27,25-29,139.0,140.0,5,5,15.8,5,5,14.8,1.0,0,0.039
Graduate,Social Service,Female,Single,Daytime,No,Yes,No,No,No,19,17-20,129.1,135.0,6,6,14.666666666666666,6,6,14.571428571428571,1.0,0,0.037
Dropout,Veterinary Nursing,Female,Divorced,Daytime,No,Yes,No,No,No,25,25-29,128.2,133.1,5,0,0.0,5,0,0.0,0.0,1,0.993
Graduate,Nursing,Female,Single,Daytime,Yes,Yes,No,Yes,No,18,17-20,120.8,137.0,8,7,14.654285714285717,8,7,14.654285714285717,0.875,0,0.033
Graduate,Nursing,Female,Single,Daytime,No,Yes,No,No,No,24,21-24,135.8,122.0,8,7,12.401428571428571,8,7,12.401428571428571,0.875,0,0.078
Graduate,Nursing,Female,Single,Daytime,No,Yes,No,Yes,No,20,17-20,118.9,128.0,7,7,11.5875,8,7,14.071428571428571,0.875,0,0.069
Graduate,Management (evening),Female,Single,Evening,No,Yes,No,No,No,26,25-29,140.0,140.0,5,5,14.0,5,5,15.6,1.0,0,0.064
Graduate,Social Service,Female,Single,Daytime,Yes,Yes,No,Yes,No,20,17-20,127.1,132.0,6,6,12.333333333333334,6,6,11.833333333333334,1.0,0,0.022
Graduate,Veterinary Nursing,Female,Single,Daytime,No,Yes,No,No,No,18,17-20,137.0,131.0,5,5,14.0,5,5,15.4,1.0,0,0.019
Graduate,Veterinary Nursing,Female,Single,Daytime,No,Yes,No,Yes,No,19,17-20,127.4,126.0,6,6,15.23076923076923,6,6,12.375,1.0,0,0.09
Dropout,Basic Education,Female,Single,Daytime,No,Yes,No,Yes,No,23,21-24,97.0,133.1,6,5,11.6,6,3,11.0,0.5,1,0.703
Graduate,Nursing,Female,Single,Daytime,Yes,Yes,No,Yes,No,18,17-20,126.3,136.0,7,6,11.6,7,6,11.6,0.857,0,0.051
Dropout,Nursing,Female,Single,Daytime,No,Yes,No,No,No,18,17-20,127.5,140.0,7,0,0.0,8,0,0.0,0.0,1,0.999
Graduate,Nursing,Female,Single,Daytime,Yes,Yes,No,No,No,19,17-20,126.6,135.0,7,7,12.901428571428571,8,8,13.094444444444443,1.0,0,0.009
Graduate,Management (evening),Female,Single,Evening,No,Yes,No,No,No,30,30-39,120.0,160.0,7,7,14.142857142857142,5,5,14.8,1.0,0,0.118
Dropout,Veterinary Nursing,Female,Single,Daytime,No,Yes,No,Yes,No,29,25-29,140.0,140.0,6,0,0.0,6,0,0.0,0.0,1,0.998
Graduate,Nursing,Female,Single,Daytime,No,Yes,No,Yes,No,19,17-20,131.5,140.0,8,8,13.25375,8,8,13.25375,1.0,0,0.018
Graduate,Oral Hygiene,Female,Single,Daytime,No,Yes,No,Yes,No,20,17-20,112.2,115.0,7,7,13.785714285714286,8,8,14.1,1.0,0,0.041
Graduate,Nursing,Female,Single,Daytime,No,Yes,No,No,No,20,17-20,150.5,144.0,7,6,13.916666666666666,7,6,13.916666666666666,0.857,0,0.052
Graduate,Advertising & Marketing,Female,Single,Daytime,No,Yes,No,Yes,No,19,17-20,121.0,128.0,6,6,13.5,6,6,13.571428571428571,1.0,0,0.069
Enrolled,Management,Female,Single,Daytime,No,Yes,No,Yes,No,20,17-20,112.2,116.0,5,3,11.333333333333334,5,2,10.666666666666666,0.4,0,0.906
Dropout,Veterinary Nursing,Female,Widower,Daytime,No,Yes,No,Yes,No,21,21-24,129.4,135.0,5,0,0.0,5,0,0.0,0.0,1,0.98
Graduate,Advertising & Marketing,Female,Single,Daytime,No,Yes,No,No,No,19,17-20,114.4,121.0,6,5,11.5,6,4,14.6,0.667,0,0.268
Graduate,Nursing,Female,Single,Daytime,Yes,Yes,No,Yes,No,18,17-20,120.3,134.0,8,7,12.082857142857142,8,7,12.082857142857142,0.875,0,0.036
Graduate,Social Service (evening),Female,Single,Evening,Yes,Yes,No,No,No,27,25-29,120.0,120.0,6,6,11.833333333333334,6,5,12.8,0.833,0,0.052
Graduate,Management,Female,Single,Daytime,Yes,Yes,No,Yes,No,19,17-20,114.5,125.0,5,5,13.4,5,5,12.4,1.0,0,0.064
Dropout,Nursing,Female,Single,Daytime,Yes,Yes,No,No,No,19,17-20,127.8,141.0,7,0,0.0,7,0,0.0,0.0,1,0.988
Graduate,Journalism & Communication,Female,Single,Daytime,No,Yes,No,Yes,No,19,17-20,124.6,140.0,6,5,14.2,6,6,14.571428571428571,1.0,0,0.097
Graduate,Nursing,Female,Single,Daytime,Yes,Yes,No,Yes,No,18,17-20,130.3,144.0,8,7,13.814285714285717,8,7,13.814285714285717,0.875,0,0.038
Enrolled,Tourism,Female,Single,Daytime,Yes,Yes,No,No,No,20,17-20,118.2,122.0,6,4,11.25,6,6,10.5,1.0,0,0.099
Graduate,Advertising & Marketing,Female,Single,Daytime,Yes,Yes,No,No,No,18,17-20,118.8,130.0,6,6,14.5,6,6,13.666666666666666,1.0,0,0.017
Dropout,Advertising & Marketing,Female,Single,Daytime,No,Yes,No,Yes,No,19,17-20,133.0,133.1,6,0,0.0,6,0,0.0,0.0,1,0.998
Graduate,Nursing,Female,Married,Daytime,No,Yes,No,Yes,No,36,30-39,129.0,133.1,7,6,11.3,7,6,11.3,0.857,0,0.107
Enrolled,Oral Hygiene,Female,Single,Daytime,No,Yes,No,No,No,18,17-20,100.0,147.0,2,0,0.0,4,1,16.0,0.25,0,0.819
Enrolled,Equinculture,Female,Single,Daytime,No,Yes,Yes,Yes,No,18,17-20,120.7,127.0,5,1,12.0,5,3,12.0,0.6,0,0.967
Graduate,Nursing,Female,Single,Daytime,No,Yes,No,Yes,No,19,17-20,132.5,136.0,8,7,12.3,8,7,12.3,0.875,0,0.078
Graduate,Nursing,Female,Single,Daytime,Yes,Yes,No,Yes,No,18,17-20,120.3,127.0,8,7,12.694285714285714,8,7,12.694285714285714,0.875,0,0.041
Graduate,Advertising & Marketing,Female,Single,Daytime,No,Yes,No,No,No,18,17-20,114.6,123.0,5,4,11.0,5,4,11.0,0.8,0,0.245
Graduate,Social Service,Female,Single,Daytime,Yes,Yes,No,Yes,No,19,17-20,116.5,128.0,6,6,13.0,6,6,14.166666666666666,1.0,0,0.027
Graduate,Nursing,Female,Single,Daytime,Yes,Yes,No,No,No,19,17-20,127.8,128.0,7,7,14.4125,8,8,16.05,1.0,0,0.008
Dropout,Nursing,Female,Single,Daytime,No,Yes,No,Yes,No,18,17-20,129.9,140.0,7,7,12.92875,8,8,14.0625,1.0,1,0.021
Graduate,Journalism & Communication,Female,Single,Daytime,No,Yes,No,Yes,No,20,17-20,118.9,121.0,6,6,13.333333333333334,6,5,12.8,0.833,0,0.144
Enrolled,Tourism,Female,Single,Daytime,Yes,Yes,No,Yes,No,20,17-20,114.3,122.0,6,5,12.8,6,5,12.8,0.833,0,0.132
Graduate,Nursing,Female,Single,Daytime,No,Yes,No,Yes,No,20,17-20,114.8,126.0,8,7,14.402857142857142,8,7,14.402857142857142,0.875,0,0.072
Graduate,Nursing,Female,Single,Daytime,Yes,Yes,No,Yes,No,18,17-20,123.0,135.0,8,7,13.381428571428572,8,7,13.381428571428572,0.875,0,0.035
Graduate,Nursing,Female,Single,Daytime,No,Yes,No,Yes,No,18,17-20,122.1,131.0,7,7,14.13125,8,8,13.98375,1.0,0,0.025
Graduate,Veterinary Nursing,Female,Single,Daytime,No,Yes,No,No,No,19,17-20,123.7,140.0,5,5,11.714285714285714,5,5,12.6,1.0,0,0.036
Enrolled,Management,Female,Single,Daytime,No,Yes,No,Yes,No,19,17-20,132.4,131.0,5,5,11.8,5,4,11.25,0.8,0,0.167
Graduate,Social Service (evening),Female,Married,Evening,No,Yes,No,No,No,44,40+,114.8,130.0,6,6,11.166666666666666,6,2,11.0,0.333,0,0.514
Dropout,Agronomy,Female,Single,Daytime,No,Yes,No,No,No,32,30-39,130.0,130.0,6,0,0.0,6,0,0.0,0.0,1,0.999
Dropout,Basic Education,Female,Single,Daytime,No,Yes,No,No,No,22,21-24,122.3,140.0,6,5,13.6,6,5,12.0,0.833,1,0.266
Graduate,Agronomy,Female,Married,Daytime,No,Yes,No,Yes,No,36,30-39,152.4,130.0,12,12,13.846153846153848,12,11,14.090909090909092,0.917,0,0.023
Graduate,Journalism & Communication,Female,Single,Daytime,Yes,Yes,No,No,No,18,17-20,120.1,125.0,6,6,12.5,6,6,13.333333333333334,1.0,0,0.026
Graduate,Equinculture,Female,Single,Daytime,No,Yes,No,Yes,No,20,17-20,155.1,160.0,5,5,16.4,5,5,14.6,1.0,0,0.091
Graduate,Communication Design,Female,Single,Daytime,Yes,Yes,No,No,No,20,17-20,124.5,130.0,11,11,13.818181818181818,11,11,13.454545454545457,1.0,0,0.007
Graduate,Social Service,Female,Single,Daytime,No,Yes,No,No,No,19,17-20,126.9,144.0,6,5,10.6,6,4,10.5,0.667,0,0.419
Graduate,Management,Female,Single,Daytime,No,Yes,Yes,Yes,No,24,21-24,153.2,133.1,5,5,10.2,5,5,12.2,1.0,0,0.271
Enrolled,Social Service,Female,Single,Daytime,No,Yes,No,No,No,20,17-20,129.8,148.0,6,5,10.6,6,4,10.4,0.667,0,0.445
Dropout,Social Service (evening),Female,Single,Evening,No,Yes,No,No,No,27,25-29,135.0,133.1,10,9,11.444444444444445,11,5,10.8,0.455,1,0.905
Enrolled,Basic Education,Female,Single,Daytime,No,Yes,No,Yes,No,20,17-20,131.3,133.0,6,5,14.333333333333334,8,8,12.625,1.0,0,0.109
Graduate,Social Service,Female,Single,Daytime,Yes,Yes,No,No,No,23,21-24,125.2,129.0,16,16,13.0,13,13,13.266666666666667,1.0,0,0.015
Graduate,Nursing,Female,Single,Daytime,Yes,Yes,No,Yes,No,18,17-20,141.3,144.0,8,8,13.31,8,8,13.31,1.0,0,0.004
Graduate,Social Service,Female,Single,Daytime,Yes,Yes,No,Yes,No,18,17-20,117.1,120.0,6,5,10.571428571428571,6,5,12.2,0.833,0,0.085
Graduate,Nursing,Female,Single,Daytime,Yes,Yes,No,Yes,No,20,17-20,126.5,144.0,8,7,13.487142857142857,8,7,13.487142857142857,0.875,0,0.033
Graduate,Tourism,Female,Single,Daytime,Yes,Yes,No,No,No,20,17-20,120.1,132.0,6,6,12.333333333333334,6,6,11.833333333333334,1.0,0,0.022
Dropout,Advertising & Marketing,Female,Single,Daytime,No,Yes,No,No,No,23,21-24,128.4,142.0,6,6,11.875,6,5,12.833333333333334,0.833,1,0.125
Graduate,Nursing,Female,Single,Daytime,No,Yes,No,Yes,No,20,17-20,140.0,136.0,7,6,13.966666666666669,7,6,13.966666666666669,0.857,0,0.087
Dropout,Tourism,Female,Single,Daytime,No,No,No,Yes,No,28,25-29,110.0,133.1,5,0,0.0,5,0,0.0,0.0,1,1.0
Graduate,Advertising & Marketing,Female,Single,Daytime,No,Yes,No,Yes,No,21,21-24,116.8,122.0,5,4,11.5,5,5,12.8,1.0,0,0.127
Dropout,Oral Hygiene,Female,Single,Daytime,No,Yes,No,Yes,No,21,21-24,104.5,133.1,2,2,12.5,7,0,0.0,0.0,1,0.998
Dropout,Nursing,Female,Single,Daytime,No,Yes,No,No,No,28,25-29,140.0,140.0,7,0,0.0,8,0,0.0,0.0,1,0.999
Graduate,Nursing,Female,Single,Daytime,No,Yes,No,No,No,18,17-20,113.2,117.0,7,6,11.98,8,7,13.225,0.875,0,0.156
Enrolled,Social Service,Female,Single,Daytime,Yes,Yes,No,Yes,No,21,21-24,118.6,128.0,6,5,13.2,6,5,11.8,0.833,0,0.052
Graduate,Nursing,Female,Single,Daytime,No,Yes,No,No,No,19,17-20,123.8,136.0,7,6,11.614285714285714,8,8,14.0375,1.0,0,0.034
Graduate,Nursing,Female,Single,Daytime,Yes,Yes,No,Yes,No,18,17-20,126.7,141.0,8,7,14.314285714285717,8,7,14.314285714285717,0.875,0,0.039
Dropout,Nursing,Female,Single,Daytime,No,Yes,No,No,No,19,17-20,133.8,130.0,7,0,0.0,8,0,0.0,0.0,1,0.999
Enrolled,Veterinary Nursing,Female,Single,Daytime,No,Yes,No,No,No,20,17-20,140.0,140.0,6,6,12.666666666666666,6,2,13.0,0.333,0,0.612
Graduate,Nursing,Female,Single,Daytime,Yes,Yes,No,Yes,No,20,17-20,100.6,102.0,7,6,12.766666666666666,8,7,12.128571428571428,0.875,0,0.068
Graduate,Basic Education,Female,Single,Daytime,Yes,Yes,No,No,No,18,17-20,132.7,126.0,6,6,12.666666666666666,6,5,12.2,0.833,0,0.041
Dropout,Advertising & Marketing,Female,Single,Daytime,No,Yes,No,Yes,No,20,17-20,106.6,125.0,6,6,11.5,6,4,10.571428571428571,0.667,1,0.641
Dropout,Advertising & Marketing,Female,Single,Daytime,No,Yes,No,No,No,31,30-39,140.4,120.0,6,5,11.4,6,4,11.75,0.667,1,0.647
Graduate,Nursing,Female,Single,Daytime,Yes,Yes,No,Yes,No,19,17-20,128.3,132.0,7,7,14.70625,8,8,14.4775,1.0,0,0.013
Graduate,Nursing,Female,Single,Daytime,Yes,Yes,No,Yes,No,19,17-20,118.6,128.0,7,6,11.814285714285717,8,7,13.542857142857144,0.875,0,0.056
Graduate,Communication Design,Female,Single,Daytime,No,Yes,No,No,No,23,21-24,123.4,115.0,6,6,13.0,6,6,11.875,1.0,0,0.066
Graduate,Advertising & Marketing,Female,Single,Daytime,No,Yes,No,No,No,19,17-20,124.0,125.0,6,6,14.857142857142858,6,6,13.333333333333334,1.0,0,0.046
Graduate,Nursing,Female,Single,Daytime,No,Yes,No,Yes,No,20,17-20,121.3,137.0,7,6,12.6,7,6,12.6,0.857,0,0.125
Enrolled,Veterinary Nursing,Female,Single,Daytime,No,Yes,Yes,Yes,No,22,21-24,101.0,101.0,6,5,13.333333333333334,6,4,11.4,0.667,0,0.792
Enrolled,Basic Education,Female,Single,Daytime,No,Yes,No,Yes,No,18,17-20,116.9,126.0,7,6,10.666666666666666,7,6,12.833333333333334,0.857,0,0.265
Dropout,Equinculture,Female,Single,Daytime,No,No,Yes,No,No,27,25-29,130.0,130.0,5,2,11.5,5,1,11.0,0.2,1,0.997
Dropout,Oral Hygiene,Female,Single,Daytime,No,Yes,No,No,No,29,25-29,120.0,100.0,7,1,10.0,7,0,0.0,0.0,1,0.999
Graduate,Tourism,Female,Single,Daytime,No,Yes,No,Yes,No,18,17-20,130.4,122.0,6,5,11.8,6,5,12.2,0.833,0,0.23
Graduate,Communication Design,Female,Single,Daytime,No,Yes,No,No,No,18,17-20,118.7,126.0,6,5,11.8,6,6,12.666666666666666,1.0,0,0.074
Graduate,Nursing,Female,Single,Daytime,No,Yes,No,No,No,18,17-20,131.5,128.0,8,8,12.77125,8,8,12.77125,1.0,0,0.009
Enrolled,Veterinary Nursing,Female,Single,Daytime,No,Yes,No,Yes,No,20,17-20,120.4,134.0,5,3,11.333333333333334,5,5,12.6,1.0,0,0.172
Graduate,Tourism,Female,Single,Daytime,No,Yes,No,Yes,No,18,17-20,129.1,128.0,6,6,12.666666666666666,6,5,14.6,0.833,0,0.099
Enrolled,Communication Design,Female,Single,Daytime,No,No,No,No,No,18,17-20,132.0,125.0,6,5,12.2,6,4,10.833333333333334,0.667,0,0.884
Dropout,Veterinary Nursing,Female,Single,Daytime,No,No,No,No,No,28,25-29,130.0,130.0,5,1,12.0,4,0,0.0,0.0,1,0.999
Graduate,Nursing,Female,Single,Daytime,Yes,Yes,No,Yes,No,18,17-20,132.8,135.0,8,7,11.721428571428572,8,7,11.721428571428572,0.875,0,0.054
Enrolled,Nursing,Female,Single,Daytime,No,Yes,No,No,No,27,25-29,143.7,133.1,7,4,14.0,7,3,12.525,0.429,0,0.748
Enrolled,Biofuel Production Tech,Female,Single,Daytime,No,Yes,No,No,No,26,25-29,152.8,140.0,7,7,14.75,7,5,13.8,0.714,0,0.027
Graduate,Journalism & Communication,Female,Single,Daytime,No,Yes,No,Yes,No,18,17-20,133.5,138.0,6,6,12.666666666666666,6,6,13.666666666666666,1.0,0,0.054
Dropout,Equinculture,Female,Single,Daytime,No,Yes,No,No,No,18,17-20,146.2,150.0,5,4,13.0,5,5,14.0,1.0,1,0.055
Dropout,Management,Female,Single,Daytime,No,Yes,No,No,No,21,21-24,115.2,125.0,5,0,0.0,5,0,0.0,0.0,1,0.998
Enrolled,Communication Design,Female,Single,Daytime,No,Yes,No,Yes,No,18,17-20,120.7,121.0,6,4,10.75,6,0,0.0,0.0,0,0.993
Dropout,Social Service (evening),Female,Married,Evening,No,No,No,No,No,32,30-39,101.8,120.0,5,0,0.0,5,0,0.0,0.0,1,0.999
Graduate,Advertising & Marketing,Female,Single,Daytime,No,Yes,No,No,No,28,25-29,100.0,140.0,5,4,12.5,5,4,11.75,0.8,0,0.353
Dropout,Management (evening),Female,Single,Evening,No,No,No,No,No,40,40+,121.9,100.0,4,0,0.0,5,0,0.0,0.0,1,1.0
Dropout,Social Service (evening),Female,Married,Evening,No,No,Yes,No,No,39,30-39,120.4,140.0,5,0,0.0,4,0,0.0,0.0,1,1.0
Dropout,Social Service,Female,Married,Daytime,No,No,Yes,No,No,39,30-39,120.4,140.0,6,0,0.0,6,0,0.0,0.0,1,1.0
Graduate,Agronomy,Female,Married,Daytime,No,Yes,No,No,No,50,40+,148.8,120.0,6,6,12.5,6,5,12.4,0.833,0,0.203
Dropout,Basic Education,Female,Single,Daytime,No,Yes,No,Yes,No,23,21-24,123.0,138.0,6,5,12.8,6,3,11.666666666666666,0.5,1,0.739
Dropout,Social Service (evening),Female,Divorced,Evening,No,Yes,No,No,No,48,40+,100.0,133.1,6,1,10.0,6,1,11.0,0.167,1,0.983
Dropout,Basic Education,Female,Single,Daytime,No,Yes,No,Yes,No,23,21-24,112.1,118.0,6,4,11.25,6,5,10.2,0.833,1,0.414
Graduate,Nursing,Female,Single,Daytime,Yes,Yes,No,Yes,No,18,17-20,126.8,135.0,8,7,12.61,8,7,12.61,0.875,0,0.054
Graduate,Equinculture,Female,Single,Daytime,No,Yes,No,No,No,18,17-20,115.9,130.0,5,2,12.0,5,5,12.6,1.0,0,0.201
Graduate,Social Service,Female,Single,Daytime,No,No,No,Yes,Yes,20,17-20,132.5,150.0,6,5,13.0,6,6,13.5,1.0,0,0.188
Graduate,Veterinary Nursing,Female,Single,Daytime,Yes,Yes,No,Yes,Yes,18,17-20,132.2,149.0,5,4,12.0,5,5,13.0,1.0,0,0.418
Dropout,Oral Hygiene,Female,Single,Daytime,No,Yes,No,Yes,Yes,18,17-20,183.5,180.0,7,4,12.0,8,0,0.0,0.0,1,1.0
Dropout,Informatics Engineering,Male,Single,Daytime,No,Yes,No,No,No,31,30-39,136.0,133.1,5,1,12.0,5,1,11.0,0.2,1,0.983
Enrolled,Informatics Engineering,Male,Single,Daytime,No,Yes,No,Yes,No,24,21-24,100.9,133.1,5,1,12.0,5,3,10.5,0.6,0,0.94
Graduate,Animation & Multimedia Design,Male,Single,Daytime,No,Yes,No,Yes,No,24,21-24,114.5,145.0,0,0,0.0,0,0,0.0,,0,0.64
Dropout,Management,Male,Single,Daytime,No,No,Yes,No,No,26,25-29,110.3,110.0,5,0,0.0,5,0,0.0,0.0,1,1.0
Dropout,Equinculture,Male,Single,Daytime,No,Yes,Yes,Yes,No,18,17-20,137.2,154.0,6,5,13.625,6,4,11.75,0.667,1,0.856
Enrolled,Management,Male,Single,Daytime,Yes,Yes,No,No,No,19,17-20,116.9,126.0,5,3,11.666666666666666,5,3,11.666666666666666,0.6,0,0.575
Dropout,Advertising & Marketing,Male,Single,Daytime,No,Yes,No,Yes,No,22,21-24,121.8,133.0,6,0,0.0,6,0,0.0,0.0,1,0.999
Graduate,Nursing,Male,Single,Daytime,No,Yes,No,Yes,No,18,17-20,127.3,145.0,8,7,11.69,8,7,11.69,0.875,0,0.125
Dropout,Communication Design,Male,Single,Daytime,No,No,Yes,No,No,20,17-20,120.0,120.0,6,0,0.0,6,0,0.0,0.0,1,0.997
Graduate,Animation & Multimedia Design,Male,Single,Daytime,No,Yes,No,No,No,25,25-29,150.0,150.0,0,0,0.0,0,0,0.0,,0,0.394
Graduate,Management (evening),Male,Single,Evening,No,Yes,No,Yes,No,24,21-24,100.0,150.0,5,4,11.5,5,5,11.285714285714286,1.0,0,0.513
Dropout,Informatics Engineering,Male,Single,Daytime,No,Yes,No,Yes,No,27,25-29,150.0,150.0,5,1,14.0,5,0,0.0,0.0,1,0.999
Graduate,Tourism,Male,Single,Daytime,No,Yes,No,No,No,21,21-24,116.9,127.0,6,5,11.0,6,5,12.4,0.833,0,0.225
Graduate,Agronomy,Male,Single,Daytime,No,Yes,No,Yes,No,21,21-24,140.0,140.0,6,6,12.857142857142858,6,6,13.166666666666666,1.0,0,0.046
Dropout,Journalism & Communication,Male,Single,Daytime,No,Yes,No,Yes,No,19,17-20,122.1,128.0,6,4,12.5,6,6,11.333333333333334,1.0,1,0.36
Graduate,Nursing,Male,Single,Daytime,No,Yes,No,No,No,28,25-29,160.0,127.0,7,7,14.528571428571428,8,8,15.018181818181818,1.0,0,0.043
Enrolled,Management,Male,Single,Daytime,No,Yes,No,No,No,20,17-20,118.4,117.0,5,5,10.0,5,2,12.0,0.4,0,0.525
Graduate,Agronomy,Male,Single,Daytime,Yes,Yes,No,No,No,21,21-24,150.0,150.0,6,6,13.0,6,6,12.625,1.0,0,0.019
Graduate,Nursing,Male,Single,Daytime,Yes,Yes,No,No,No,18,17-20,144.9,154.0,7,7,15.957142857142856,8,8,15.188888888888888,1.0,0,0.015
Enrolled,Informatics Engineering,Male,Single,Daytime,Yes,Yes,No,Yes,No,18,17-20,121.1,127.0,5,5,13.2,5,5,12.6,1.0,0,0.092
Enrolled,Management,Male,Single,Daytime,No,Yes,No,No,No,20,17-20,121.8,133.0,5,4,10.2,5,3,11.0,0.6,0,0.631
Enrolled,Informatics Engineering,Male,Single,Daytime,No,Yes,No,No,No,25,25-29,146.8,120.0,5,5,14.2,5,2,13.5,0.4,0,0.677
Enrolled,Advertising & Marketing,Male,Single,Daytime,No,Yes,Yes,No,No,22,21-24,138.0,133.1,6,6,12.625,6,2,14.5,0.333,0,0.875
Enrolled,Nursing,Male,Single,Daytime,No,Yes,No,No,No,18,17-20,138.0,149.0,8,6,13.496666666666668,8,6,13.496666666666668,0.75,0,0.138
Graduate,Management,Male,Single,Daytime,No,Yes,No,Yes,No,19,17-20,116.3,125.0,5,5,13.25,5,5,11.0,1.0,0,0.218
Dropout,Informatics Engineering,Male,Single,Daytime,No,Yes,No,Yes,No,19,17-20,122.5,126.0,5,3,12.0,5,3,12.0,0.6,1,0.84
Dropout,Journalism & Communication,Male,Single,Daytime,No,No,Yes,Yes,No,25,25-29,115.0,133.1,6,4,13.0,6,4,13.75,0.667,1,0.988
Dropout,Communication Design,Male,Single,Daytime,No,Yes,Yes,No,No,21,21-24,115.0,115.0,11,9,11.77777777777778,8,3,13.666666666666666,0.375,1,0.969
Dropout,Informatics Engineering,Male,Single,Daytime,No,Yes,No,Yes,No,19,17-20,119.8,117.0,5,2,11.0,6,0,0.0,0.0,1,0.999
Dropout,Management,Male,Single,Daytime,No,Yes,No,No,No,20,17-20,95.0,133.1,5,0,0.0,5,0,0.0,0.0,1,0.998
Dropout,Agronomy,Male,Single,Daytime,No,Yes,No,No,No,25,25-29,150.0,150.0,14,14,12.428571428571429,9,6,10.857142857142858,0.667,1,0.201
Enrolled,Management,Male,Single,Daytime,No,Yes,No,Yes,No,20,17-20,117.8,130.0,5,3,11.0,5,3,12.0,0.6,0,0.824
Graduate,Animation & Multimedia Design,Male,Single,Daytime,No,Yes,No,Yes,No,18,17-20,144.2,161.0,0,0,0.0,0,0,0.0,,0,0.443
Enrolled,Tourism,Male,Single,Daytime,No,Yes,Yes,Yes,No,23,21-24,130.0,130.0,6,3,11.5,6,3,10.666666666666666,0.5,0,0.869
Graduate,Nursing,Male,Single,Daytime,No,Yes,No,Yes,No,23,21-24,128.2,111.0,8,8,12.5075,8,8,12.5075,1.0,0,0.03
Graduate,Agronomy,Male,Single,Daytime,No,Yes,No,No,No,21,21-24,135.3,140.0,12,11,12.090909090909092,12,11,12.0,0.917,0,0.014
Enrolled,Equinculture,Male,Single,Daytime,No,Yes,No,Yes,No,20,17-20,143.9,132.0,5,2,11.0,5,3,12.666666666666666,0.6,0,0.69
Dropout,Management (evening),Male,Single,Evening,No,Yes,No,No,No,25,25-29,140.7,139.0,5,1,10.0,5,2,11.333333333333334,0.4,1,0.976
Graduate,Equinculture,Male,Single,Daytime,No,Yes,No,Yes,No,18,17-20,130.4,132.0,6,6,13.5,6,5,13.2,0.833,0,0.134
Graduate,Communication Design,Male,Single,Daytime,No,Yes,No,Yes,No,22,21-24,123.2,119.0,6,6,14.166666666666666,6,6,13.625,1.0,0,0.095
Graduate,Advertising & Marketing,Male,Single,Daytime,No,Yes,No,No,No,27,25-29,118.0,133.1,6,6,14.0,6,6,14.714285714285714,1.0,0,0.081
Dropout,Agronomy,Male,Single,Daytime,No,Yes,No,No,No,25,25-29,120.0,133.1,3,0,0.0,3,0,0.0,0.0,1,0.99
Dropout,Informatics Engineering,Male,Single,Daytime,No,Yes,No,Yes,No,18,17-20,118.9,129.0,5,3,11.666666666666666,5,3,11.333333333333334,0.6,1,0.591
Graduate,Veterinary Nursing,Male,Single,Daytime,No,Yes,No,No,No,20,17-20,117.2,128.0,5,5,14.6,5,5,14.2,1.0,0,0.081
Graduate,Agronomy,Male,Single,Daytime,No,Yes,No,No,No,27,25-29,120.0,120.0,6,5,13.0,6,5,11.5,0.833,0,0.47
Graduate,Social Service (evening),Male,Single,Evening,No,Yes,No,No,No,20,17-20,118.1,130.0,6,6,12.166666666666666,6,6,12.0,1.0,0,0.039
Dropout,Management,Male,Single,Daytime,No,Yes,No,Yes,No,22,21-24,124.8,130.0,5,0,0.0,5,1,12.0,0.2,1,0.972
Dropout,Informatics Engineering,Male,Single,Daytime,No,Yes,No,Yes,No,19,17-20,106.5,111.0,5,3,10.5,5,3,10.8,0.6,1,0.885
Enrolled,Management,Male,Single,Daytime,No,Yes,No,No,No,20,17-20,116.8,121.0,5,3,12.4,5,5,10.833333333333334,1.0,0,0.466
Graduate,Animation & Multimedia Design,Male,Single,Daytime,No,Yes,No,No,No,19,17-20,109.3,117.0,0,0,0.0,0,0,0.0,,0,0.513
Dropout,Veterinary Nursing,Male,Married,Daytime,No,No,No,Yes,No,29,25-29,120.0,133.1,5,0,0.0,5,0,0.0,0.0,1,0.999
Graduate,Nursing,Male,Single,Daytime,No,Yes,No,No,No,19,17-20,137.5,149.0,8,7,13.828571428571427,8,7,13.828571428571427,0.875,0,0.071
Enrolled,Management (evening),Female,Single,Evening,Yes,Yes,No,Yes,No,28,25-29,150.0,172.0,5,5,10.6,5,5,10.2,1.0,0,0.072
Graduate,Social Service,Female,Married,Daytime,No,Yes,No,No,No,20,17-20,120.4,134.0,6,6,11.5,6,6,11.666666666666666,1.0,0,0.024
Graduate,Communication Design,Female,Single,Daytime,No,Yes,No,Yes,No,20,17-20,136.7,136.0,6,4,13.5,6,6,13.625,1.0,0,0.157
Dropout,Social Service (evening),Female,Single,Evening,No,Yes,No,Yes,No,31,30-39,118.5,133.1,6,0,0.0,6,0,0.0,0.0,1,0.999
Graduate,Nursing,Female,Single,Daytime,No,Yes,No,Yes,No,18,17-20,133.0,141.0,7,7,12.5375,8,7,12.614285714285714,0.875,0,0.099
Enrolled,Advertising & Marketing,Female,Single,Daytime,No,Yes,No,Yes,No,19,17-20,128.8,141.0,6,6,14.833333333333334,6,6,13.285714285714286,1.0,0,0.061
Graduate,Management,Female,Single,Daytime,No,Yes,No,Yes,No,18,17-20,133.0,148.0,5,4,12.0,5,4,12.8,0.8,0,0.36
Graduate,Tourism,Female,Single,Daytime,No,Yes,No,No,No,19,17-20,102.0,102.0,6,5,11.8,6,5,11.6,0.833,0,0.172
Graduate,Management,Female,Single,Daytime,Yes,Yes,No,No,No,18,17-20,133.9,143.0,5,5,15.0,5,5,15.2,1.0,0,0.023
Graduate,Veterinary Nursing,Female,Single,Daytime,No,Yes,No,No,No,19,17-20,127.0,120.0,5,3,12.0,5,5,13.2,1.0,0,0.103
Graduate,Journalism & Communication,Female,Single,Daytime,Yes,Yes,No,Yes,No,18,17-20,120.4,121.0,6,6,12.833333333333334,6,6,12.285714285714286,1.0,0,0.033
Graduate,Tourism,Female,Single,Daytime,No,Yes,No,Yes,No,19,17-20,124.5,122.0,6,6,11.666666666666666,6,3,12.0,0.5,0,0.425
Graduate,Oral Hygiene,Female,Single,Daytime,No,Yes,No,No,No,19,17-20,123.9,122.0,7,7,12.1625,8,8,13.825,1.0,0,0.025
Graduate,Advertising & Marketing,Female,Single,Daytime,No,Yes,No,Yes,No,18,17-20,117.8,123.0,6,6,13.833333333333334,6,6,14.555555555555555,1.0,0,0.063
Enrolled,Nursing,Female,Single,Daytime,No,Yes,No,No,No,19,17-20,126.7,133.0,7,4,12.45,7,5,11.7,0.714,0,0.585
Graduate,Advertising & Marketing,Female,Single,Daytime,Yes,Yes,No,No,No,20,17-20,110.0,110.0,6,6,12.125,6,6,13.571428571428571,1.0,0,0.029
Enrolled,Advertising & Marketing,Female,Single,Daytime,No,Yes,No,Yes,No,20,17-20,134.7,155.0,6,5,13.4,6,4,13.0,0.667,0,0.429
Enrolled,Agronomy,Female,Single,Daytime,No,Yes,Yes,No,No,20,17-20,113.2,119.0,6,6,13.333333333333334,6,5,14.0,0.833,0,0.241
Dropout,Management (evening),Female,Single,Evening,No,Yes,No,No,No,29,25-29,141.0,120.0,15,11,11.454545454545457,13,11,11.545454545454543,0.846,1,0.466
Dropout,Basic Education,Female,Single,Daytime,Yes,No,No,No,No,20,17-20,111.5,133.1,6,4,12.0,6,3,10.0,0.5,1,0.95
Dropout,Basic Education,Female,Divorced,Daytime,No,No,Yes,No,No,31,30-39,140.0,143.0,7,6,12.666666666666666,7,5,12.6,0.714,1,0.917
Graduate,Advertising & Marketing,Female,Single,Daytime,No,Yes,No,No,No,20,17-20,134.3,149.0,6,6,12.666666666666666,6,6,13.77777777777778,1.0,0,0.059
Graduate,Agronomy,Female,Single,Daytime,No,Yes,No,Yes,No,21,21-24,125.3,133.0,18,18,11.88888888888889,13,13,11.461538461538462,1.0,0,0.008
Dropout,Equinculture,Female,Single,Daytime,No,Yes,No,Yes,No,23,21-24,140.0,140.0,6,0,0.0,6,0,0.0,0.0,1,0.998
Dropout,Communication Design,Female,Single,Daytime,No,No,Yes,No,No,21,21-24,119.6,122.0,6,4,13.0,6,4,11.6,0.667,1,0.974
Graduate,Nursing,Female,Single,Daytime,No,Yes,No,No,No,24,21-24,170.0,170.0,7,7,16.885714285714283,8,8,15.744444444444444,1.0,0,0.036
Graduate,Social Service (evening),Female,Single,Evening,No,Yes,No,No,No,27,25-29,150.5,120.0,6,6,12.5,6,6,12.333333333333334,1.0,0,0.052
Graduate,Nursing,Female,Single,Daytime,Yes,Yes,No,No,No,18,17-20,128.0,143.0,7,7,13.055555555555555,8,8,15.8125,1.0,0,0.006
Dropout,Animation & Multimedia Design,Female,Single,Daytime,No,No,No,Yes,No,21,21-24,108.7,115.0,0,0,0.0,0,0,0.0,,1,0.905
Dropout,Equinculture,Female,Single,Daytime,Yes,Yes,Yes,Yes,No,19,17-20,121.6,123.0,5,0,0.0,5,0,0.0,0.0,1,0.998
Graduate,Nursing,Female,Single,Daytime,Yes,Yes,No,Yes,No,19,17-20,125.3,131.0,8,7,12.355714285714283,8,7,12.355714285714283,0.875,0,0.048
Dropout,Veterinary Nursing,Female,Single,Daytime,No,Yes,No,No,No,18,17-20,117.6,127.0,6,0,0.0,6,0,0.0,0.0,1,0.992
Enrolled,Nursing,Female,Single,Daytime,Yes,Yes,No,Yes,No,18,17-20,124.3,126.0,7,5,11.98,7,5,11.98,0.714,0,0.232
Graduate,Basic Education,Female,Single,Daytime,Yes,Yes,Yes,Yes,No,20,17-20,106.1,112.0,7,7,13.857142857142858,7,7,12.571428571428571,1.0,0,0.018
Graduate,Social Service (evening),Female,Married,Evening,No,Yes,No,Yes,No,24,21-24,139.9,150.0,6,5,13.0,6,6,14.166666666666666,1.0,0,0.04
Graduate,Communication Design,Female,Single,Daytime,No,Yes,No,Yes,No,20,17-20,110.8,116.0,6,6,12.833333333333334,6,6,11.166666666666666,1.0,0,0.091
Enrolled,Management,Female,Single,Daytime,No,Yes,No,No,No,20,17-20,118.0,118.0,5,4,11.0,5,5,13.2,1.0,0,0.141
Graduate,Nursing,Female,Single,Daytime,Yes,Yes,No,Yes,No,19,17-20,117.8,130.0,8,7,12.357142857142858,8,7,12.357142857142858,0.875,0,0.03
Graduate,Nursing,Female,Single,Daytime,Yes,Yes,No,Yes,No,18,17-20,127.5,144.0,8,7,13.857142857142858,8,7,13.857142857142858,0.875,0,0.03
Graduate,Social Service,Female,Single,Daytime,Yes,Yes,No,Yes,No,20,17-20,129.7,105.0,6,6,12.333333333333334,6,6,10.666666666666666,1.0,0,0.026
Graduate,Nursing,Female,Single,Daytime,No,Yes,No,Yes,No,20,17-20,130.6,143.0,7,7,12.847142857142858,8,8,13.788888888888888,1.0,0,0.032
Graduate,Nursing,Female,Single,Daytime,Yes,Yes,No,Yes,No,19,17-20,126.3,137.0,7,6,12.339999999999998,8,8,13.01875,1.0,0,0.023
Enrolled,Veterinary Nursing,Female,Single,Daytime,No,Yes,No,Yes,No,19,17-20,140.0,140.0,6,5,12.666666666666666,6,4,11.75,0.667,0,0.419
Graduate,Journalism & Communication,Female,Single,Daytime,No,Yes,No,Yes,No,20,17-20,105.0,133.1,6,6,13.833333333333334,6,6,12.5,1.0,0,0.064
Dropout,Management,Female,Single,Daytime,No,Yes,No,Yes,No,19,17-20,114.6,116.0,5,2,10.75,5,2,10.0,0.4,1,0.945
Dropout,Basic Education,Female,Single,Daytime,No,Yes,No,Yes,No,19,17-20,114.6,117.0,6,4,13.25,6,4,10.25,0.667,1,0.67
Graduate,Nursing,Female,Single,Daytime,Yes,Yes,No,Yes,No,18,17-20,131.0,137.0,8,8,13.73125,8,8,13.73125,1.0,0,0.006
Dropout,Communication Design,Female,Single,Daytime,Yes,Yes,No,No,No,23,21-24,109.0,116.0,6,6,13.333333333333334,6,3,12.666666666666666,0.5,1,0.261
Dropout,Basic Education,Female,Single,Daytime,No,Yes,No,Yes,No,21,21-24,132.0,133.1,6,5,12.0,6,5,10.8,0.833,1,0.266
Graduate,Social Service (evening),Female,Single,Evening,No,Yes,No,Yes,No,23,21-24,130.0,130.0,9,9,10.88888888888889,8,6,11.333333333333334,0.75,0,0.134
Graduate,Nursing,Female,Single,Daytime,No,Yes,No,Yes,No,19,17-20,109.5,106.0,7,7,13.025,8,8,13.811111111111112,1.0,0,0.026
Graduate,Journalism & Communication,Female,Single,Daytime,No,Yes,No,Yes,No,18,17-20,115.9,125.0,6,6,13.0,6,6,14.166666666666666,1.0,0,0.051
Graduate,Journalism & Communication,Female,Single,Daytime,No,Yes,No,Yes,No,19,17-20,131.6,134.0,6,5,11.8,6,5,12.0,0.833,0,0.316
Graduate,Nursing,Female,Single,Daytime,Yes,Yes,No,No,No,25,25-29,120.0,133.1,8,7,12.042857142857144,8,7,12.042857142857144,0.875,0,0.031
Enrolled,Basic Education,Female,Single,Daytime,No,Yes,No,Yes,No,19,17-20,109.7,117.0,6,5,12.2,6,4,13.0,0.667,0,0.326
Graduate,Nursing,Female,Single,Daytime,Yes,Yes,No,No,No,19,17-20,136.4,136.0,7,7,12.8375,8,8,15.5,1.0,0,0.006
Graduate,Oral Hygiene,Female,Single,Daytime,Yes,Yes,Yes,No,No,24,21-24,120.0,120.0,7,7,11.0,8,7,11.7,0.875,0,0.034
Graduate,Advertising & Marketing,Female,Single,Daytime,Yes,Yes,No,Yes,No,18,17-20,132.6,135.0,6,6,13.5,6,5,14.0,0.833,0,0.052
Graduate,Social Service,Female,Single,Daytime,Yes,Yes,No,Yes,No,19,17-20,112.9,122.0,6,6,12.125,6,6,12.714285714285714,1.0,0,0.044
Graduate,Nursing,Female,Single,Daytime,Yes,Yes,No,No,No,18,17-20,134.3,147.0,8,7,12.62857142857143,8,7,12.62857142857143,0.875,0,0.03
Enrolled,Management (evening),Female,Single,Evening,No,Yes,No,No,No,27,25-29,123.2,120.0,5,3,10.666666666666666,5,4,11.4,0.8,0,0.579
Graduate,Social Service,Female,Single,Daytime,No,Yes,No,No,No,19,17-20,117.2,121.0,6,5,11.2,6,5,11.6,0.833,0,0.247
Dropout,Journalism & Communication,Female,Single,Daytime,Yes,Yes,No,No,No,18,17-20,129.8,135.0,6,6,12.666666666666666,6,6,11.833333333333334,1.0,1,0.024
Dropout,Advertising & Marketing,Female,Married,Daytime,No,No,Yes,No,No,34,30-39,158.0,130.0,6,4,13.5,6,0,0.0,0.0,1,0.999
Enrolled,Management,Female,Single,Daytime,No,Yes,No,No,No,18,17-20,116.5,128.0,5,3,11.666666666666666,5,2,11.0,0.4,0,0.804
Enrolled,Management,Female,Single,Daytime,No,Yes,No,Yes,No,18,17-20,121.0,129.0,5,2,10.5,5,3,12.333333333333334,0.6,0,0.708
Enrolled,Nursing,Female,Single,Daytime,No,Yes,No,Yes,No,18,17-20,133.8,143.0,8,8,14.26875,8,8,14.26875,1.0,0,0.012
Dropout,Journalism & Communication,Female,Single,Daytime,No,No,Yes,Yes,No,20,17-20,115.0,108.0,6,0,0.0,6,0,0.0,0.0,1,1.0
Enrolled,Management,Female,Single,Daytime,Yes,Yes,No,Yes,No,19,17-20,131.8,130.0,5,2,10.5,5,3,13.333333333333334,0.6,0,0.497
Enrolled,Social Service,Female,Single,Daytime,No,Yes,No,No,No,21,21-24,121.0,135.0,6,5,11.2,6,1,10.0,0.167,0,0.906
Graduate,Management (evening),Female,Married,Evening,No,Yes,No,No,No,26,25-29,152.4,140.0,5,5,12.0,5,5,14.833333333333334,1.0,0,0.056
Graduate,Oral Hygiene,Female,Single,Daytime,No,Yes,No,No,No,27,25-29,110.2,120.0,7,7,12.228571428571428,8,8,13.2125,1.0,0,0.031
Graduate,Advertising & Marketing,Female,Single,Daytime,No,Yes,No,Yes,No,20,17-20,113.5,117.0,5,4,11.5,5,4,10.75,0.8,0,0.271
Graduate,Social Service,Female,Single,Daytime,No,Yes,No,Yes,No,18,17-20,144.4,151.0,6,6,15.375,6,6,16.428571428571427,1.0,0,0.067
Enrolled,Veterinary Nursing,Female,Single,Daytime,No,No,No,Yes,No,23,21-24,143.3,140.0,12,9,13.666666666666666,9,6,13.5,0.667,0,0.95
Graduate,Nursing,Female,Single,Daytime,No,Yes,No,No,No,24,21-24,100.0,133.1,8,7,12.614285714285714,8,7,12.614285714285714,0.875,0,0.064
Graduate,Social Service,Female,Single,Daytime,Yes,Yes,No,Yes,No,19,17-20,126.3,130.0,6,5,12.2,6,6,11.5,1.0,0,0.09
Graduate,Journalism & Communication,Female,Single,Daytime,No,Yes,No,No,No,19,17-20,115.9,125.0,6,4,11.75,6,4,11.0,0.667,0,0.518
Enrolled,Social Service,Female,Single,Daytime,Yes,Yes,Yes,Yes,No,19,17-20,114.9,125.0,6,5,11.4,6,3,10.0,0.5,0,0.742
Enrolled,Social Service,Female,Single,Daytime,No,Yes,Yes,No,No,18,17-20,121.0,135.0,6,5,10.6,6,2,10.0,0.333,0,0.906
Graduate,Social Service (evening),Female,Single,Evening,No,Yes,No,No,No,22,21-24,112.3,121.0,16,13,10.923076923076923,13,11,11.454545454545457,0.846,0,0.499
Graduate,Communication Design,Female,Single,Daytime,No,Yes,No,No,No,20,17-20,127.0,141.0,6,5,12.4,6,5,12.4,0.833,0,0.176
Dropout,Agronomy,Female,Single,Daytime,No,Yes,No,No,No,25,25-29,120.0,130.0,6,0,0.0,6,0,0.0,0.0,1,0.999
Graduate,Agronomy,Female,Single,Daytime,No,Yes,No,No,No,21,21-24,180.0,180.0,6,6,15.833333333333334,6,6,15.5,1.0,0,0.021
Enrolled,Nursing,Female,Single,Daytime,No,Yes,No,Yes,No,19,17-20,117.4,117.0,7,5,11.8,7,6,11.708333333333334,0.857,0,0.097
Graduate,Journalism & Communication,Female,Single,Daytime,No,Yes,No,Yes,No,18,17-20,115.8,127.0,6,6,12.571428571428571,6,6,13.666666666666666,1.0,0,0.073
Graduate,Advertising & Marketing,Female,Single,Daytime,No,Yes,No,Yes,No,18,17-20,136.5,126.0,5,3,12.0,5,4,13.25,0.8,0,0.327
Graduate,Nursing,Male,Single,Daytime,No,Yes,No,Yes,No,19,17-20,129.0,143.0,7,7,13.3625,8,8,14.444444444444445,1.0,0,0.049
Graduate,Veterinary Nursing,Female,Single,Daytime,Yes,Yes,No,Yes,Yes,19,17-20,137.6,144.0,5,5,15.4,5,5,16.0,1.0,0,0.004
Dropout,Journalism & Communication,Female,Single,Daytime,No,No,Yes,Yes,No,18,17-20,129.5,126.0,6,5,12.2,6,4,11.75,0.667,1,0.968
Graduate,Social Service,Female,Single,Daytime,Yes,Yes,No,Yes,No,20,17-20,129.1,140.0,11,11,12.818181818181818,11,11,13.545454545454543,1.0,0,0.007
Dropout,Nursing,Female,Single,Daytime,No,Yes,No,Yes,No,19,17-20,130.2,148.0,7,0,0.0,8,0,0.0,0.0,1,1.0
Graduate,Nursing,Female,Single,Daytime,No,Yes,No,Yes,No,28,25-29,134.3,100.0,17,17,13.394736842105264,17,17,13.554736842105264,1.0,0,0.009
Graduate,Social Service,Female,Single,Daytime,Yes,Yes,No,Yes,No,20,17-20,138.4,151.0,6,6,14.25,6,6,11.0,1.0,0,0.048
Dropout,Social Service (evening),Female,Single,Evening,No,Yes,No,Yes,No,30,30-39,120.0,120.0,11,9,13.444444444444445,7,7,14.714285714285714,1.0,1,0.093
Graduate,Nursing,Female,Single,Daytime,Yes,Yes,No,Yes,No,19,17-20,123.5,135.0,7,7,12.285714285714286,8,8,11.7375,1.0,0,0.017
Graduate,Communication Design,Female,Single,Daytime,No,Yes,No,Yes,No,22,21-24,116.1,121.0,6,6,11.666666666666666,6,5,13.2,0.833,0,0.113
Graduate,Tourism,Female,Single,Daytime,No,Yes,No,Yes,No,18,17-20,110.8,116.0,6,6,12.166666666666666,6,6,13.5,1.0,0,0.048
Dropout,Basic Education,Female,Single,Daytime,No,Yes,No,Yes,No,23,21-24,142.8,147.0,6,2,10.0,6,2,11.0,0.333,1,0.964
Graduate,Communication Design,Female,Single,Daytime,No,Yes,No,Yes,No,18,17-20,155.5,160.0,6,6,14.0,6,6,15.0,1.0,0,0.047
Enrolled,Basic Education,Female,Single,Daytime,No,Yes,No,Yes,No,18,17-20,126.7,133.0,6,5,11.833333333333334,6,4,12.0,0.667,0,0.443
Dropout,Journalism & Communication,Male,Married,Daytime,No,No,Yes,No,No,50,40+,163.5,100.0,6,1,15.0,5,0,0.0,0.0,1,1.0
Graduate,Animation & Multimedia Design,Female,Single,Daytime,Yes,Yes,No,Yes,Yes,19,17-20,161.9,151.0,0,0,0.0,0,0,0.0,,0,0.14
Graduate,Tourism,Female,Single,Daytime,No,Yes,No,Yes,Yes,22,21-24,123.3,124.0,6,6,10.833333333333334,6,6,10.666666666666666,1.0,0,0.028
Graduate,Social Service,Female,Single,Daytime,Yes,Yes,Yes,No,Yes,23,21-24,137.5,140.0,6,6,13.142857142857142,6,6,14.0,1.0,0,0.034
Dropout,Veterinary Nursing,Female,Single,Daytime,Yes,No,Yes,No,No,20,17-20,166.6,170.0,5,5,14.4,5,5,14.0,1.0,1,0.635
Dropout,Social Service,Female,Divorced,Daytime,No,No,No,No,No,44,40+,103.5,133.1,6,0,0.0,6,0,0.0,0.0,1,1.0
Graduate,Agronomy,Male,Divorced,Daytime,No,Yes,No,No,No,49,40+,110.0,133.1,12,7,12.0,12,9,11.22222222222222,0.75,0,0.816
Graduate,Management (evening),Male,Married,Evening,No,Yes,No,No,No,46,40+,128.2,100.0,10,9,12.2,10,10,12.8,1.0,0,0.09
Dropout,Veterinary Nursing,Male,Single,Daytime,No,No,No,Yes,No,41,40+,137.7,120.0,3,3,12.333333333333334,2,2,11.0,1.0,1,0.96
Graduate,Nursing,Male,Single,Daytime,No,Yes,No,Yes,No,18,17-20,128.8,133.0,7,7,11.8375,8,8,12.48125,1.0,0,0.056
Graduate,Management (evening),Male,Widower,Evening,No,Yes,No,No,No,43,40+,170.0,120.0,5,5,11.8,5,5,14.0,1.0,0,0.11
Dropout,Management,Male,Divorced,Daytime,No,No,Yes,No,No,70,40+,116.4,133.1,5,0,0.0,5,0,0.0,0.0,1,1.0
Dropout,Equinculture,Male,Divorced,Daytime,No,Yes,No,No,No,48,40+,100.9,133.1,6,0,0.0,6,0,0.0,0.0,1,0.999
Graduate,Agronomy,Male,Married,Daytime,No,Yes,No,No,No,41,40+,136.0,133.1,19,19,12.68421052631579,13,13,12.384615384615383,1.0,0,0.045
Enrolled,Tourism,Male,Single,Daytime,No,Yes,No,No,No,21,21-24,130.0,140.0,6,6,12.571428571428571,6,4,13.0,0.667,0,0.252
Dropout,Biofuel Production Tech,Male,Single,Daytime,No,No,Yes,No,Yes,35,30-39,100.0,100.0,7,3,11.25,7,0,0.0,0.0,1,1.0
Graduate,Equinculture,Male,Married,Daytime,No,Yes,No,Yes,No,44,40+,157.0,133.1,5,4,14.0,5,4,15.5,0.8,0,0.27
Dropout,Management,Male,Single,Daytime,No,Yes,Yes,Yes,No,18,17-20,152.1,143.0,5,4,13.333333333333334,5,2,13.5,0.4,1,0.947
Graduate,Social Service (evening),Male,Married,Evening,No,Yes,No,Yes,No,45,40+,162.9,165.0,6,6,13.666666666666666,6,6,13.666666666666666,1.0,0,0.066
Enrolled,Tourism,Male,Single,Daytime,No,Yes,No,No,No,20,17-20,137.2,154.0,6,3,10.0,6,5,10.8,0.833,0,0.58
Graduate,Agronomy,Male,Single,Daytime,No,Yes,No,Yes,No,22,21-24,140.0,140.0,6,5,12.6,6,6,11.714285714285714,1.0,0,0.106
Dropout,Informatics Engineering,Male,Single,Daytime,No,Yes,No,No,No,39,30-39,146.5,140.0,5,3,17.333333333333332,5,1,17.0,0.2,1,0.966
Enrolled,Veterinary Nursing,Male,Single,Daytime,No,No,No,No,No,20,17-20,130.0,130.0,6,5,13.2,6,3,12.0,0.5,0,0.973
Dropout,Management,Male,Married,Daytime,No,Yes,No,No,No,49,40+,128.0,133.1,5,3,14.0,5,3,13.666666666666666,0.6,1,0.787
Dropout,Oral Hygiene,Male,Single,Daytime,No,Yes,No,Yes,No,43,40+,190.0,190.0,4,4,13.875,1,1,12.5,1.0,1,0.787
Dropout,Management (evening),Male,Married,Evening,No,Yes,No,Yes,No,32,30-39,133.2,120.0,5,0,0.0,5,0,0.0,0.0,1,0.998
Graduate,Social Service,Male,Single,Daytime,No,Yes,No,No,No,47,40+,124.3,100.0,9,9,13.11111111111111,7,7,14.857142857142858,1.0,0,0.062
Dropout,Management (evening),Male,Facto union,Evening,Yes,Yes,No,No,No,37,30-39,138.1,120.0,5,5,13.0,5,4,13.333333333333334,0.8,1,0.099
Graduate,Social Service (evening),Male,Married,Evening,No,Yes,No,No,No,41,40+,144.3,133.1,10,10,12.5,7,7,12.142857142857142,1.0,0,0.095
Graduate,Agronomy,Male,Married,Daytime,No,Yes,No,No,No,60,40+,140.0,150.0,18,18,14.11111111111111,13,13,14.23076923076923,1.0,0,0.066
Graduate,Tourism,Male,Married,Daytime,No,Yes,No,No,No,47,40+,148.3,120.0,11,11,14.727272727272728,9,9,15.77777777777778,1.0,0,0.052
Dropout,Social Service (evening),Male,Single,Evening,No,No,Yes,No,No,50,40+,96.0,133.1,6,0,0.0,5,0,0.0,0.0,1,1.0
Dropout,Management (evening),Male,Married,Evening,No,Yes,No,Yes,No,45,40+,121.7,133.1,5,0,0.0,5,0,0.0,0.0,1,0.997
Dropout,Informatics Engineering,Male,Single,Daytime,No,No,Yes,No,No,45,40+,160.0,100.0,5,0,0.0,5,0,0.0,0.0,1,1.0
Graduate,Veterinary Nursing,Male,Married,Daytime,No,Yes,No,No,No,33,30-39,110.3,133.1,5,4,13.5,5,5,11.6,1.0,0,0.145
Graduate,Nursing,Male,Single,Daytime,No,Yes,No,No,No,18,17-20,129.0,143.0,8,7,13.105714285714283,8,7,13.105714285714283,0.875,0,0.076
Graduate,Veterinary Nursing,Male,Married,Daytime,No,Yes,No,No,No,43,40+,150.0,120.0,5,5,13.5,5,5,14.4,1.0,0,0.065
Graduate,Social Service (evening),Male,Single,Evening,No,Yes,No,No,No,44,40+,100.0,161.0,13,13,11.846153846153848,11,11,12.0,1.0,0,0.069
Dropout,Equinculture,Male,Single,Daytime,No,Yes,No,No,No,29,25-29,107.5,133.1,5,0,0.0,5,0,0.0,0.0,1,0.998
Dropout,Advertising & Marketing,Male,Divorced,Daytime,No,No,Yes,No,No,53,40+,170.0,140.0,6,3,14.333333333333334,6,0,0.0,0.0,1,1.0
Enrolled,Management (evening),Male,Married,Evening,No,Yes,No,No,No,37,30-39,123.0,123.0,5,5,15.8,5,5,17.6,1.0,0,0.087
Enrolled,Advertising & Marketing,Male,Single,Daytime,No,Yes,No,Yes,No,18,17-20,138.5,142.0,6,5,13.8,6,5,12.4,0.833,0,0.534
Dropout,Biofuel Production Tech,Male,Single,Daytime,No,Yes,Yes,No,No,35,30-39,140.0,133.1,10,6,12.666666666666666,9,3,12.0,0.333,1,0.964
Enrolled,Tourism,Male,Single,Daytime,No,Yes,No,No,No,23,21-24,113.6,115.0,6,6,13.0,6,6,12.0,1.0,0,0.099
Graduate,Animation & Multimedia Design,Male,Single,Daytime,No,Yes,No,Yes,No,22,21-24,170.0,156.0,0,0,0.0,0,0,0.0,,0,0.416
Dropout,Social Service (evening),Male,Single,Evening,No,No,No,No,No,33,30-39,115.5,140.0,6,1,11.0,6,0,0.0,0.0,1,1.0
Dropout,Equinculture,Male,Single,Daytime,No,No,No,No,No,41,40+,130.0,130.0,5,0,0.0,5,0,0.0,0.0,1,0.999
Graduate,Nursing,Male,Divorced,Daytime,No,Yes,No,No,No,51,40+,140.0,140.0,7,7,15.2,8,8,16.575,1.0,0,0.124
Graduate,Advertising & Marketing,Male,Single,Daytime,No,Yes,No,No,No,19,17-20,126.6,140.0,6,6,14.428571428571429,7,7,14.375,1.0,0,0.115
Dropout,Management (evening),Male,Single,Evening,No,Yes,No,No,No,35,30-39,143.2,133.1,5,0,0.0,5,0,0.0,0.0,1,0.999
Graduate,Animation & Multimedia Design,Male,Single,Daytime,No,Yes,No,Yes,Yes,20,17-20,131.4,131.0,0,0,0.0,0,0,0.0,,0,0.274
Enrolled,Advertising & Marketing,Male,Single,Daytime,No,Yes,No,Yes,No,18,17-20,133.3,141.0,6,4,13.75,6,5,11.2,0.833,0,0.677
Dropout,Journalism & Communication,Male,Single,Daytime,Yes,No,Yes,No,No,18,17-20,118.3,120.0,6,5,12.166666666666666,6,3,12.0,0.5,1,0.976
Graduate,Agronomy,Male,Single,Daytime,No,Yes,No,No,No,21,21-24,140.0,140.0,6,5,12.142857142857142,6,5,11.666666666666666,0.833,0,0.224
Graduate,Tourism,Male,Single,Daytime,No,Yes,No,Yes,No,21,21-24,124.7,132.0,6,6,12.0,6,5,11.6,0.833,0,0.232
Graduate,Management,Male,Married,Daytime,No,Yes,No,No,No,34,30-39,140.0,130.0,5,3,11.666666666666666,5,4,12.75,0.8,0,0.425
Dropout,Equinculture,Male,Divorced,Daytime,No,Yes,No,Yes,No,34,30-39,150.0,140.0,6,0,0.0,6,0,0.0,0.0,1,0.999
Graduate,Advertising & Marketing,Male,Single,Daytime,No,Yes,No,Yes,No,21,21-24,115.6,110.0,6,6,11.875,6,5,12.0,0.833,0,0.264
Enrolled,Journalism & Communication,Male,Single,Daytime,No,Yes,No,No,No,32,30-39,116.9,140.0,11,7,11.285714285714286,7,6,12.333333333333334,0.857,0,0.795
Dropout,Tourism,Male,Single,Daytime,No,Yes,No,Yes,No,30,30-39,123.4,130.0,6,2,10.0,6,3,11.333333333333334,0.5,1,0.958
Enrolled,Animation & Multimedia Design,Male,Single,Daytime,No,Yes,Yes,Yes,No,19,17-20,146.5,137.0,12,11,12.0,11,10,11.181818181818182,0.909,0,0.059
Dropout,Journalism & Communication,Male,Single,Daytime,No,Yes,No,Yes,No,20,17-20,117.1,158.0,7,6,13.833333333333334,6,5,13.0,0.833,1,0.365
Dropout,Communication Design,Male,Single,Daytime,No,Yes,No,Yes,No,18,17-20,113.9,124.0,6,0,0.0,6,0,0.0,0.0,1,0.999
Graduate,Tourism,Male,Single,Daytime,No,Yes,No,No,No,19,17-20,128.7,136.0,6,6,14.428571428571429,6,6,12.5,1.0,0,0.065
Dropout,Nursing,Male,Single,Daytime,No,Yes,No,Yes,No,18,17-20,132.9,142.0,7,5,14.2,7,6,12.4,0.857,1,0.415
Dropout,Management (evening),Male,Single,Evening,No,Yes,No,No,No,27,25-29,123.0,150.0,5,4,11.5,5,3,10.333333333333334,0.6,1,0.72
Graduate,Journalism & Communication,Male,Single,Daytime,No,Yes,No,Yes,No,52,40+,129.8,120.0,6,5,13.0,6,6,15.0,1.0,0,0.218
Dropout,Agronomy,Male,Married,Daytime,No,No,No,Yes,No,29,25-29,156.1,149.0,6,0,0.0,6,0,0.0,0.0,1,1.0
Dropout,Agronomy,Male,Single,Daytime,No,No,Yes,Yes,No,22,21-24,120.0,130.0,6,3,11.333333333333334,6,2,11.0,0.333,1,0.998
Graduate,Veterinary Nursing,Male,Single,Daytime,No,Yes,No,Yes,Yes,28,25-29,117.2,110.0,18,18,12.5,13,12,11.428571428571429,0.923,0,0.0
Dropout,Advertising & Marketing,Male,Single,Daytime,No,Yes,No,Yes,No,30,30-39,107.0,133.1,5,0,0.0,5,0,0.0,0.0,1,0.997
Graduate,Nursing,Female,Single,Daytime,No,Yes,No,Yes,No,18,17-20,128.4,134.0,7,7,13.471428571428572,8,8,13.944444444444445,1.0,0,0.032
Graduate,Advertising & Marketing,Female,Single,Daytime,No,Yes,No,Yes,No,21,21-24,123.4,130.0,5,4,11.75,5,3,13.333333333333334,0.6,0,0.443
Graduate,Communication Design,Female,Single,Daytime,Yes,Yes,Yes,Yes,No,20,17-20,126.7,141.0,6,6,13.333333333333334,6,6,14.666666666666666,1.0,0,0.069
Graduate,Nursing,Female,Single,Daytime,Yes,Yes,No,Yes,No,21,21-24,123.0,123.0,8,8,13.105,8,8,13.105,1.0,0,0.009
Dropout,Management (evening),Female,Married,Evening,No,No,Yes,No,No,32,30-39,137.2,133.1,5,0,0.0,5,0,0.0,0.0,1,1.0
Graduate,Communication Design,Male,Single,Daytime,Yes,Yes,No,Yes,No,20,17-20,125.9,122.0,6,6,15.5,6,6,12.166666666666666,1.0,0,0.057
Dropout,Animation & Multimedia Design,Male,Single,Daytime,No,No,Yes,Yes,No,19,17-20,138.0,132.0,0,0,0.0,0,0,0.0,,1,0.98
Dropout,Advertising & Marketing,Male,Single,Daytime,No,No,Yes,No,Yes,18,17-20,128.2,133.1,6,4,11.25,6,3,12.333333333333334,0.5,1,0.971
Dropout,Management (evening),Male,Single,Evening,No,No,No,Yes,No,23,21-24,126.5,130.0,15,12,11.0,14,11,11.363636363636363,0.786,1,0.962
Graduate,Tourism,Male,Single,Daytime,No,Yes,No,Yes,No,20,17-20,112.4,111.0,6,6,12.333333333333334,6,4,13.0,0.667,0,0.401
Graduate,Management,Female,Married,Daytime,No,Yes,No,Yes,No,46,40+,109.0,133.1,9,8,11.375,5,5,11.8,1.0,0,0.15
Graduate,Agronomy,Male,Single,Daytime,No,Yes,No,No,No,27,25-29,100.0,125.0,18,18,12.22222222222222,12,12,12.384615384615383,1.0,0,0.037
Enrolled,Animation & Multimedia Design,Male,Single,Daytime,No,Yes,No,Yes,No,20,17-20,144.7,137.0,0,0,0.0,0,0,0.0,,0,0.618
Graduate,Social Service (evening),Male,Married,Evening,No,Yes,No,Yes,No,41,40+,120.0,100.0,9,9,12.0,7,6,12.0,0.857,0,0.173
Enrolled,Management,Male,Single,Daytime,No,Yes,Yes,No,Yes,40,40+,100.0,133.1,5,1,11.0,5,1,10.0,0.2,0,0.913
Graduate,Social Service (evening),Male,Married,Evening,No,Yes,No,No,No,37,30-39,154.0,150.0,16,16,14.125,11,10,13.0,0.909,0,0.029
Enrolled,Management,Male,Single,Daytime,No,Yes,No,No,No,20,17-20,111.3,120.0,5,5,10.2,5,5,11.2,1.0,0,0.132
Enrolled,Equinculture,Female,Single,Daytime,No,Yes,No,Yes,No,20,17-20,150.0,150.0,5,4,12.0,5,4,12.4,0.8,0,0.178
Graduate,Management (evening),Female,Single,Evening,No,Yes,No,No,No,26,25-29,100.0,133.1,9,9,12.333333333333334,7,7,12.571428571428571,1.0,0,0.058
Graduate,Social Service (evening),Male,Married,Evening,No,Yes,No,No,No,54,40+,162.5,133.1,9,9,14.333333333333334,7,7,13.857142857142858,1.0,0,0.069
Graduate,Advertising & Marketing,Male,Single,Daytime,No,Yes,No,Yes,No,21,21-24,134.1,132.0,6,6,15.166666666666666,6,6,14.0,1.0,0,0.117
Graduate,Veterinary Nursing,Female,Single,Daytime,Yes,Yes,No,Yes,No,20,17-20,133.0,134.0,6,6,15.142857142857142,6,6,15.142857142857142,1.0,0,0.027
Dropout,Journalism & Communication,Female,Single,Daytime,No,Yes,No,Yes,No,18,17-20,119.0,126.0,6,0,0.0,6,0,0.0,0.0,1,0.999
Enrolled,Nursing,Female,Single,Daytime,No,Yes,No,Yes,No,19,17-20,131.1,136.0,7,6,13.411428571428573,8,7,13.294444444444444,0.875,0,0.118
Graduate,Social Service,Female,Single,Daytime,No,Yes,No,Yes,No,18,17-20,129.4,129.0,6,6,12.333333333333334,6,6,12.166666666666666,1.0,0,0.06
Enrolled,Veterinary Nursing,Female,Single,Daytime,No,Yes,No,Yes,No,19,17-20,123.9,126.0,6,4,11.8,6,4,12.2,0.667,0,0.684
Dropout,Veterinary Nursing,Female,Single,Daytime,No,Yes,Yes,Yes,No,22,21-24,140.0,140.0,6,6,12.0,6,3,12.0,0.5,1,0.821
Graduate,Veterinary Nursing,Female,Single,Daytime,No,Yes,No,No,No,19,17-20,162.0,162.0,6,6,15.0,6,6,15.625,1.0,0,0.046
Dropout,Animation & Multimedia Design,Female,Single,Daytime,No,Yes,No,Yes,No,21,21-24,131.6,148.0,12,8,13.875,11,9,12.7,0.818,1,0.129
Enrolled,Basic Education,Female,Single,Daytime,No,Yes,No,No,No,20,17-20,110.6,119.0,7,6,11.833333333333334,7,6,14.333333333333334,0.857,0,0.046
Graduate,Journalism & Communication,Female,Single,Daytime,Yes,Yes,No,Yes,No,18,17-20,117.4,123.0,6,6,12.5,6,6,13.833333333333334,1.0,0,0.036
Graduate,Journalism & Communication,Female,Single,Daytime,Yes,Yes,No,Yes,No,18,17-20,137.8,150.0,6,6,15.0,6,6,15.5,1.0,0,0.022
Dropout,Advertising & Marketing,Female,Single,Daytime,No,Yes,Yes,Yes,No,20,17-20,106.7,113.0,6,2,11.666666666666666,6,4,10.5,0.667,1,0.964
Graduate,Nursing,Female,Single,Daytime,Yes,Yes,No,No,No,18,17-20,156.9,152.0,7,7,14.668,8,8,14.63375,1.0,0,0.007
Enrolled,Nursing,Female,Single,Daytime,No,Yes,No,Yes,No,18,17-20,129.0,154.0,8,6,13.345,8,6,13.345,0.75,0,0.105
Graduate,Journalism & Communication,Female,Single,Daytime,Yes,Yes,No,Yes,No,20,17-20,124.8,130.0,6,5,12.8,6,6,12.333333333333334,1.0,0,0.054
Graduate,Social Service,Female,Single,Daytime,No,Yes,No,Yes,No,19,17-20,115.1,121.0,6,6,10.833333333333334,6,6,12.142857142857142,1.0,0,0.065
Graduate,Communication Design,Female,Single,Daytime,No,Yes,No,Yes,No,18,17-20,146.7,153.0,6,6,13.666666666666666,6,5,14.0,0.833,0,0.1
Graduate,Nursing,Female,Single,Daytime,No,Yes,No,No,No,18,17-20,132.8,148.0,8,7,14.537142857142856,8,7,14.537142857142856,0.875,0,0.048
Dropout,Veterinary Nursing,Female,Single,Daytime,Yes,Yes,Yes,No,No,18,17-20,159.1,143.0,5,5,14.4,5,5,14.0,1.0,1,0.086
Graduate,Animation & Multimedia Design,Female,Single,Daytime,Yes,Yes,No,Yes,No,20,17-20,137.6,147.0,0,0,0.0,0,0,0.0,,0,0.345
Graduate,Journalism & Communication,Female,Single,Daytime,Yes,Yes,No,No,No,19,17-20,124.0,138.0,6,6,13.166666666666666,6,6,13.833333333333334,1.0,0,0.019
Dropout,Nursing,Male,Single,Daytime,No,No,No,No,No,36,30-39,149.0,120.0,6,2,11.5,7,0,0.0,0.0,1,1.0
Graduate,Social Service,Female,Single,Daytime,Yes,Yes,No,No,No,19,17-20,129.6,145.0,6,6,11.333333333333334,6,6,12.428571428571429,1.0,0,0.015
Graduate,Social Service,Female,Single,Daytime,No,Yes,No,Yes,No,18,17-20,110.0,118.0,6,6,12.0,6,5,13.6,0.833,0,0.122
Graduate,Journalism & Communication,Female,Single,Daytime,Yes,Yes,No,No,No,18,17-20,116.1,121.0,6,6,13.166666666666666,6,6,12.166666666666666,1.0,0,0.027
Graduate,Journalism & Communication,Female,Single,Daytime,Yes,Yes,No,Yes,No,18,17-20,133.3,135.0,6,6,14.833333333333334,6,6,14.166666666666666,1.0,0,0.025
Graduate,Communication Design,Female,Single,Daytime,No,Yes,No,Yes,No,19,17-20,144.3,140.0,7,7,13.0,9,9,13.22222222222222,1.0,0,0.069
Graduate,Nursing,Female,Single,Daytime,No,Yes,No,Yes,No,18,17-20,133.6,145.0,7,7,13.087142857142856,8,8,12.95,1.0,0,0.033
Graduate,Equinculture,Female,Single,Daytime,Yes,Yes,No,Yes,No,19,17-20,123.2,133.0,6,6,13.333333333333334,6,6,13.666666666666666,1.0,0,0.019
Enrolled,Basic Education,Female,Single,Daytime,No,Yes,No,Yes,No,18,17-20,137.2,127.0,6,6,12.166666666666666,6,4,12.75,0.667,0,0.277
Enrolled,Communication Design,Female,Single,Daytime,Yes,No,No,Yes,No,22,21-24,130.0,130.0,6,6,11.0,6,4,12.0,0.667,0,0.551
Dropout,Social Service,Female,Single,Daytime,No,No,Yes,Yes,No,18,17-20,110.0,117.0,6,0,0.0,6,0,0.0,0.0,1,1.0
Graduate,Management,Female,Single,Daytime,No,Yes,No,Yes,No,19,17-20,118.0,125.0,5,5,13.6,5,5,12.2,1.0,0,0.127
Graduate,Journalism & Communication,Female,Single,Daytime,No,Yes,No,Yes,No,18,17-20,128.4,141.0,6,6,15.5,6,6,14.0,1.0,0,0.056
Graduate,Basic Education,Female,Single,Daytime,No,Yes,No,No,No,19,17-20,113.6,122.0,7,7,13.857142857142858,7,7,14.285714285714286,1.0,0,0.025
Enrolled,Management,Female,Single,Daytime,No,Yes,Yes,Yes,No,20,17-20,113.5,118.0,5,2,11.5,5,3,10.0,0.6,0,0.963
Graduate,Communication Design,Female,Single,Daytime,Yes,Yes,No,Yes,No,18,17-20,146.9,142.0,6,6,13.0,6,6,12.166666666666666,1.0,0,0.033
Enrolled,Equinculture,Female,Single,Daytime,No,No,Yes,No,No,23,21-24,141.3,143.0,6,6,14.0,6,4,13.0,0.667,0,0.927
Dropout,Journalism & Communication,Female,Single,Daytime,No,Yes,No,Yes,No,20,17-20,129.7,143.0,4,0,0.0,6,0,0.0,0.0,1,0.998
Enrolled,Communication Design,Female,Single,Daytime,No,Yes,No,Yes,No,20,17-20,121.3,123.0,6,6,11.166666666666666,6,6,11.5,1.0,0,0.081
Dropout,Social Service,Female,Single,Daytime,Yes,No,Yes,Yes,No,22,21-24,109.1,115.0,6,0,0.0,6,0,0.0,0.0,1,1.0
Graduate,Basic Education,Female,Single,Daytime,Yes,Yes,No,Yes,No,18,17-20,107.1,112.0,7,7,12.142857142857142,7,6,13.666666666666666,0.857,0,0.036
Graduate,Nursing,Female,Single,Daytime,Yes,Yes,No,No,No,18,17-20,129.2,135.0,7,7,14.145714285714286,8,8,13.627777777777778,1.0,0,0.008
Graduate,Nursing,Female,Single,Daytime,No,Yes,No,No,No,18,17-20,154.1,162.0,7,7,14.45,8,8,14.144444444444444,1.0,0,0.017
Graduate,Basic Education,Female,Single,Daytime,No,Yes,No,No,No,18,17-20,147.2,143.0,7,7,15.714285714285714,7,7,15.0,1.0,0,0.023
Enrolled,Management,Female,Single,Daytime,No,Yes,No,No,No,21,21-24,120.0,130.0,5,5,12.8,5,3,12.666666666666666,0.6,0,0.452
Enrolled,Communication Design,Female,Single,Daytime,No,Yes,No,No,No,20,17-20,130.8,136.0,6,6,12.5,6,6,11.5,1.0,0,0.039
Graduate,Communication Design,Female,Single,Daytime,No,Yes,No,Yes,No,18,17-20,120.8,125.0,6,6,14.5,6,6,12.833333333333334,1.0,0,0.075
Enrolled,Nursing,Female,Single,Daytime,Yes,No,No,Yes,No,20,17-20,125.4,132.0,7,7,13.462857142857144,8,7,13.164285714285716,0.875,0,0.266
Graduate,Social Service (evening),Female,Single,Evening,No,Yes,No,Yes,No,25,25-29,121.3,123.0,6,6,12.833333333333334,6,6,12.833333333333334,1.0,0,0.041
Graduate,Management,Female,Single,Daytime,Yes,Yes,No,Yes,No,18,17-20,127.0,142.0,5,5,12.0,5,4,11.6,0.8,0,0.155
Graduate,Animation & Multimedia Design,Female,Single,Daytime,No,Yes,No,Yes,No,19,17-20,151.6,147.0,0,0,0.0,0,0,0.0,,0,0.488
Enrolled,Veterinary Nursing,Female,Single,Daytime,No,Yes,No,Yes,Yes,20,17-20,131.6,140.0,7,6,14.714285714285714,7,6,13.2,0.857,0,0.015
Graduate,Social Service,Female,Single,Daytime,Yes,Yes,No,Yes,No,20,17-20,106.0,133.1,6,6,12.571428571428571,6,6,13.285714285714286,1.0,0,0.033
Graduate,Journalism & Communication,Female,Single,Daytime,Yes,Yes,No,Yes,No,21,21-24,111.6,114.0,6,6,12.5,6,6,11.5,1.0,0,0.049
Graduate,Advertising & Marketing,Female,Single,Daytime,No,Yes,No,Yes,No,18,17-20,117.3,125.0,6,6,14.0,6,5,14.0,0.833,0,0.149
Dropout,Basic Education,Female,Single,Daytime,No,Yes,No,Yes,No,18,17-20,121.4,127.0,7,7,11.571428571428571,7,6,13.166666666666666,0.857,1,0.085
Graduate,Communication Design,Female,Single,Daytime,Yes,Yes,No,Yes,No,18,17-20,126.1,132.0,6,6,15.833333333333334,6,6,15.333333333333334,1.0,0,0.025
Graduate,Nursing,Female,Single,Daytime,No,Yes,No,Yes,No,18,17-20,137.0,148.0,8,8,14.25,8,8,14.25,1.0,0,0.014
Dropout,Advertising & Marketing,Female,Single,Daytime,No,Yes,No,No,No,19,17-20,120.8,139.0,6,0,0.0,6,0,0.0,0.0,1,0.998
Dropout,Tourism,Female,Single,Daytime,No,Yes,No,Yes,No,20,17-20,128.7,136.0,6,6,11.666666666666666,6,6,11.0,1.0,1,0.122
Dropout,Social Service,Female,Single,Daytime,No,Yes,No,No,No,47,40+,118.0,133.1,6,0,0.0,5,0,0.0,0.0,1,0.999
Enrolled,Equinculture,Female,Single,Daytime,No,Yes,Yes,No,Yes,21,21-24,120.0,120.0,5,5,13.2,5,2,12.5,0.4,0,0.151
Dropout,Equinculture,Male,Married,Daytime,No,Yes,No,No,No,31,30-39,160.0,130.0,6,2,12.0,6,1,10.0,0.167,1,0.991
Dropout,Informatics Engineering,Male,Married,Daytime,No,Yes,No,Yes,No,46,40+,150.0,110.0,5,0,0.0,5,0,0.0,0.0,1,0.997
Enrolled,Informatics Engineering,Male,Single,Daytime,No,Yes,No,Yes,No,18,17-20,121.8,133.0,5,4,12.0,5,2,11.0,0.4,0,0.856
Dropout,Informatics Engineering,Male,Single,Daytime,No,Yes,No,Yes,No,19,17-20,125.4,138.0,5,3,13.333333333333334,5,4,10.75,0.8,1,0.809
Enrolled,Oral Hygiene,Male,Single,Daytime,No,Yes,No,Yes,No,23,21-24,126.6,131.0,7,5,12.414285714285713,7,2,13.5,0.286,0,0.878
Dropout,Equinculture,Male,Single,Daytime,No,No,No,No,No,22,21-24,150.0,150.0,5,0,0.0,5,0,0.0,0.0,1,1.0
Graduate,Management,Male,Single,Daytime,No,Yes,No,Yes,No,19,17-20,114.5,125.0,5,5,13.8,5,5,12.4,1.0,0,0.164
Dropout,Management,Female,Single,Daytime,No,No,Yes,No,Yes,19,17-20,107.0,108.0,5,0,0.0,5,0,0.0,0.0,1,1.0
Enrolled,Management,Male,Single,Daytime,No,No,No,No,No,22,21-24,115.7,116.0,5,4,11.5,5,4,14.0,0.8,0,0.863
Dropout,Equinculture,Male,Single,Daytime,No,No,Yes,No,No,29,25-29,120.0,133.1,5,0,0.0,5,0,0.0,0.0,1,1.0
Graduate,Nursing,Female,Single,Daytime,No,Yes,No,Yes,No,18,17-20,134.8,147.0,7,6,14.016666666666666,7,6,14.016666666666666,0.857,0,0.082
Graduate,Social Service,Female,Single,Daytime,No,Yes,No,Yes,No,18,17-20,133.6,143.0,6,5,11.4,6,5,10.8,0.833,0,0.19
Dropout,Animation & Multimedia Design,Female,Single,Daytime,Yes,No,Yes,Yes,No,23,21-24,129.0,115.0,0,0,0.0,0,0,0.0,,1,0.918
Graduate,Management (evening),Female,Married,Evening,No,Yes,No,No,No,34,30-39,128.4,160.0,5,5,10.4,5,5,12.0,1.0,0,0.048
Graduate,Management,Female,Single,Daytime,No,Yes,No,No,No,19,17-20,122.2,118.0,5,3,10.666666666666666,5,4,10.25,0.8,0,0.483
Enrolled,Veterinary Nursing,Female,Single,Daytime,No,Yes,No,Yes,No,18,17-20,113.3,122.0,5,4,14.25,5,5,12.714285714285714,1.0,0,0.212
Graduate,Nursing,Female,Single,Daytime,Yes,Yes,No,No,No,20,17-20,129.9,143.0,7,7,13.914285714285713,8,8,14.10625,1.0,0,0.035
Graduate,Nursing,Female,Single,Daytime,No,Yes,No,Yes,No,19,17-20,126.2,133.0,7,7,13.761111111111113,8,7,12.82375,0.875,0,0.093
Enrolled,Basic Education,Female,Single,Daytime,No,Yes,No,Yes,No,22,21-24,112.6,122.0,6,5,12.6,6,4,11.25,0.667,0,0.513
Graduate,Social Service,Female,Single,Daytime,Yes,Yes,No,Yes,No,23,21-24,149.0,164.0,6,6,13.857142857142858,6,6,14.166666666666666,1.0,0,0.026
Graduate,Nursing,Male,Married,Daytime,Yes,Yes,No,No,No,34,30-39,120.0,133.1,8,7,13.842857142857143,8,7,13.842857142857143,0.875,0,0.048
Enrolled,Informatics Engineering,Male,Single,Daytime,No,No,Yes,Yes,No,18,17-20,120.4,127.0,5,0,0.0,5,0,0.0,0.0,0,1.0
Dropout,Journalism & Communication,Male,Single,Daytime,No,Yes,No,Yes,No,21,21-24,128.1,140.0,6,5,11.8,6,0,0.0,0.0,1,0.997
Dropout,Social Service,Male,Single,Daytime,No,Yes,No,Yes,No,22,21-24,141.7,127.0,6,6,12.666666666666666,6,6,13.833333333333334,1.0,1,0.063
Dropout,Agronomy,Male,Single,Daytime,No,Yes,No,No,No,28,25-29,130.0,133.1,6,0,0.0,6,0,0.0,0.0,1,0.999
Dropout,Informatics Engineering,Male,Single,Daytime,No,Yes,No,Yes,No,23,21-24,113.3,115.0,5,0,0.0,5,0,0.0,0.0,1,0.998
Dropout,Journalism & Communication,Male,Single,Daytime,No,Yes,No,No,No,20,17-20,105.9,108.0,6,4,10.75,6,2,10.0,0.333,1,0.891
Dropout,Informatics Engineering,Male,Single,Daytime,No,Yes,No,Yes,No,18,17-20,122.7,136.0,5,5,12.6,5,3,13.25,0.6,1,0.577
Dropout,Management,Male,Single,Daytime,No,No,Yes,Yes,No,28,25-29,120.0,133.1,5,0,0.0,5,0,0.0,0.0,1,1.0
Dropout,Communication Design,Male,Single,Daytime,No,Yes,No,No,No,21,21-24,119.8,120.0,7,2,12.0,9,7,12.142857142857142,0.778,1,0.819
Dropout,Advertising & Marketing,Male,Single,Daytime,No,No,Yes,No,No,25,25-29,122.9,133.1,6,3,14.0,6,2,14.5,0.333,1,0.999
Dropout,Veterinary Nursing,Male,Single,Daytime,No,No,No,Yes,No,19,17-20,160.0,160.0,6,6,14.0,6,6,13.5,1.0,1,0.673
Graduate,Nursing,Male,Single,Daytime,Yes,Yes,No,Yes,No,18,17-20,125.2,128.0,7,7,14.682857142857143,8,8,15.055555555555555,1.0,0,0.021
Dropout,Informatics Engineering,Male,Single,Daytime,No,Yes,No,No,No,29,25-29,143.4,130.0,3,0,0.0,5,0,0.0,0.0,1,0.98
Dropout,Informatics Engineering,Male,Single,Daytime,Yes,Yes,No,No,No,29,25-29,96.7,133.1,5,0,0.0,5,0,0.0,0.0,1,0.996
Graduate,Tourism,Male,Single,Daytime,No,Yes,No,No,No,20,17-20,126.9,137.0,6,6,13.857142857142858,6,5,12.8,0.833,0,0.194
Graduate,Animation & Multimedia Design,Male,Single,Daytime,No,Yes,No,No,No,18,17-20,143.1,163.0,0,0,0.0,0,0,0.0,,0,0.423
Graduate,Tourism,Male,Single,Daytime,No,Yes,No,No,No,20,17-20,114.5,125.0,6,6,13.142857142857142,6,6,12.5,1.0,0,0.022
Dropout,Informatics Engineering,Male,Married,Daytime,No,Yes,No,Yes,No,33,30-39,140.0,120.0,5,1,18.0,5,2,13.0,0.4,1,0.98
Graduate,Management (evening),Male,Single,Evening,No,Yes,No,No,No,30,30-39,113.7,150.0,15,13,11.461538461538462,11,10,11.583333333333334,0.909,0,0.268
Enrolled,Oral Hygiene,Male,Single,Daytime,Yes,Yes,No,No,No,21,21-24,131.5,135.0,7,5,11.2,8,6,11.583333333333334,0.75,0,0.327
Graduate,Agronomy,Male,Single,Daytime,No,Yes,Yes,No,No,18,17-20,143.5,148.0,6,5,15.0,6,4,14.5,0.667,0,0.312
Graduate,Nursing,Male,Single,Daytime,Yes,Yes,No,No,No,19,17-20,126.8,138.0,7,7,14.244444444444444,8,8,12.233333333333333,1.0,0,0.017
Dropout,Communication Design,Male,Single,Daytime,Yes,Yes,No,No,No,21,21-24,115.2,119.0,6,4,11.5,6,5,11.0,0.833,1,0.266
Dropout,Oral Hygiene,Male,Single,Daytime,Yes,Yes,No,No,No,25,25-29,100.0,130.0,7,2,10.0,7,0,0.0,0.0,1,0.999
Graduate,Advertising & Marketing,Male,Single,Daytime,No,Yes,No,No,No,19,17-20,121.4,135.0,5,3,12.333333333333334,5,5,11.6,1.0,0,0.279
Dropout,Communication Design,Male,Single,Daytime,No,Yes,No,Yes,No,23,21-24,120.0,120.0,7,5,12.2,9,7,12.142857142857142,0.778,1,0.57
Graduate,Communication Design,Male,Single,Daytime,Yes,Yes,No,Yes,No,19,17-20,129.9,126.0,6,6,13.666666666666666,6,5,13.2,0.833,0,0.1
Graduate,Animation & Multimedia Design,Male,Single,Daytime,No,Yes,No,Yes,No,19,17-20,151.1,149.0,0,0,0.0,0,0,0.0,,0,0.505
Dropout,Agronomy,Male,Single,Daytime,No,No,Yes,No,No,31,30-39,120.0,110.0,6,1,11.0,6,0,0.0,0.0,1,1.0
Dropout,Agronomy,Male,Single,Daytime,No,No,Yes,No,No,32,30-39,130.0,133.1,6,3,13.0,10,6,11.428571428571429,0.6,1,0.999
Graduate,Nursing,Female,Single,Daytime,Yes,Yes,No,Yes,No,19,17-20,119.0,127.0,8,7,12.599999999999998,8,7,12.599999999999998,0.875,0,0.041
Graduate,Journalism & Communication,Female,Single,Daytime,No,Yes,No,Yes,No,34,30-39,122.0,120.0,10,10,12.2,10,9,12.333333333333334,0.9,0,0.164
Graduate,Journalism & Communication,Female,Single,Daytime,No,Yes,No,Yes,No,21,21-24,129.7,136.0,6,6,13.166666666666666,6,6,13.0,1.0,0,0.07
Graduate,Social Service,Female,Single,Daytime,Yes,Yes,No,Yes,No,53,40+,112.5,110.0,7,6,11.0,7,7,11.0,1.0,0,0.24
Graduate,Nursing,Female,Single,Daytime,Yes,Yes,No,No,No,19,17-20,136.0,136.0,7,7,14.014285714285714,8,8,15.35,1.0,0,0.008
Graduate,Journalism & Communication,Female,Single,Daytime,Yes,Yes,No,No,No,20,17-20,133.1,145.0,6,4,13.0,6,4,11.25,0.667,0,0.379
Graduate,Journalism & Communication,Female,Single,Daytime,No,Yes,No,Yes,No,18,17-20,151.3,159.0,6,6,14.0,6,6,14.666666666666666,1.0,0,0.043
Dropout,Animation & Multimedia Design,Female,Single,Daytime,No,No,No,No,No,32,30-39,133.3,147.0,0,0,0.0,0,0,0.0,,1,0.843
Graduate,Nursing,Female,Single,Daytime,Yes,Yes,No,Yes,No,21,21-24,130.8,150.0,8,7,14.428571428571429,8,7,14.428571428571429,0.875,0,0.039
Dropout,Social Service (evening),Female,Single,Evening,No,No,No,No,No,26,25-29,140.0,140.0,5,0,0.0,5,0,0.0,0.0,1,1.0
Graduate,Veterinary Nursing,Female,Single,Daytime,No,Yes,No,Yes,No,26,25-29,150.0,150.0,18,18,11.833333333333334,13,13,12.461538461538462,1.0,0,0.0
Dropout,Management (evening),Female,Married,Evening,No,No,No,No,No,21,21-24,130.0,130.0,5,3,11.333333333333334,5,1,13.0,0.2,1,0.978
Graduate,Journalism & Communication,Female,Single,Daytime,No,Yes,No,No,No,18,17-20,125.3,120.0,6,6,12.5,6,6,13.0,1.0,0,0.032
Graduate,Communication Design,Female,Single,Daytime,Yes,Yes,No,Yes,No,21,21-24,124.0,130.0,12,12,13.333333333333334,12,11,12.545454545454543,0.917,0,0.005
Enrolled,Tourism,Female,Single,Daytime,No,Yes,No,Yes,No,21,21-24,113.8,112.0,6,6,10.833333333333334,6,4,11.0,0.667,0,0.255
Graduate,Advertising & Marketing,Female,Single,Daytime,Yes,Yes,No,No,No,19,17-20,124.4,128.0,6,6,13.0,6,6,14.0,1.0,0,0.023
Dropout,Management,Female,Single,Daytime,No,Yes,No,No,No,19,17-20,107.7,114.0,5,2,10.0,5,2,14.0,0.4,1,0.839
Graduate,Social Service,Female,Single,Daytime,Yes,Yes,No,No,No,19,17-20,110.0,118.0,6,6,11.428571428571429,6,5,11.2,0.833,0,0.07
Graduate,Nursing,Female,Single,Daytime,No,Yes,No,Yes,No,27,25-29,130.0,130.0,8,8,12.8875,8,8,12.8875,1.0,0,0.016
Graduate,Nursing,Female,Single,Daytime,Yes,Yes,No,Yes,No,18,17-20,138.8,145.0,7,6,12.95,7,6,12.95,0.857,0,0.056
Dropout,Management,Female,Single,Daytime,No,Yes,No,Yes,No,20,17-20,126.3,121.0,5,1,10.0,5,0,0.0,0.0,1,0.996
Graduate,Nursing,Female,Single,Daytime,Yes,Yes,No,Yes,No,19,17-20,114.5,114.0,7,7,13.094285714285714,8,8,12.55,1.0,0,0.017
Dropout,Advertising & Marketing,Female,Single,Daytime,No,Yes,No,Yes,No,20,17-20,116.5,127.0,6,0,0.0,6,0,0.0,0.0,1,0.999
Graduate,Social Service,Female,Single,Daytime,Yes,Yes,No,Yes,No,19,17-20,128.6,145.0,6,5,11.714285714285714,6,6,11.0,1.0,0,0.067
Enrolled,Social Service,Female,Single,Daytime,No,Yes,No,Yes,No,20,17-20,130.0,130.0,6,4,11.25,6,3,10.0,0.5,0,0.84
Dropout,Animation & Multimedia Design,Female,Single,Daytime,No,Yes,No,No,No,20,17-20,134.6,150.0,0,0,0.0,0,0,0.0,,1,0.402
Graduate,Basic Education,Female,Single,Daytime,No,Yes,No,No,No,18,17-20,146.8,145.0,6,6,13.166666666666666,6,6,13.333333333333334,1.0,0,0.024
Graduate,Veterinary Nursing,Female,Single,Daytime,No,Yes,No,Yes,No,20,17-20,135.7,128.0,5,4,12.75,5,5,13.4,1.0,0,0.166
Dropout,Management (evening),Female,Married,Evening,No,No,No,No,No,38,30-39,120.0,140.0,5,5,10.6,5,2,11.0,0.4,1,0.956
Graduate,Social Service (evening),Female,Divorced,Evening,No,Yes,No,No,No,42,40+,138.0,130.0,6,5,11.2,6,6,12.0,1.0,0,0.057
Dropout,Nursing,Female,Single,Daytime,No,Yes,No,No,No,32,30-39,135.5,140.0,7,0,0.0,8,0,0.0,0.0,1,1.0
Graduate,Journalism & Communication,Female,Single,Daytime,No,Yes,No,Yes,Yes,22,21-24,120.0,120.0,6,6,13.0,6,6,13.666666666666666,1.0,0,0.013
Dropout,Management (evening),Female,Married,Evening,No,Yes,No,Yes,No,28,25-29,111.7,147.0,5,0,0.0,5,0,0.0,0.0,1,0.996
Dropout,Social Service (evening),Female,Married,Evening,No,Yes,No,Yes,No,37,30-39,100.0,133.1,6,0,0.0,6,0,0.0,0.0,1,0.998
Graduate,Agronomy,Female,Married,Daytime,No,Yes,No,No,No,43,40+,160.0,160.0,6,6,14.166666666666666,6,6,15.0,1.0,0,0.029
Graduate,Social Service (evening),Female,Legally separated,Evening,Yes,Yes,No,No,No,41,40+,114.8,133.1,6,5,12.833333333333334,6,6,12.333333333333334,1.0,0,0.042
Graduate,Social Service (evening),Female,Divorced,Evening,Yes,Yes,No,No,No,29,25-29,131.0,140.0,6,4,11.75,6,5,10.4,0.833,0,0.091
Graduate,Social Service (evening),Female,Single,Evening,Yes,Yes,No,No,No,35,30-39,97.0,133.1,6,6,10.833333333333334,6,6,11.5,1.0,0,0.03
Dropout,Social Service,Female,Single,Daytime,No,Yes,No,Yes,No,18,17-20,131.7,131.0,6,4,11.75,6,4,12.25,0.667,1,0.555
Dropout,Nursing,Female,Single,Daytime,Yes,No,No,No,No,39,30-39,120.0,133.1,7,3,11.5,7,2,10.5,0.286,1,0.997
Enrolled,Management (evening),Female,Divorced,Evening,No,Yes,No,No,No,37,30-39,110.0,120.0,5,2,10.0,5,3,11.333333333333334,0.6,0,0.782
Graduate,Nursing,Female,Single,Daytime,Yes,Yes,No,Yes,No,26,25-29,133.0,130.0,7,6,13.7,7,6,13.7,0.857,0,0.06
Dropout,Veterinary Nursing,Female,Single,Daytime,No,Yes,No,Yes,No,32,30-39,140.0,140.0,5,1,14.0,5,0,0.0,0.0,1,0.996
Enrolled,Social Service (evening),Female,Married,Evening,No,Yes,Yes,No,No,37,30-39,100.0,133.1,8,7,11.375,7,6,12.166666666666666,0.857,0,0.512
Enrolled,Veterinary Nursing,Female,Single,Daytime,No,Yes,Yes,Yes,No,28,25-29,129.3,140.0,6,0,0.0,6,0,0.0,0.0,0,0.999
Dropout,Social Service,Female,Single,Daytime,No,Yes,No,Yes,No,19,17-20,137.0,133.1,6,0,0.0,6,0,0.0,0.0,1,0.993
Enrolled,Management,Female,Single,Daytime,No,Yes,No,Yes,No,18,17-20,122.2,125.0,5,1,11.0,5,2,12.5,0.4,0,0.928
Graduate,Basic Education,Female,Single,Daytime,Yes,Yes,No,No,No,19,17-20,108.0,115.0,7,6,13.0,7,7,13.285714285714286,1.0,0,0.02
Graduate,Advertising & Marketing,Female,Married,Daytime,No,Yes,No,No,No,32,30-39,110.0,110.0,11,8,13.6,8,8,15.11111111111111,1.0,0,0.098
Dropout,Management,Female,Married,Daytime,No,Yes,No,Yes,No,31,30-39,127.7,140.0,5,3,11.0,5,2,11.5,0.4,1,0.847
Enrolled,Nursing,Female,Single,Daytime,No,Yes,No,Yes,No,34,30-39,121.3,100.0,8,7,11.705714285714285,8,7,11.705714285714285,0.875,0,0.166
Graduate,Animation & Multimedia Design,Female,Single,Daytime,No,Yes,No,Yes,No,20,17-20,140.1,145.0,12,12,13.25,11,11,14.333333333333334,1.0,0,0.002
Dropout,Nursing,Female,Single,Daytime,No,Yes,No,No,No,28,25-29,114.8,133.1,7,1,10.75,7,1,10.0,0.143,1,0.997
Enrolled,Management (evening),Female,Single,Evening,No,Yes,No,No,No,31,30-39,150.0,150.0,6,6,12.0,7,7,13.428571428571429,1.0,0,0.033
Enrolled,Journalism & Communication,Female,Single,Daytime,No,Yes,No,Yes,No,18,17-20,131.7,145.0,6,6,12.666666666666666,6,4,12.25,0.667,0,0.196
Dropout,Social Service (evening),Female,Divorced,Evening,No,No,No,No,No,31,30-39,110.0,133.1,6,5,11.4,6,3,11.0,0.5,1,0.71
Graduate,Journalism & Communication,Female,Single,Daytime,No,Yes,No,Yes,No,19,17-20,105.5,110.0,6,6,13.0,6,5,12.4,0.833,0,0.173
Graduate,Social Service,Female,Single,Daytime,Yes,Yes,No,Yes,No,19,17-20,127.3,128.0,6,6,14.0,6,6,12.285714285714286,1.0,0,0.046
Enrolled,Social Service,Female,Married,Daytime,No,Yes,No,Yes,No,31,30-39,130.0,133.1,6,0,0.0,5,0,0.0,0.0,0,0.998
Dropout,Veterinary Nursing,Female,Single,Daytime,No,Yes,No,No,No,34,30-39,130.0,130.0,6,0,0.0,6,0,0.0,0.0,1,0.998
Graduate,Oral Hygiene,Female,Single,Daytime,Yes,Yes,No,Yes,No,18,17-20,122.7,137.0,7,7,15.285714285714286,8,8,16.075,1.0,0,0.011
Graduate,Tourism,Female,Single,Daytime,No,Yes,No,Yes,No,18,17-20,113.9,123.0,6,6,13.166666666666666,6,6,12.666666666666666,1.0,0,0.061
Graduate,Management,Male,Single,Daytime,No,Yes,Yes,No,No,19,17-20,151.1,156.0,5,5,13.6,5,5,12.833333333333334,1.0,0,0.148
Dropout,Journalism & Communication,Male,Single,Daytime,Yes,No,No,Yes,No,22,21-24,125.8,133.1,4,0,0.0,4,0,0.0,0.0,1,0.999
Graduate,Advertising & Marketing,Male,Married,Daytime,No,Yes,No,No,No,32,30-39,128.2,100.0,10,10,11.4,9,4,11.5,0.444,0,0.785
Dropout,Management,Male,Single,Daytime,No,Yes,No,No,No,61,40+,135.1,140.0,5,0,0.0,5,0,0.0,0.0,1,0.999
Graduate,Management (evening),Male,Single,Evening,No,Yes,No,Yes,No,30,30-39,120.2,130.0,5,5,11.0,5,5,11.6,1.0,0,0.175
Dropout,Management (evening),Male,Married,Evening,No,No,Yes,No,No,45,40+,132.8,133.1,5,0,0.0,5,0,0.0,0.0,1,1.0
Graduate,Agronomy,Male,Single,Daytime,No,Yes,No,No,No,20,17-20,140.0,140.0,6,6,13.571428571428571,6,6,12.666666666666666,1.0,0,0.037
Dropout,Nursing,Female,Single,Daytime,No,Yes,No,No,No,19,17-20,129.3,137.0,7,0,0.0,8,0,0.0,0.0,1,1.0
Dropout,Informatics Engineering,Male,Single,Daytime,No,Yes,No,Yes,No,26,25-29,108.2,120.0,10,4,11.25,11,4,12.0,0.364,1,0.998
Dropout,Advertising & Marketing,Male,Single,Daytime,No,Yes,No,Yes,No,19,17-20,125.4,125.0,5,3,13.333333333333334,5,1,11.0,0.2,1,0.968
Graduate,Journalism & Communication,Male,Single,Daytime,Yes,Yes,No,No,No,19,17-20,140.2,130.0,6,6,12.0,6,6,11.666666666666666,1.0,0,0.038
Graduate,Journalism & Communication,Male,Single,Daytime,No,Yes,No,Yes,No,19,17-20,116.1,115.0,6,6,12.5,6,5,13.0,0.833,0,0.245
Graduate,Management,Male,Single,Daytime,Yes,Yes,No,Yes,No,19,17-20,137.8,150.0,5,5,13.2,5,5,12.666666666666666,1.0,0,0.089
Dropout,Advertising & Marketing,Male,Single,Daytime,No,No,No,Yes,No,19,17-20,128.4,134.0,5,0,0.0,4,0,0.0,0.0,1,1.0
Dropout,Advertising & Marketing,Male,Single,Daytime,No,No,No,Yes,No,28,25-29,106.0,120.0,5,3,11.666666666666666,5,2,11.5,0.4,1,0.99
Graduate,Management,Male,Single,Daytime,No,Yes,No,No,No,24,21-24,130.2,141.0,15,15,13.466666666666669,14,14,13.642857142857142,1.0,0,0.008
Graduate,Equinculture,Male,Single,Daytime,No,Yes,No,No,No,18,17-20,126.0,133.0,5,3,13.666666666666666,5,5,13.2,1.0,0,0.225
Enrolled,Informatics Engineering,Male,Single,Daytime,No,Yes,No,No,No,18,17-20,141.0,149.0,5,2,11.666666666666666,5,2,12.5,0.4,0,0.807
Graduate,Journalism & Communication,Male,Single,Daytime,Yes,Yes,No,Yes,No,18,17-20,113.0,121.0,6,6,11.666666666666666,6,5,10.2,0.833,0,0.169
Graduate,Agronomy,Male,Single,Daytime,No,Yes,No,No,No,21,21-24,120.0,120.0,6,5,13.4,6,5,12.4,0.833,0,0.169
Dropout,Management (evening),Male,Married,Evening,No,No,No,No,No,28,25-29,130.9,148.0,5,0,0.0,5,0,0.0,0.0,1,1.0
Dropout,Agronomy,Male,Single,Daytime,No,Yes,No,No,No,58,40+,120.0,133.1,6,0,0.0,6,0,0.0,0.0,1,1.0
Dropout,Management (evening),Male,Married,Evening,No,No,No,Yes,No,49,40+,134.1,135.0,5,0,0.0,5,0,0.0,0.0,1,1.0
Enrolled,Informatics Engineering,Male,Single,Daytime,No,Yes,No,No,No,24,21-24,120.0,150.0,5,3,10.666666666666666,5,2,10.5,0.4,0,0.889
Graduate,Advertising & Marketing,Male,Single,Daytime,No,Yes,No,No,No,25,25-29,114.8,130.0,5,4,13.75,5,4,14.75,0.8,0,0.317
Dropout,Management,Male,Divorced,Daytime,No,Yes,No,Yes,No,33,30-39,123.0,133.1,5,1,10.0,5,0,0.0,0.0,1,0.998
Dropout,Informatics Engineering,Male,Married,Daytime,No,No,No,No,No,33,30-39,118.0,133.1,5,0,0.0,5,0,0.0,0.0,1,1.0
Graduate,Basic Education,Male,Married,Daytime,No,Yes,No,No,No,40,40+,100.0,110.0,2,1,16.0,4,4,15.5,1.0,0,0.636
Graduate,Management (evening),Male,Married,Evening,No,Yes,No,No,No,48,40+,151.1,170.0,5,5,12.285714285714286,5,5,11.125,1.0,0,0.351
Enrolled,Informatics Engineering,Male,Single,Daytime,No,No,Yes,Yes,No,18,17-20,116.9,120.0,5,3,12.0,5,3,10.333333333333334,0.6,0,0.994
Graduate,Nursing,Male,Single,Daytime,No,Yes,No,Yes,No,24,21-24,106.0,133.1,7,6,12.666666666666666,7,6,12.666666666666666,0.857,0,0.085
Graduate,Veterinary Nursing,Male,Married,Daytime,Yes,Yes,No,No,No,23,21-24,127.1,139.0,5,5,11.8,5,4,13.25,0.8,0,0.021
Dropout,Management (evening),Male,Single,Evening,No,No,Yes,Yes,No,39,30-39,155.5,133.1,5,5,10.6,5,5,14.666666666666666,1.0,1,0.835
Graduate,Agronomy,Male,Single,Daytime,No,Yes,No,No,No,21,21-24,101.0,133.1,11,9,11.9,9,8,12.25,0.889,0,0.179
Dropout,Informatics Engineering,Male,Single,Daytime,No,Yes,No,Yes,No,34,30-39,128.2,120.0,6,4,11.25,5,2,10.5,0.4,1,0.954
Enrolled,Management (evening),Male,Married,Evening,Yes,Yes,No,No,No,41,40+,113.0,100.0,5,4,11.0,5,5,11.4,1.0,0,0.177
Graduate,Journalism & Communication,Male,Single,Daytime,No,Yes,No,No,No,18,17-20,122.8,134.0,6,6,12.0,6,6,12.5,1.0,0,0.043
Enrolled,Management (evening),Male,Married,Evening,No,Yes,No,No,No,34,30-39,145.6,130.0,5,4,11.75,5,4,10.833333333333334,0.8,0,0.554
Dropout,Management,Male,Single,Daytime,No,Yes,No,No,No,19,17-20,116.5,128.0,5,2,10.0,5,1,16.0,0.2,1,0.911
Graduate,Nursing,Male,Single,Daytime,No,Yes,No,No,No,19,17-20,142.0,154.0,8,7,13.714285714285714,8,7,13.714285714285714,0.875,0,0.066
Graduate,Agronomy,Male,Single,Daytime,No,Yes,No,No,No,28,25-29,150.0,150.0,6,6,14.875,6,6,15.8,1.0,0,0.096
Dropout,Communication Design,Male,Single,Daytime,No,Yes,No,Yes,No,18,17-20,133.3,134.0,6,5,10.8,6,0,0.0,0.0,1,0.987
Dropout,Social Service,Male,Single,Daytime,No,Yes,No,Yes,No,19,17-20,115.8,127.0,6,3,12.0,6,2,10.0,0.333,1,0.972
Dropout,Veterinary Nursing,Male,Single,Daytime,No,No,Yes,Yes,No,19,17-20,100.0,133.1,6,5,12.5,6,2,13.5,0.333,1,0.996
Graduate,Nursing,Female,Single,Daytime,No,Yes,No,Yes,No,18,17-20,128.6,130.0,7,7,14.728571428571428,8,8,16.327272727272728,1.0,0,0.027
Graduate,Equinculture,Female,Single,Daytime,No,Yes,No,Yes,No,18,17-20,137.1,135.0,6,6,12.0,6,5,14.8,0.833,0,0.106
Dropout,Journalism & Communication,Female,Single,Daytime,No,Yes,No,Yes,No,18,17-20,149.0,143.0,6,6,11.428571428571429,6,6,11.0,1.0,1,0.072
Graduate,Social Service,Female,Single,Daytime,No,Yes,No,Yes,No,19,17-20,147.0,150.0,6,6,14.166666666666666,6,6,13.5,1.0,0,0.082
Graduate,Social Service,Female,Married,Daytime,No,Yes,No,No,No,31,30-39,150.0,150.0,6,5,12.5,6,5,14.6,0.833,0,0.058
Graduate,Social Service (evening),Female,Single,Evening,Yes,Yes,No,No,No,33,30-39,103.5,130.0,6,6,14.166666666666666,6,6,14.333333333333334,1.0,0,0.021
Enrolled,Nursing,Female,Single,Daytime,Yes,Yes,No,Yes,No,20,17-20,107.8,113.0,7,5,14.46,7,6,13.55,0.857,0,0.083
Enrolled,Veterinary Nursing,Female,Single,Daytime,No,Yes,No,Yes,Yes,22,21-24,130.0,130.0,6,5,12.8,6,2,11.5,0.333,0,0.249
Graduate,Tourism,Female,Single,Daytime,No,Yes,No,Yes,No,19,17-20,109.4,115.0,6,6,12.666666666666666,6,5,13.4,0.833,0,0.129
Dropout,Communication Design,Female,Single,Daytime,No,Yes,No,Yes,No,18,17-20,143.6,146.0,6,6,12.5,6,6,13.0,1.0,1,0.036
Dropout,Communication Design,Female,Single,Daytime,No,Yes,No,No,No,18,17-20,124.3,132.0,6,0,0.0,6,0,0.0,0.0,1,0.999
Dropout,Advertising & Marketing,Female,Single,Daytime,No,No,No,Yes,No,18,17-20,119.5,116.0,6,0,0.0,6,0,0.0,0.0,1,1.0
Graduate,Animation & Multimedia Design,Female,Single,Daytime,No,Yes,No,Yes,No,18,17-20,175.6,163.0,0,0,0.0,0,0,0.0,,0,0.443
Graduate,Management,Female,Single,Daytime,Yes,Yes,No,Yes,No,19,17-20,116.1,122.0,5,5,11.2,5,3,11.0,0.6,0,0.298
Dropout,Social Service,Female,Single,Daytime,No,Yes,No,Yes,No,18,17-20,126.6,136.0,6,6,16.5,6,6,17.428571428571427,1.0,1,0.049
Graduate,Veterinary Nursing,Female,Single,Daytime,No,Yes,No,Yes,No,18,17-20,130.8,142.0,5,3,13.666666666666666,5,5,12.0,1.0,0,0.237
Graduate,Nursing,Female,Single,Daytime,Yes,Yes,No,Yes,No,18,17-20,133.5,139.0,8,7,15.228571428571428,8,7,15.228571428571428,0.875,0,0.034
Graduate,Social Service,Female,Single,Daytime,No,Yes,No,Yes,No,21,21-24,136.9,140.0,9,9,12.77777777777778,9,9,13.22222222222222,1.0,0,0.023
Graduate,Nursing,Female,Single,Daytime,Yes,Yes,No,No,No,18,17-20,142.3,165.0,8,7,14.428571428571429,8,7,14.428571428571429,0.875,0,0.018
Graduate,Advertising & Marketing,Female,Single,Daytime,No,Yes,No,Yes,No,18,17-20,114.3,122.0,6,6,13.875,6,6,13.714285714285714,1.0,0,0.058
Graduate,Nursing,Female,Single,Daytime,No,Yes,No,Yes,No,18,17-20,122.9,135.0,7,7,13.128,8,6,13.193333333333332,0.75,0,0.151
Graduate,Nursing,Female,Single,Daytime,No,Yes,No,Yes,No,20,17-20,117.2,128.0,7,6,11.605,8,7,12.4125,0.875,0,0.177
Graduate,Management,Female,Single,Daytime,Yes,Yes,No,No,No,18,17-20,152.0,139.0,5,5,14.6,5,5,12.0,1.0,0,0.031
Dropout,Journalism & Communication,Female,Single,Daytime,No,Yes,No,Yes,No,18,17-20,122.2,125.0,6,0,0.0,6,0,0.0,0.0,1,0.999
Graduate,Management,Female,Single,Daytime,Yes,Yes,No,Yes,No,20,17-20,101.7,102.0,5,5,11.8,5,5,11.6,1.0,0,0.015
Graduate,Tourism,Female,Single,Daytime,No,Yes,No,Yes,No,20,17-20,119.9,116.0,6,6,12.333333333333334,6,6,12.333333333333334,1.0,0,0.067
Dropout,Management,Female,Single,Daytime,Yes,Yes,Yes,Yes,No,19,17-20,123.7,138.0,5,4,11.0,5,0,0.0,0.0,1,0.993
Graduate,Communication Design,Female,Single,Daytime,Yes,Yes,No,No,No,19,17-20,121.8,135.0,11,11,13.181818181818182,11,11,12.909090909090908,1.0,0,0.008
Dropout,Advertising & Marketing,Female,Single,Daytime,Yes,No,Yes,Yes,No,18,17-20,106.1,110.0,6,1,11.0,6,0,0.0,0.0,1,1.0
Graduate,Journalism & Communication,Female,Single,Daytime,Yes,Yes,Yes,Yes,No,19,17-20,124.3,132.0,6,6,11.833333333333334,6,6,12.285714285714286,1.0,0,0.125
Graduate,Nursing,Female,Single,Daytime,Yes,Yes,No,Yes,No,20,17-20,124.3,126.0,8,8,12.98125,8,8,12.98125,1.0,0,0.006
Graduate,Management,Female,Single,Daytime,No,Yes,No,Yes,No,21,21-24,117.4,117.4,7,6,11.333333333333334,5,5,11.2,1.0,0,0.196
Graduate,Nursing,Female,Single,Daytime,No,Yes,No,No,No,21,21-24,112.7,120.0,8,6,11.68,8,6,11.68,0.75,0,0.364
Graduate,Communication Design,Female,Single,Daytime,No,Yes,No,No,No,20,17-20,123.7,116.0,6,6,14.5,6,6,13.5,1.0,0,0.039
Graduate,Basic Education,Female,Single,Daytime,No,Yes,No,Yes,No,19,17-20,105.8,111.0,7,7,13.142857142857142,7,7,12.857142857142858,1.0,0,0.011
Dropout,Veterinary Nursing,Female,Single,Daytime,No,No,No,No,No,21,21-24,124.2,128.0,5,2,11.5,5,2,10.5,0.4,1,0.99
Graduate,Veterinary Nursing,Female,Single,Daytime,No,Yes,No,No,No,18,17-20,122.3,123.0,5,5,14.2,5,5,11.8,1.0,0,0.085
Graduate,Tourism,Female,Single,Daytime,Yes,Yes,No,No,No,19,17-20,123.7,131.0,6,5,11.666666666666666,6,5,12.2,0.833,0,0.072
Graduate,Nursing,Female,Single,Daytime,No,Yes,No,Yes,No,18,17-20,129.8,135.0,7,7,13.175,8,8,14.875,1.0,0,0.026
Graduate,Nursing,Female,Single,Daytime,Yes,Yes,No,Yes,No,19,17-20,123.8,136.0,8,7,13.314285714285717,8,7,13.314285714285717,0.875,0,0.039
Graduate,Management,Female,Single,Daytime,Yes,Yes,No,Yes,No,18,17-20,126.4,132.0,5,3,10.6,5,3,10.5,0.6,0,0.639
Enrolled,Basic Education,Female,Single,Daytime,Yes,Yes,No,No,No,18,17-20,115.1,120.0,6,4,12.0,6,4,10.75,0.667,0,0.34
Graduate,Journalism & Communication,Female,Single,Daytime,No,Yes,No,No,No,18,17-20,138.4,144.0,6,6,13.428571428571429,6,6,14.142857142857142,1.0,0,0.04
Graduate,Veterinary Nursing,Female,Single,Daytime,Yes,Yes,No,Yes,No,18,17-20,118.2,129.0,5,4,13.25,5,5,15.571428571428571,1.0,0,0.056
Dropout,Communication Design,Female,Single,Daytime,No,Yes,No,Yes,No,18,17-20,121.7,136.0,6,2,13.0,6,0,0.0,0.0,1,0.999
Enrolled,Communication Design,Female,Single,Daytime,Yes,Yes,No,No,No,18,17-20,118.0,125.0,6,6,14.333333333333334,6,6,14.0,1.0,0,0.014
Dropout,Social Service,Female,Single,Daytime,No,Yes,No,No,No,18,17-20,119.8,125.0,6,0,0.0,6,0,0.0,0.0,1,0.997
Graduate,Social Service,Female,Single,Daytime,No,Yes,No,No,No,18,17-20,164.9,154.0,6,6,14.0,6,6,13.166666666666666,1.0,0,0.035
Graduate,Veterinary Nursing,Female,Single,Daytime,Yes,Yes,No,Yes,No,20,17-20,100.0,100.0,2,2,12.0,6,6,12.833333333333334,1.0,0,0.174
Enrolled,Basic Education,Female,Single,Daytime,No,Yes,No,No,No,18,17-20,121.6,124.0,6,5,12.333333333333334,6,5,10.6,0.833,0,0.249
Graduate,Communication Design,Female,Single,Daytime,No,Yes,No,Yes,No,18,17-20,120.4,126.0,6,5,11.8,6,5,10.4,0.833,0,0.285
Graduate,Nursing,Female,Single,Daytime,Yes,Yes,No,No,No,20,17-20,117.8,124.0,8,7,12.791428571428572,8,7,12.791428571428572,0.875,0,0.019
Graduate,Advertising & Marketing,Female,Divorced,Daytime,No,Yes,No,No,No,40,40+,110.0,150.0,8,8,11.625,7,5,11.2,0.714,0,0.301
Graduate,Nursing,Female,Single,Daytime,Yes,Yes,No,Yes,No,18,17-20,128.8,133.0,7,6,11.994444444444444,8,7,12.43142857142857,0.875,0,0.066
Graduate,Tourism,Female,Single,Daytime,No,Yes,No,Yes,No,19,17-20,116.6,126.0,6,5,11.6,6,5,12.2,0.833,0,0.317
Dropout,Management (evening),Female,Single,Evening,No,Yes,No,No,No,24,21-24,120.0,120.0,5,0,0.0,5,0,0.0,0.0,1,0.993
Dropout,Journalism & Communication,Female,Single,Daytime,No,Yes,No,Yes,No,19,17-20,157.5,175.0,6,6,13.166666666666666,6,6,13.166666666666666,1.0,1,0.053
Graduate,Nursing,Female,Single,Daytime,No,Yes,No,Yes,No,19,17-20,136.3,141.0,8,7,14.1,8,7,14.1,0.875,0,0.084
Graduate,Nursing,Female,Single,Daytime,Yes,Yes,No,Yes,No,20,17-20,121.5,133.0,7,6,12.396666666666668,8,7,12.94285714285714,0.875,0,0.049
Graduate,Nursing,Female,Single,Daytime,No,Yes,No,No,No,18,17-20,133.9,143.0,7,7,15.014285714285714,8,8,16.0875,1.0,0,0.013
Graduate,Animation & Multimedia Design,Female,Single,Daytime,Yes,Yes,No,Yes,No,18,17-20,136.8,141.0,0,0,0.0,0,0,0.0,,0,0.27
Graduate,Nursing,Female,Single,Daytime,No,Yes,No,Yes,No,19,17-20,133.5,134.0,7,7,14.05,8,8,15.1,1.0,0,0.024
Dropout,Nursing,Female,Single,Daytime,No,Yes,No,Yes,No,18,17-20,130.0,138.0,7,7,14.85,8,8,15.2,1.0,1,0.033
Graduate,Veterinary Nursing,Female,Single,Daytime,No,Yes,No,Yes,No,19,17-20,140.0,140.0,6,6,13.0,6,5,13.0,0.833,0,0.123
Graduate,Nursing,Female,Single,Daytime,Yes,Yes,No,Yes,No,19,17-20,132.7,142.0,7,7,14.7875,8,8,15.8625,1.0,0,0.011
Graduate,Nursing,Female,Single,Daytime,Yes,Yes,No,No,No,19,17-20,117.8,118.0,7,7,13.7,8,7,14.671428571428574,0.875,0,0.018
Dropout,Nursing,Female,Single,Daytime,Yes,Yes,No,Yes,No,19,17-20,126.1,131.0,7,7,12.495714285714286,8,7,12.242857142857144,0.875,1,0.026
Graduate,Nursing,Female,Single,Daytime,No,Yes,No,No,No,19,17-20,120.0,130.0,7,6,14.566666666666668,7,6,14.566666666666668,0.857,0,0.049
Dropout,Advertising & Marketing,Female,Single,Daytime,No,No,Yes,Yes,No,25,25-29,100.0,133.1,5,5,11.2,5,4,11.25,0.8,1,0.914
Graduate,Nursing,Female,Single,Daytime,No,Yes,No,No,No,20,17-20,116.8,130.0,8,7,12.685714285714283,8,7,12.685714285714283,0.875,0,0.051
Dropout,Social Service,Female,Single,Daytime,No,No,Yes,No,No,23,21-24,128.3,130.0,9,7,13.571428571428571,9,4,13.25,0.444,1,0.995
Dropout,Communication Design,Female,Single,Daytime,No,Yes,No,No,No,20,17-20,117.0,133.1,6,0,0.0,6,0,0.0,0.0,1,0.998
Graduate,Social Service (evening),Female,Single,Evening,No,Yes,No,No,No,27,25-29,131.5,130.0,6,5,11.0,6,6,11.166666666666666,1.0,0,0.104
Graduate,Nursing,Female,Single,Daytime,No,Yes,No,No,No,18,17-20,134.8,149.0,8,8,14.445,8,8,14.445,1.0,0,0.01
Enrolled,Basic Education,Female,Single,Daytime,No,Yes,Yes,Yes,No,18,17-20,146.6,163.0,6,5,13.6,6,4,11.75,0.667,0,0.737
Dropout,Social Service (evening),Female,Single,Evening,No,No,Yes,Yes,No,23,21-24,130.0,130.0,12,11,14.0,10,8,14.625,0.8,1,0.784
Graduate,Nursing,Female,Single,Daytime,Yes,Yes,No,Yes,No,19,17-20,127.5,145.0,7,6,13.416666666666666,7,6,13.416666666666666,0.857,0,0.053
Graduate,Management,Female,Single,Daytime,No,Yes,No,No,No,18,17-20,123.0,130.0,5,5,12.333333333333334,5,5,11.4,1.0,0,0.047
Graduate,Nursing,Female,Single,Daytime,No,Yes,No,Yes,No,20,17-20,100.0,128.0,7,7,13.1,8,8,14.8125,1.0,0,0.032
Graduate,Advertising & Marketing,Female,Single,Daytime,No,Yes,No,Yes,No,18,17-20,114.2,111.0,6,4,13.2,6,5,12.8,0.833,0,0.403
Graduate,Nursing,Female,Single,Daytime,Yes,Yes,No,Yes,No,19,17-20,123.5,140.0,8,8,14.75,8,8,14.75,1.0,0,0.007
Graduate,Social Service,Female,Single,Daytime,Yes,Yes,No,Yes,No,19,17-20,144.3,140.0,6,6,13.142857142857142,6,6,14.333333333333334,1.0,0,0.034
Enrolled,Basic Education,Female,Single,Daytime,No,Yes,No,No,No,19,17-20,142.2,145.0,6,4,12.5,6,5,12.5,0.833,0,0.225
Graduate,Veterinary Nursing,Female,Single,Daytime,No,Yes,No,No,No,18,17-20,161.9,151.0,5,4,13.75,5,5,14.857142857142858,1.0,0,0.096
Graduate,Social Service,Female,Single,Daytime,No,Yes,No,No,No,18,17-20,135.9,132.0,6,5,12.4,6,6,13.0,1.0,0,0.048
Graduate,Journalism & Communication,Female,Single,Daytime,No,Yes,No,Yes,No,18,17-20,110.1,116.0,6,6,13.333333333333334,6,6,12.0,1.0,0,0.073
Dropout,Basic Education,Female,Single,Daytime,No,No,No,No,No,28,25-29,122.5,120.0,11,11,11.727272727272728,8,8,12.0,1.0,1,0.639
Dropout,Tourism,Female,Single,Daytime,No,Yes,No,Yes,No,19,17-20,138.1,158.0,6,4,12.5,6,1,14.0,0.167,1,0.914
Dropout,Animation & Multimedia Design,Female,Single,Daytime,No,Yes,Yes,Yes,No,20,17-20,117.3,116.0,0,0,0.0,0,0,0.0,,1,0.834
Graduate,Nursing,Female,Single,Daytime,Yes,Yes,No,Yes,No,19,17-20,106.8,112.0,7,6,13.533333333333331,8,7,13.614285714285714,0.875,0,0.049
Graduate,Communication Design,Female,Single,Daytime,Yes,Yes,No,No,No,20,17-20,120.1,126.0,6,6,13.166666666666666,6,6,12.666666666666666,1.0,0,0.029
Graduate,Tourism,Female,Single,Daytime,Yes,Yes,No,Yes,No,19,17-20,116.5,120.0,6,5,13.2,6,5,11.0,0.833,0,0.169
Enrolled,Communication Design,Female,Single,Daytime,No,Yes,No,Yes,No,21,21-24,120.0,117.0,6,5,12.2,6,4,12.6,0.667,0,0.469
Graduate,Basic Education,Female,Single,Daytime,Yes,Yes,No,Yes,No,19,17-20,139.7,153.0,7,7,13.428571428571429,7,7,14.857142857142858,1.0,0,0.012
Graduate,Communication Design,Female,Single,Daytime,Yes,Yes,No,Yes,No,18,17-20,123.7,124.0,6,6,12.714285714285714,6,6,12.625,1.0,0,0.036
Dropout,Equinculture,Female,Single,Daytime,No,Yes,No,No,No,19,17-20,116.5,127.0,6,0,0.0,6,0,0.0,0.0,1,0.998
Graduate,Advertising & Marketing,Female,Single,Daytime,Yes,Yes,No,No,No,19,17-20,122.2,126.0,6,6,13.666666666666666,6,6,13.666666666666666,1.0,0,0.016
Graduate,Journalism & Communication,Female,Single,Daytime,No,Yes,Yes,No,No,20,17-20,146.0,133.1,6,5,11.0,6,6,13.166666666666666,1.0,0,0.11
Enrolled,Basic Education,Female,Single,Daytime,No,Yes,No,Yes,No,18,17-20,108.8,114.0,7,5,11.4,7,6,13.333333333333334,0.857,0,0.292
Enrolled,Animation & Multimedia Design,Female,Single,Daytime,No,Yes,No,No,No,18,17-20,133.0,133.0,0,0,0.0,0,0,0.0,,0,0.426
Graduate,Equinculture,Female,Single,Daytime,No,Yes,No,No,No,18,17-20,123.8,130.0,5,4,12.0,5,5,12.0,1.0,0,0.107
Dropout,Journalism & Communication,Female,Single,Daytime,No,Yes,No,No,No,18,17-20,120.0,127.0,6,0,0.0,6,0,0.0,0.0,1,0.998
Graduate,Social Service,Female,Single,Daytime,No,Yes,No,Yes,No,18,17-20,126.9,143.0,6,5,11.0,6,6,11.666666666666666,1.0,0,0.098
Dropout,Journalism & Communication,Female,Single,Daytime,No,Yes,No,Yes,No,20,17-20,121.3,130.0,6,5,12.0,6,6,11.571428571428571,1.0,1,0.179
Graduate,Nursing,Female,Single,Daytime,Yes,Yes,No,Yes,No,19,17-20,129.0,136.0,7,7,13.308571428571428,8,8,12.55,1.0,0,0.021
Dropout,Basic Education,Female,Single,Daytime,No,No,Yes,Yes,No,21,21-24,114.9,125.0,6,3,13.666666666666666,6,3,10.666666666666666,0.5,1,0.997
Dropout,Advertising & Marketing,Female,Single,Daytime,No,No,Yes,Yes,No,20,17-20,106.5,110.0,6,0,0.0,6,0,0.0,0.0,1,1.0
Graduate,Tourism,Female,Single,Daytime,No,Yes,No,Yes,No,18,17-20,133.9,130.0,6,5,12.2,6,4,11.25,0.667,0,0.344
Graduate,Journalism & Communication,Female,Single,Daytime,Yes,Yes,No,No,No,20,17-20,124.9,135.0,6,6,12.666666666666666,6,6,12.833333333333334,1.0,0,0.021
Graduate,Nursing,Female,Single,Daytime,Yes,Yes,No,Yes,No,19,17-20,128.5,133.0,8,8,14.07125,8,8,14.07125,1.0,0,0.006
Dropout,Veterinary Nursing,Female,Single,Daytime,No,Yes,No,Yes,No,22,21-24,126.2,122.0,5,4,14.25,5,5,13.2,1.0,1,0.033
Dropout,Equinculture,Female,Single,Daytime,No,No,No,Yes,No,22,21-24,121.7,122.0,6,0,0.0,2,0,0.0,0.0,1,0.998
Enrolled,Basic Education,Female,Single,Daytime,No,Yes,No,Yes,No,18,17-20,120.0,121.0,6,3,12.0,6,4,10.25,0.667,0,0.755
Enrolled,Management,Female,Single,Daytime,No,Yes,No,No,No,21,21-24,113.2,123.0,10,6,11.166666666666666,10,7,10.571428571428571,0.7,0,0.598
Graduate,Social Service,Female,Single,Daytime,No,Yes,No,Yes,No,19,17-20,120.3,128.0,6,2,13.0,6,5,11.6,0.833,0,0.635
Dropout,Animation & Multimedia Design,Female,Single,Daytime,No,Yes,No,Yes,No,19,17-20,127.8,139.0,0,0,0.0,0,0,0.0,,1,0.455
Dropout,Nursing,Female,Single,Daytime,Yes,Yes,No,Yes,No,20,17-20,123.3,124.0,8,7,14.901428571428571,8,7,14.901428571428571,0.875,1,0.016
Graduate,Nursing,Female,Single,Daytime,Yes,Yes,Yes,Yes,No,18,17-20,126.3,135.0,7,7,12.65,8,8,12.445555555555554,1.0,0,0.05
Dropout,Management (evening),Female,Single,Evening,No,No,No,No,No,22,21-24,128.2,110.0,12,7,11.0,5,5,10.6,1.0,1,0.89
Graduate,Veterinary Nursing,Female,Single,Daytime,No,Yes,No,Yes,No,20,17-20,134.9,138.0,5,4,12.4,5,5,12.666666666666666,1.0,0,0.069
Graduate,Agronomy,Female,Single,Daytime,No,Yes,No,No,No,19,17-20,140.0,140.0,6,6,12.0,6,6,12.666666666666666,1.0,0,0.022
Graduate,Nursing,Female,Single,Daytime,Yes,Yes,No,Yes,No,19,17-20,115.5,126.0,7,7,12.135714285714286,8,7,13.328571428571427,0.875,0,0.033
Enrolled,Nursing,Female,Single,Daytime,Yes,Yes,No,Yes,No,20,17-20,106.7,113.0,7,5,12.62,7,6,12.5,0.857,0,0.149
Enrolled,Management (evening),Female,Single,Evening,No,Yes,No,No,No,25,25-29,140.0,120.0,5,3,10.666666666666666,5,3,11.333333333333334,0.6,0,0.734
Graduate,Nursing,Female,Single,Daytime,Yes,Yes,No,No,No,19,17-20,136.6,145.0,7,6,13.766666666666666,8,7,14.051428571428572,0.875,0,0.038
Graduate,Nursing,Female,Single,Daytime,No,Yes,No,Yes,No,19,17-20,119.3,124.0,8,8,13.11625,8,8,13.11625,1.0,0,0.014
Dropout,Communication Design,Female,Single,Daytime,No,No,No,Yes,No,19,17-20,152.0,160.0,5,0,0.0,6,0,0.0,0.0,1,1.0
Graduate,Nursing,Female,Single,Daytime,No,Yes,No,No,No,20,17-20,144.3,138.0,7,6,12.7,8,7,13.571428571428571,0.875,0,0.081
Enrolled,Oral Hygiene,Female,Single,Daytime,No,Yes,No,Yes,No,25,25-29,159.0,130.0,7,7,11.857142857142858,8,5,11.7,0.625,0,0.442
Graduate,Nursing,Female,Single,Daytime,Yes,Yes,No,Yes,No,20,17-20,129.5,127.0,7,6,12.333333333333334,7,6,12.333333333333334,0.857,0,0.046
Enrolled,Social Service,Female,Single,Daytime,No,Yes,No,Yes,No,24,21-24,140.0,170.0,6,4,15.75,6,5,16.4,0.833,0,0.348
Graduate,Advertising & Marketing,Female,Single,Daytime,No,Yes,No,No,No,20,17-20,105.4,111.0,5,5,13.333333333333334,5,5,13.2,1.0,0,0.065
Graduate,Nursing,Female,Single,Daytime,No,Yes,No,Yes,No,21,21-24,136.0,100.0,7,7,14.355555555555554,8,8,13.49375,1.0,0,0.128
Graduate,Agronomy,Female,Single,Daytime,Yes,Yes,Yes,No,No,19,17-20,160.0,160.0,6,6,13.0,6,5,13.0,0.833,0,0.079
Graduate,Journalism & Communication,Female,Single,Daytime,Yes,Yes,No,No,No,19,17-20,139.1,152.0,6,6,12.833333333333334,6,6,13.5,1.0,0,0.022
Graduate,Advertising & Marketing,Female,Single,Daytime,Yes,Yes,No,No,No,21,21-24,126.9,144.0,5,5,13.2,5,4,13.0,0.8,0,0.064
Graduate,Nursing,Female,Single,Daytime,No,Yes,No,No,No,28,25-29,184.0,133.8,7,7,17.005555555555556,8,8,16.582222222222224,1.0,0,0.019
Graduate,Social Service,Female,Single,Daytime,Yes,No,Yes,Yes,No,19,17-20,125.0,125.0,6,5,10.6,6,5,11.0,0.833,0,0.821
Graduate,Management,Female,Single,Daytime,Yes,Yes,No,No,No,18,17-20,138.5,150.0,5,5,14.0,5,5,13.6,1.0,0,0.031
Graduate,Nursing,Female,Facto union,Daytime,Yes,Yes,No,Yes,No,18,17-20,133.5,143.0,8,7,12.114285714285714,8,7,12.114285714285714,0.875,0,0.02
Graduate,Nursing,Female,Single,Daytime,Yes,Yes,No,Yes,No,18,17-20,141.5,145.0,8,8,13.05875,8,8,13.05875,1.0,0,0.006
Graduate,Nursing,Female,Single,Daytime,No,Yes,No,Yes,No,22,21-24,130.0,120.0,8,7,13.285714285714286,8,7,13.285714285714286,0.875,0,0.277
Enrolled,Management,Female,Single,Daytime,No,Yes,No,Yes,No,19,17-20,131.0,138.0,5,4,11.0,5,3,10.666666666666666,0.6,0,0.301
Graduate,Nursing,Female,Single,Daytime,Yes,Yes,No,No,No,18,17-20,145.0,145.0,7,7,14.071428571428571,8,8,15.1625,1.0,0,0.008
Dropout,Tourism,Female,Single,Daytime,No,No,No,No,No,20,17-20,114.3,122.0,6,0,0.0,6,0,0.0,0.0,1,1.0
Dropout,Animation & Multimedia Design,Female,Single,Daytime,No,No,No,No,No,26,25-29,108.3,110.0,9,4,11.25,10,3,11.0,0.3,1,0.997
Graduate,Communication Design,Female,Single,Daytime,Yes,Yes,No,Yes,No,18,17-20,125.2,136.0,6,6,14.0,6,6,13.625,1.0,0,0.025
Dropout,Tourism,Female,Single,Daytime,Yes,Yes,No,Yes,No,21,21-24,131.7,145.0,6,6,12.166666666666666,6,3,11.666666666666666,0.5,1,0.283
Graduate,Nursing,Female,Single,Daytime,No,Yes,No,Yes,No,18,17-20,126.3,141.0,8,7,13.297142857142855,8,7,13.297142857142855,0.875,0,0.081
Graduate,Veterinary Nursing,Female,Single,Daytime,No,Yes,No,Yes,No,20,17-20,147.6,149.0,6,6,13.923076923076923,6,6,14.25,1.0,0,0.063
Graduate,Nursing,Female,Single,Daytime,No,Yes,No,Yes,No,18,17-20,125.1,130.0,7,7,13.37,8,7,12.833333333333334,0.875,0,0.097
Enrolled,Management,Female,Single,Daytime,Yes,Yes,No,No,No,19,17-20,123.8,121.0,5,5,12.4,5,3,11.0,0.6,0,0.202
Dropout,Advertising & Marketing,Female,Single,Daytime,No,Yes,No,Yes,No,20,17-20,130.8,128.0,5,4,15.0,5,4,13.75,0.8,1,0.283
Graduate,Basic Education,Female,Single,Daytime,Yes,Yes,Yes,No,No,18,17-20,154.1,152.0,6,6,13.333333333333334,6,6,12.571428571428571,1.0,0,0.057
Enrolled,Management,Female,Single,Daytime,Yes,Yes,No,Yes,No,20,17-20,122.6,132.0,5,3,12.0,5,4,12.625,0.8,0,0.325
Graduate,Social Service (evening),Female,Single,Evening,No,Yes,No,Yes,No,22,21-24,103.5,107.0,6,5,13.4,6,5,12.2,0.833,0,0.178
Enrolled,Animation & Multimedia Design,Female,Single,Daytime,No,Yes,No,Yes,No,18,17-20,132.8,131.0,0,0,0.0,0,0,0.0,,0,0.326
Graduate,Management (evening),Female,Single,Evening,No,Yes,No,No,No,21,21-24,100.0,141.0,5,4,11.5,5,5,11.4,1.0,0,0.235
Enrolled,Basic Education,Female,Single,Daytime,No,Yes,No,No,No,18,17-20,115.8,120.0,7,6,12.0,7,6,12.166666666666666,0.857,0,0.158
Graduate,Nursing,Female,Single,Daytime,No,Yes,No,No,No,18,17-20,133.8,148.0,8,7,13.485714285714284,8,7,13.485714285714284,0.875,0,0.044
Graduate,Communication Design,Female,Single,Daytime,Yes,Yes,No,No,No,18,17-20,118.5,130.0,6,6,12.0,6,6,11.285714285714286,1.0,0,0.031
Dropout,Animation & Multimedia Design,Female,Single,Daytime,No,Yes,No,Yes,No,19,17-20,150.3,145.0,0,0,0.0,0,0,0.0,,1,0.446
Enrolled,Management,Female,Single,Daytime,No,Yes,No,Yes,No,19,17-20,107.8,112.0,5,3,10.333333333333334,5,3,14.428571428571429,0.6,0,0.641
Enrolled,Nursing,Female,Single,Daytime,No,Yes,No,Yes,No,19,17-20,127.5,138.0,7,5,12.94,7,5,13.76,0.714,0,0.493
Graduate,Nursing,Female,Single,Daytime,No,Yes,No,Yes,No,19,17-20,120.5,135.0,8,7,13.258571428571427,8,7,13.258571428571427,0.875,0,0.07
Enrolled,Management,Female,Single,Daytime,No,Yes,No,Yes,No,19,17-20,117.3,118.0,5,4,12.25,5,4,12.0,0.8,0,0.36
Dropout,Tourism,Female,Single,Daytime,No,No,No,Yes,No,19,17-20,120.6,123.0,6,3,11.666666666666666,6,1,10.0,0.167,1,0.998
Graduate,Tourism,Female,Single,Daytime,Yes,Yes,No,Yes,No,21,21-24,118.7,126.0,6,6,13.571428571428571,6,6,12.5,1.0,0,0.033
Graduate,Journalism & Communication,Female,Single,Daytime,Yes,Yes,No,No,Yes,20,17-20,130.8,150.0,6,5,11.8,6,5,11.833333333333334,0.833,0,0.031
Graduate,Management,Female,Single,Daytime,Yes,Yes,No,Yes,No,20,17-20,112.6,121.0,5,5,14.2,5,5,13.285714285714286,1.0,0,0.059
Graduate,Management (evening),Female,Single,Evening,No,Yes,No,No,No,41,40+,117.2,133.1,5,5,11.0,5,5,11.8,1.0,0,0.07
Enrolled,Nursing,Female,Divorced,Daytime,No,Yes,No,Yes,No,32,30-39,130.0,130.0,7,4,13.625,7,7,12.6375,1.0,0,0.102
Graduate,Nursing,Female,Single,Daytime,No,Yes,No,Yes,No,18,17-20,131.8,139.0,8,7,14.652857142857142,8,7,14.652857142857142,0.875,0,0.089
Graduate,Social Service (evening),Female,Divorced,Evening,Yes,Yes,No,No,No,35,30-39,97.0,160.0,6,6,11.333333333333334,6,6,11.333333333333334,1.0,0,0.022
Dropout,Nursing,Female,Single,Daytime,No,No,Yes,No,No,32,30-39,130.0,110.0,7,4,13.7,7,0,0.0,0.0,1,1.0
Graduate,Social Service (evening),Female,Single,Evening,No,Yes,No,No,No,37,30-39,148.0,140.0,11,11,13.727272727272728,8,8,14.75,1.0,0,0.016
Dropout,Management,Female,Married,Daytime,No,Yes,No,No,No,30,30-39,103.4,130.0,7,7,11.75,8,7,11.142857142857142,0.875,1,0.166
Graduate,Journalism & Communication,Male,Single,Daytime,No,Yes,No,No,No,23,21-24,127.1,132.0,6,6,12.333333333333334,6,5,13.0,0.833,0,0.164
Dropout,Journalism & Communication,Female,Single,Daytime,Yes,Yes,No,Yes,No,20,17-20,124.0,139.0,6,6,14.0,6,6,13.857142857142858,1.0,1,0.04
Graduate,Advertising & Marketing,Male,Single,Daytime,No,Yes,No,No,No,21,21-24,121.4,135.0,5,4,11.5,5,4,11.75,0.8,0,0.29
Graduate,Management,Male,Single,Daytime,No,Yes,No,No,No,19,17-20,118.1,117.0,5,5,11.2,5,5,13.2,1.0,0,0.099
Graduate,Nursing,Male,Single,Daytime,Yes,Yes,No,Yes,No,18,17-20,121.3,137.0,8,7,15.07,8,7,15.07,0.875,0,0.053
Dropout,Informatics Engineering,Male,Single,Daytime,No,Yes,No,No,No,18,17-20,119.5,144.0,5,1,10.0,5,1,12.0,0.2,1,0.979
Enrolled,Management (evening),Male,Single,Evening,No,Yes,No,No,No,24,21-24,115.2,130.0,5,4,12.0,5,5,12.666666666666666,1.0,0,0.282
Graduate,Advertising & Marketing,Male,Single,Daytime,No,Yes,No,Yes,No,22,21-24,130.2,140.0,6,4,13.0,6,4,12.6,0.667,0,0.67
Dropout,Tourism,Male,Single,Daytime,No,Yes,No,Yes,No,18,17-20,130.0,130.0,6,4,11.0,6,3,11.25,0.5,1,0.889
Graduate,Social Service,Female,Single,Daytime,No,Yes,No,Yes,No,18,17-20,126.9,130.0,6,6,13.571428571428571,6,5,12.166666666666666,0.833,0,0.13
Graduate,Communication Design,Male,Single,Daytime,No,Yes,No,Yes,Yes,21,21-24,168.5,152.0,6,5,14.6,6,5,14.2,0.833,0,0.717
Dropout,Nursing,Female,Divorced,Daytime,No,Yes,Yes,No,No,38,30-39,130.0,133.1,7,3,11.833333333333334,7,2,10.0,0.286,1,0.994
Graduate,Oral Hygiene,Female,Single,Daytime,Yes,Yes,No,No,No,19,17-20,122.8,140.0,7,7,12.625,8,8,12.5125,1.0,0,0.01
Dropout,Nursing,Female,Legally separated,Daytime,No,Yes,No,No,No,36,30-39,110.0,133.1,7,4,11.5,7,3,12.333333333333334,0.429,1,0.854
Graduate,Veterinary Nursing,Female,Single,Daytime,No,Yes,No,Yes,No,18,17-20,127.1,140.0,5,4,13.25,5,4,10.5,0.8,0,0.372
Graduate,Nursing,Female,Single,Daytime,No,Yes,No,Yes,No,19,17-20,108.5,133.1,7,7,12.60625,8,6,11.9,0.75,0,0.193
Dropout,Veterinary Nursing,Female,Single,Daytime,No,No,Yes,No,No,21,21-24,138.2,140.0,10,8,13.75,9,5,13.2,0.556,1,0.988
Enrolled,Nursing,Female,Single,Daytime,No,Yes,No,Yes,No,19,17-20,96.0,133.1,7,6,13.598333333333334,8,6,11.933333333333332,0.75,0,0.105
Graduate,Social Service,Female,Single,Daytime,Yes,Yes,No,No,No,18,17-20,124.5,135.0,6,5,11.142857142857142,6,6,12.285714285714286,1.0,0,0.047
Enrolled,Nursing,Female,Married,Daytime,No,Yes,No,Yes,No,45,40+,120.0,120.0,11,11,12.7,10,10,12.96818181818182,1.0,0,0.08
Dropout,Management,Female,Single,Daytime,No,Yes,No,Yes,No,20,17-20,132.3,140.0,5,1,10.0,5,1,11.0,0.2,1,0.972
Graduate,Tourism,Female,Single,Daytime,No,Yes,Yes,Yes,No,18,17-20,120.7,128.0,6,6,11.666666666666666,6,4,11.5,0.667,0,0.676
Graduate,Advertising & Marketing,Female,Single,Daytime,Yes,Yes,No,No,No,18,17-20,132.6,141.0,6,6,14.0,6,6,13.142857142857142,1.0,0,0.02
Dropout,Equinculture,Female,Single,Daytime,No,Yes,No,No,No,25,25-29,140.0,140.0,5,0,0.0,5,0,0.0,0.0,1,0.981
Graduate,Nursing,Female,Single,Daytime,No,Yes,No,Yes,No,19,17-20,124.5,139.0,8,7,12.04142857142857,8,7,12.04142857142857,0.875,0,0.103
Graduate,Animation & Multimedia Design,Female,Single,Daytime,Yes,Yes,No,Yes,No,18,17-20,142.0,142.0,0,0,0.0,0,0,0.0,,0,0.311
Graduate,Tourism,Female,Single,Daytime,No,Yes,No,No,No,39,30-39,130.0,130.0,13,13,13.76923076923077,12,12,14.583333333333334,1.0,0,0.032
Graduate,Agronomy,Female,Married,Daytime,No,Yes,No,No,No,29,25-29,144.0,130.0,18,18,15.444444444444445,13,13,15.307692307692308,1.0,0,0.008
Enrolled,Basic Education,Female,Single,Daytime,No,Yes,No,Yes,No,18,17-20,128.5,125.0,7,6,11.5,7,7,12.714285714285714,1.0,0,0.077
Dropout,Communication Design,Female,Single,Daytime,No,No,No,No,No,23,21-24,140.0,140.0,3,2,10.0,6,0,0.0,0.0,1,0.999
Dropout,Basic Education,Female,Single,Daytime,No,Yes,No,Yes,No,21,21-24,113.9,120.0,6,4,12.25,6,3,10.333333333333334,0.5,1,0.83
Graduate,Social Service,Female,Single,Daytime,No,No,No,No,No,18,17-20,137.2,147.0,6,6,14.5,6,6,15.166666666666666,1.0,0,0.235
Graduate,Veterinary Nursing,Female,Single,Daytime,No,Yes,No,Yes,No,23,21-24,140.0,140.0,6,6,15.571428571428571,6,6,16.375,1.0,0,0.023
Graduate,Equinculture,Female,Single,Daytime,No,Yes,No,No,No,18,17-20,152.3,161.0,6,6,15.571428571428571,6,6,14.714285714285714,1.0,0,0.032
Graduate,Social Service (evening),Female,Married,Evening,No,Yes,No,No,No,32,30-39,112.5,133.1,6,5,13.8,6,6,12.166666666666666,1.0,0,0.053
Dropout,Management,Female,Married,Daytime,No,No,Yes,No,No,29,25-29,101.0,150.0,5,3,10.666666666666666,5,2,14.8,0.4,1,0.993
Graduate,Social Service,Female,Single,Daytime,Yes,Yes,Yes,Yes,No,20,17-20,112.3,113.0,6,5,11.6,6,4,11.75,0.667,0,0.213
Dropout,Social Service,Female,Single,Daytime,No,No,No,Yes,No,28,25-29,114.0,140.0,6,1,13.0,6,0,0.0,0.0,1,1.0
Graduate,Management,Female,Single,Daytime,No,Yes,No,No,No,27,25-29,130.0,130.0,5,3,12.0,5,4,13.625,0.8,0,0.415
Graduate,Nursing,Female,Single,Daytime,No,Yes,Yes,No,No,22,21-24,121.5,120.0,14,12,12.333333333333334,14,12,12.333333333333334,0.857,0,0.129
Enrolled,Agronomy,Female,Married,Daytime,No,Yes,Yes,No,No,37,30-39,120.0,133.1,6,6,12.875,6,6,12.9,1.0,0,0.178
Dropout,Social Service (evening),Female,Single,Evening,No,No,No,No,No,28,25-29,130.0,130.0,6,1,11.0,6,0,0.0,0.0,1,1.0
Dropout,Agronomy,Female,Married,Daytime,No,No,Yes,No,No,43,40+,125.7,120.0,6,4,12.25,6,4,10.5,0.667,1,0.987
Dropout,Oral Hygiene,Female,Single,Daytime,No,No,No,Yes,No,32,30-39,128.0,140.0,7,0,0.0,8,0,0.0,0.0,1,1.0
Enrolled,Social Service,Female,Single,Daytime,Yes,Yes,No,No,No,20,17-20,113.2,123.0,6,4,10.75,6,5,11.5,0.833,0,0.212
Graduate,Nursing,Female,Divorced,Daytime,Yes,Yes,No,No,No,35,30-39,120.0,133.1,8,8,13.63,8,8,13.63,1.0,0,0.003
Graduate,Advertising & Marketing,Female,Single,Daytime,No,Yes,No,Yes,No,21,21-24,117.8,130.0,5,3,13.0,5,4,11.5,0.8,0,0.426
Enrolled,Nursing,Female,Single,Daytime,Yes,Yes,No,Yes,No,18,17-20,121.3,126.0,7,6,13.533333333333331,7,7,12.228571428571428,1.0,0,0.041
Graduate,Nursing,Female,Single,Daytime,Yes,Yes,No,No,No,18,17-20,169.7,176.0,7,7,16.9,8,8,16.37777777777778,1.0,0,0.007
Graduate,Social Service,Female,Single,Daytime,No,Yes,No,Yes,No,18,17-20,117.7,124.0,6,5,12.0,6,4,12.0,0.667,0,0.559
Graduate,Social Service (evening),Female,Single,Evening,No,Yes,No,Yes,No,22,21-24,121.8,120.0,6,6,12.5,6,6,13.285714285714286,1.0,0,0.057
Graduate,Nursing,Female,Single,Daytime,No,Yes,No,Yes,No,19,17-20,128.3,140.0,8,7,12.764285714285714,8,7,12.764285714285714,0.875,0,0.082
Graduate,Management,Female,Single,Daytime,Yes,Yes,No,Yes,No,18,17-20,132.2,143.0,5,5,13.75,5,5,12.166666666666666,1.0,0,0.067
Dropout,Animation & Multimedia Design,Female,Single,Daytime,No,Yes,Yes,Yes,No,19,17-20,134.3,136.0,0,0,0.0,0,0,0.0,,1,0.804
Graduate,Nursing,Female,Single,Daytime,Yes,Yes,No,No,No,18,17-20,123.4,132.0,7,7,14.604285714285712,8,8,15.68333333333333,1.0,0,0.007
Dropout,Management (evening),Female,Married,Evening,No,No,Yes,No,No,31,30-39,121.7,133.1,5,0,0.0,5,0,0.0,0.0,1,1.0
Graduate,Social Service (evening),Female,Married,Evening,Yes,Yes,Yes,No,No,33,30-39,130.0,100.0,6,5,13.833333333333334,6,6,12.5,1.0,0,0.072
Graduate,Nursing,Female,Single,Daytime,Yes,Yes,No,Yes,No,19,17-20,126.5,137.0,8,8,13.57625,8,8,13.57625,1.0,0,0.006
Graduate,Social Service,Female,Single,Daytime,Yes,Yes,No,Yes,No,18,17-20,159.7,153.0,6,6,15.142857142857142,6,6,15.833333333333334,1.0,0,0.018
Graduate,Management,Female,Single,Daytime,No,Yes,No,No,No,23,21-24,151.3,160.0,5,3,10.666666666666666,5,5,11.6,1.0,0,0.169
Graduate,Social Service,Female,Single,Daytime,No,Yes,No,Yes,No,20,17-20,138.0,145.0,6,5,11.2,6,6,12.0,1.0,0,0.088
Graduate,Nursing,Female,Single,Daytime,No,Yes,No,Yes,No,18,17-20,126.5,137.0,8,8,13.76375,8,8,13.76375,1.0,0,0.014
Enrolled,Veterinary Nursing,Female,Single,Daytime,No,Yes,Yes,Yes,No,21,21-24,140.0,140.0,9,8,13.25,9,5,12.2,0.556,0,0.91
Graduate,Social Service,Female,Single,Daytime,Yes,Yes,No,No,No,22,21-24,112.3,120.0,6,5,10.714285714285714,6,5,12.2,0.833,0,0.075
Graduate,Social Service,Female,Single,Daytime,No,Yes,Yes,Yes,No,20,17-20,127.3,122.0,6,6,12.166666666666666,6,6,11.666666666666666,1.0,0,0.134
Graduate,Nursing,Female,Single,Daytime,No,Yes,No,Yes,No,23,21-24,130.0,130.0,7,6,14.357142857142858,7,6,14.357142857142858,0.857,0,0.117
Graduate,Journalism & Communication,Female,Single,Daytime,No,Yes,No,Yes,No,19,17-20,115.0,133.1,6,6,12.833333333333334,6,6,12.666666666666666,1.0,0,0.101
Graduate,Nursing,Female,Single,Daytime,No,Yes,No,Yes,No,19,17-20,131.5,150.0,8,7,13.925714285714283,8,7,13.925714285714283,0.875,0,0.074
Dropout,Management (evening),Female,Single,Evening,No,Yes,No,No,No,26,25-29,125.7,133.1,5,2,12.0,5,3,11.0,0.6,1,0.831
Graduate,Nursing,Female,Single,Daytime,No,Yes,No,Yes,No,18,17-20,126.8,141.0,7,7,13.44285714285714,8,8,13.744444444444444,1.0,0,0.03
Dropout,Informatics Engineering,Male,Single,Daytime,No,Yes,No,Yes,No,18,17-20,132.4,146.0,5,1,16.0,5,0,0.0,0.0,1,0.998
Graduate,Agronomy,Male,Single,Daytime,No,Yes,No,Yes,No,20,17-20,150.0,150.0,6,6,13.125,6,6,13.2,1.0,0,0.062
Dropout,Advertising & Marketing,Male,Single,Daytime,No,Yes,No,No,No,19,17-20,95.0,133.1,6,0,0.0,6,0,0.0,0.0,1,0.999
Dropout,Management (evening),Male,Single,Evening,No,No,No,No,No,32,30-39,128.2,120.0,9,5,11.4,4,4,11.0,1.0,1,0.978
Dropout,Equinculture,Male,Married,Daytime,No,No,No,No,No,31,30-39,130.0,150.0,4,2,11.0,5,3,11.666666666666666,0.6,1,0.966
Enrolled,Informatics Engineering,Male,Single,Daytime,No,Yes,No,No,No,25,25-29,100.0,133.1,5,1,11.0,5,1,10.0,0.2,0,0.989
Graduate,Veterinary Nursing,Female,Single,Daytime,No,Yes,No,Yes,No,21,21-24,159.9,140.0,6,5,13.666666666666666,6,5,13.0,0.833,0,0.349
Dropout,Management (evening),Female,Married,Evening,No,No,No,No,No,31,30-39,100.0,140.0,6,4,11.75,5,1,10.0,0.2,1,0.996
Dropout,Basic Education,Female,Married,Daytime,No,Yes,No,No,No,34,30-39,116.5,133.1,7,1,10.0,7,1,13.0,0.143,1,0.997
Graduate,Social Service,Female,Single,Daytime,Yes,Yes,No,No,No,18,17-20,120.0,128.0,6,6,13.5,6,6,12.833333333333334,1.0,0,0.021
Dropout,Social Service,Female,Single,Daytime,No,Yes,Yes,Yes,No,19,17-20,117.0,117.0,6,0,0.0,6,0,0.0,0.0,1,1.0
Enrolled,Advertising & Marketing,Female,Single,Daytime,No,Yes,Yes,Yes,No,21,21-24,140.0,140.0,6,1,12.0,6,1,11.0,0.167,0,0.996
Dropout,Basic Education,Female,Single,Daytime,No,No,No,Yes,No,18,17-20,118.1,124.0,6,3,13.0,6,5,11.8,0.833,1,0.92
Graduate,Tourism,Female,Single,Daytime,No,Yes,No,Yes,No,20,17-20,153.5,158.0,6,6,14.833333333333334,6,6,16.0,1.0,0,0.037
Graduate,Journalism & Communication,Female,Single,Daytime,No,Yes,No,Yes,No,20,17-20,127.9,137.0,6,6,11.833333333333334,6,6,12.857142857142858,1.0,0,0.071
Graduate,Advertising & Marketing,Female,Single,Daytime,Yes,Yes,No,Yes,No,18,17-20,118.8,123.0,6,5,12.0,6,5,12.333333333333334,0.833,0,0.232
Graduate,Social Service,Female,Single,Daytime,No,Yes,No,Yes,No,19,17-20,126.7,126.0,6,4,12.75,6,6,11.333333333333334,1.0,0,0.151
Enrolled,Veterinary Nursing,Female,Single,Daytime,No,Yes,No,Yes,No,19,17-20,170.0,170.0,5,0,0.0,5,4,14.75,0.8,0,0.248
Dropout,Equinculture,Female,Divorced,Daytime,Yes,Yes,No,Yes,No,30,30-39,110.0,133.1,6,0,0.0,6,1,10.0,0.167,1,0.986
Graduate,Social Service,Female,Single,Daytime,No,Yes,No,Yes,No,19,17-20,115.0,115.0,6,6,12.0,6,6,12.857142857142858,1.0,0,0.051
Graduate,Oral Hygiene,Female,Single,Daytime,No,Yes,No,Yes,No,19,17-20,119.0,132.0,7,7,11.677777777777775,8,8,13.8,1.0,0,0.02
Graduate,Nursing,Female,Single,Daytime,Yes,Yes,No,Yes,No,19,17-20,121.8,132.0,8,7,13.6,8,7,13.6,0.875,0,0.03
Graduate,Veterinary Nursing,Female,Single,Daytime,No,Yes,No,Yes,No,19,17-20,133.4,143.0,6,6,16.0,6,6,15.875,1.0,0,0.044
Graduate,Social Service,Female,Single,Daytime,No,Yes,No,Yes,No,20,17-20,131.4,137.0,6,5,11.8,6,6,11.5,1.0,0,0.1
Dropout,Informatics Engineering,Male,Single,Daytime,No,Yes,Yes,No,No,25,25-29,135.0,130.0,5,0,0.0,6,2,14.0,0.333,1,0.991
Dropout,Journalism & Communication,Male,Single,Daytime,No,Yes,No,No,No,19,17-20,122.8,121.0,6,0,0.0,6,0,0.0,0.0,1,0.999
Graduate,Basic Education,Female,Married,Daytime,Yes,Yes,Yes,No,No,34,30-39,140.0,130.0,6,6,16.142857142857142,6,6,16.2,1.0,0,0.074
Graduate,Nursing,Female,Single,Daytime,Yes,Yes,No,Yes,No,18,17-20,125.3,135.0,8,7,11.785714285714286,8,7,11.785714285714286,0.875,0,0.037
Graduate,Nursing,Female,Single,Daytime,Yes,Yes,No,Yes,No,18,17-20,126.3,137.0,8,8,13.42375,8,8,13.42375,1.0,0,0.008
Graduate,Advertising & Marketing,Female,Single,Daytime,No,Yes,No,No,No,20,17-20,100.0,100.0,6,6,12.5,6,5,14.166666666666666,0.833,0,0.085
Graduate,Nursing,Female,Single,Daytime,Yes,Yes,No,Yes,No,20,17-20,121.3,127.0,8,7,12.464285714285714,8,7,12.464285714285714,0.875,0,0.036
Enrolled,Management (evening),Female,Single,Evening,No,Yes,Yes,No,No,23,21-24,135.0,140.0,11,8,12.375,9,5,12.6,0.556,0,0.872
Dropout,Advertising & Marketing,Female,Single,Daytime,No,Yes,No,No,No,28,25-29,120.0,140.0,6,1,10.0,6,0,0.0,0.0,1,0.999
Enrolled,Journalism & Communication,Female,Single,Daytime,No,Yes,No,No,No,18,17-20,113.7,121.0,6,5,12.6,6,6,12.428571428571429,1.0,0,0.105
Graduate,Management,Female,Single,Daytime,No,Yes,No,Yes,No,19,17-20,129.7,131.0,5,5,12.6,5,4,12.4,0.8,0,0.265
Dropout,Management,Female,Married,Daytime,No,Yes,No,Yes,No,34,30-39,132.1,151.0,5,2,10.0,5,4,12.0,0.8,1,0.556
Dropout,Basic Education,Female,Married,Daytime,No,Yes,No,No,No,35,30-39,120.3,130.0,7,0,0.0,6,0,0.0,0.0,1,0.999
Graduate,Management (evening),Female,Single,Evening,No,Yes,No,No,No,32,30-39,120.0,120.0,5,5,11.6,5,5,12.333333333333334,1.0,0,0.054
Graduate,Tourism,Female,Single,Daytime,No,Yes,No,Yes,No,19,17-20,123.1,136.0,6,6,12.166666666666666,6,6,13.5,1.0,0,0.06
Graduate,Advertising & Marketing,Female,Single,Daytime,No,Yes,No,Yes,No,18,17-20,119.4,125.0,6,4,13.6,6,5,12.666666666666666,0.833,0,0.413
Dropout,Management,Female,Married,Daytime,No,No,No,No,No,35,30-39,140.0,133.1,5,4,12.5,5,5,11.8,1.0,1,0.609
Enrolled,Social Service (evening),Male,Single,Evening,Yes,Yes,No,No,No,24,21-24,116.5,133.1,6,4,12.25,6,4,11.5,0.667,0,0.46
Graduate,Social Service,Female,Single,Daytime,Yes,Yes,No,Yes,No,20,17-20,113.0,120.0,6,6,11.714285714285714,6,6,12.625,1.0,0,0.032
Graduate,Journalism & Communication,Male,Single,Daytime,Yes,Yes,No,Yes,Yes,18,17-20,133.9,143.0,6,6,13.5,6,6,13.0,1.0,0,0.006
Graduate,Nursing,Male,Single,Daytime,Yes,Yes,No,Yes,No,20,17-20,115.5,133.1,8,7,13.024285714285714,8,7,13.024285714285714,0.875,0,0.065
Dropout,Tourism,Male,Single,Daytime,No,No,No,Yes,No,18,17-20,116.5,121.0,6,0,0.0,6,0,0.0,0.0,1,1.0
Graduate,Informatics Engineering,Male,Single,Daytime,Yes,Yes,No,No,No,18,17-20,171.2,168.0,5,5,17.333333333333332,5,5,18.571428571428573,1.0,0,0.034
Graduate,Advertising & Marketing,Male,Single,Daytime,Yes,Yes,No,No,No,20,17-20,119.1,124.0,5,4,11.0,5,4,11.5,0.8,0,0.161
Dropout,Basic Education,Male,Single,Daytime,No,Yes,No,Yes,No,19,17-20,121.1,127.0,7,6,13.666666666666666,7,6,12.5,0.857,1,0.245
Enrolled,Communication Design,Male,Single,Daytime,Yes,Yes,No,Yes,No,20,17-20,132.9,129.0,6,6,11.375,6,5,13.8,0.833,0,0.061
Graduate,Social Service,Male,Single,Daytime,No,Yes,No,No,No,19,17-20,132.8,137.0,6,6,12.833333333333334,6,6,11.833333333333334,1.0,0,0.071
Graduate,Journalism & Communication,Male,Single,Daytime,No,Yes,No,Yes,No,20,17-20,126.7,120.0,6,5,12.6,6,4,11.5,0.667,0,0.489
Graduate,Nursing,Male,Single,Daytime,No,Yes,No,Yes,No,22,21-24,105.8,110.0,7,6,14.333333333333334,8,7,13.771428571428572,0.875,0,0.162
Enrolled,Informatics Engineering,Male,Single,Daytime,Yes,Yes,No,No,No,18,17-20,117.2,120.0,5,4,13.5,6,6,13.625,1.0,0,0.077
Graduate,Nursing,Male,Single,Daytime,No,Yes,No,No,No,19,17-20,140.0,143.0,8,7,14.285714285714286,8,7,14.285714285714286,0.875,0,0.056
Dropout,Agronomy,Male,Single,Daytime,No,Yes,No,No,No,22,21-24,120.0,120.0,6,3,11.75,6,2,10.0,0.333,1,0.958
Graduate,Informatics Engineering,Male,Single,Daytime,No,Yes,No,Yes,Yes,20,17-20,119.5,124.0,5,5,14.8,5,5,17.6,1.0,0,0.01
Dropout,Agronomy,Male,Married,Daytime,No,No,Yes,No,No,34,30-39,153.9,168.0,6,0,0.0,6,0,0.0,0.0,1,1.0
Dropout,Social Service (evening),Male,Married,Evening,No,Yes,No,No,No,24,21-24,130.0,133.1,6,1,10.0,5,0,0.0,0.0,1,0.998
Dropout,Advertising & Marketing,Male,Single,Daytime,No,Yes,No,Yes,No,26,25-29,107.0,150.0,5,0,0.0,5,0,0.0,0.0,1,0.999
Dropout,Nursing,Male,Single,Daytime,No,Yes,No,No,No,35,30-39,132.8,140.0,7,4,12.6,7,5,12.38,0.714,1,0.737
Graduate,Management (evening),Male,Single,Evening,No,Yes,No,Yes,No,22,21-24,127.5,145.0,5,5,12.428571428571429,5,5,11.8,1.0,0,0.095
Enrolled,Tourism,Male,Single,Daytime,No,Yes,No,Yes,No,26,25-29,123.3,118.0,6,4,10.0,6,3,12.0,0.5,0,0.808
Dropout,Management,Male,Single,Daytime,No,Yes,No,No,No,19,17-20,122.0,123.0,5,3,12.333333333333334,5,0,0.0,0.0,1,0.993
Dropout,Tourism,Male,Single,Daytime,No,No,No,Yes,No,19,17-20,114.8,120.0,6,0,0.0,6,0,0.0,0.0,1,1.0
Graduate,Animation & Multimedia Design,Male,Single,Daytime,No,Yes,Yes,No,No,20,17-20,140.0,140.0,0,0,0.0,0,0,0.0,,0,0.655
Graduate,Advertising & Marketing,Male,Single,Daytime,No,Yes,Yes,No,No,21,21-24,111.0,126.0,11,10,12.1,8,8,13.333333333333334,1.0,0,0.206
Graduate,Journalism & Communication,Female,Single,Daytime,Yes,Yes,No,Yes,No,19,17-20,133.2,137.0,6,6,14.714285714285714,6,6,15.0,1.0,0,0.029
Graduate,Journalism & Communication,Female,Single,Daytime,No,Yes,No,Yes,No,18,17-20,123.0,130.0,6,6,12.666666666666666,6,6,12.833333333333334,1.0,0,0.057
Graduate,Agronomy,Female,Single,Daytime,Yes,Yes,No,No,No,23,21-24,150.0,150.0,12,12,14.384615384615383,10,10,13.3,1.0,0,0.004
Graduate,Management,Female,Single,Daytime,Yes,Yes,No,Yes,No,18,17-20,132.3,147.0,5,5,13.4,5,5,12.2,1.0,0,0.05
Graduate,Nursing,Female,Single,Daytime,No,Yes,No,Yes,No,18,17-20,126.0,140.0,8,7,13.314285714285717,8,7,13.314285714285717,0.875,0,0.068
Graduate,Nursing,Female,Single,Daytime,No,Yes,No,Yes,No,19,17-20,119.3,132.0,8,7,11.98857142857143,8,7,11.98857142857143,0.875,0,0.075
Graduate,Management,Female,Single,Daytime,No,Yes,No,Yes,No,21,21-24,133.8,130.0,11,11,11.545454545454543,9,8,12.88888888888889,0.889,0,0.016
Graduate,Veterinary Nursing,Female,Single,Daytime,Yes,Yes,No,Yes,No,18,17-20,126.5,130.0,6,6,16.46153846153846,6,6,13.875,1.0,0,0.033
Graduate,Journalism & Communication,Female,Single,Daytime,Yes,Yes,No,Yes,No,24,21-24,138.4,151.0,6,6,13.666666666666666,6,6,12.833333333333334,1.0,0,0.032
Dropout,Nursing,Female,Single,Daytime,No,Yes,No,Yes,No,18,17-20,129.0,144.0,7,7,12.65,8,8,13.411111111111111,1.0,1,0.028
Enrolled,Advertising & Marketing,Female,Single,Daytime,No,Yes,No,Yes,No,18,17-20,118.3,127.0,6,6,12.333333333333334,6,3,12.0,0.5,0,0.583
Graduate,Nursing,Female,Single,Daytime,No,Yes,No,Yes,No,20,17-20,129.8,131.0,7,6,14.37,8,7,14.65,0.875,0,0.102
Enrolled,Veterinary Nursing,Female,Single,Daytime,No,Yes,No,Yes,No,19,17-20,113.6,123.0,5,3,12.0,5,4,11.75,0.8,0,0.358
Dropout,Journalism & Communication,Female,Single,Daytime,Yes,No,No,Yes,No,18,17-20,128.3,130.0,6,3,12.0,6,3,10.666666666666666,0.5,1,0.976
Dropout,Tourism,Female,Single,Daytime,Yes,Yes,No,No,No,19,17-20,130.0,130.0,6,4,12.0,6,3,11.0,0.5,1,0.616
Graduate,Basic Education,Female,Single,Daytime,No,Yes,No,Yes,No,19,17-20,121.9,131.0,6,5,12.6,6,5,11.2,0.833,0,0.258
Graduate,Social Service,Female,Single,Daytime,No,Yes,Yes,No,No,18,17-20,129.4,135.0,6,6,12.166666666666666,6,6,12.333333333333334,1.0,0,0.092
Enrolled,Basic Education,Female,Single,Daytime,No,Yes,No,Yes,No,20,17-20,115.3,123.0,7,6,13.5,7,6,14.0,0.857,0,0.041
Graduate,Nursing,Female,Single,Daytime,Yes,Yes,No,Yes,No,18,17-20,125.5,145.0,8,8,13.76375,8,8,13.76375,1.0,0,0.007
Graduate,Oral Hygiene,Female,Single,Daytime,Yes,Yes,No,Yes,No,19,17-20,117.8,118.0,7,6,12.4,7,6,12.8,0.857,0,0.09
Enrolled,Management,Female,Single,Daytime,No,Yes,No,Yes,No,18,17-20,118.7,125.0,5,4,10.666666666666666,5,2,12.0,0.4,0,0.808
Graduate,Nursing,Female,Single,Daytime,No,Yes,No,Yes,No,18,17-20,139.0,152.0,7,6,14.333333333333334,7,6,14.333333333333334,0.857,0,0.079
Enrolled,Veterinary Nursing,Female,Single,Daytime,No,Yes,No,Yes,No,21,21-24,98.9,101.0,6,4,12.5,6,2,12.666666666666666,0.333,0,0.879
Dropout,Tourism,Female,Single,Daytime,No,No,Yes,Yes,No,19,17-20,137.7,137.0,6,1,10.0,6,0,0.0,0.0,1,1.0
Graduate,Nursing,Female,Single,Daytime,No,Yes,No,Yes,No,21,21-24,113.6,123.0,7,7,14.69625,8,8,14.622222222222224,1.0,0,0.035
Enrolled,Veterinary Nursing,Female,Single,Daytime,No,Yes,No,No,No,18,17-20,113.4,120.0,6,4,11.5,6,3,13.75,0.5,0,0.715
Graduate,Oral Hygiene,Female,Single,Daytime,Yes,Yes,No,No,No,18,17-20,128.5,131.0,7,7,12.855555555555556,8,8,13.9125,1.0,0,0.007
Graduate,Nursing,Female,Single,Daytime,No,Yes,No,No,No,18,17-20,142.8,141.0,7,7,13.7,8,8,13.994444444444444,1.0,0,0.017
Dropout,Equinculture,Female,Single,Daytime,No,No,No,No,No,23,21-24,137.7,144.0,5,0,0.0,5,1,12.0,0.2,1,0.988
Enrolled,Social Service,Female,Single,Daytime,No,Yes,No,Yes,No,20,17-20,103.5,107.0,6,3,11.2,6,4,12.0,0.667,0,0.75
Graduate,Nursing,Female,Single,Daytime,No,Yes,No,No,No,18,17-20,123.2,133.0,7,7,13.285714285714286,8,8,13.333333333333334,1.0,0,0.02
Enrolled,Basic Education,Female,Single,Daytime,No,Yes,No,Yes,No,19,17-20,126.0,126.0,6,5,13.0,6,5,10.4,0.833,0,0.257
Enrolled,Nursing,Female,Single,Daytime,Yes,Yes,No,No,No,27,25-29,121.7,133.1,7,6,12.6,7,6,11.685714285714283,0.857,0,0.078
Enrolled,Management,Female,Single,Daytime,Yes,No,Yes,Yes,No,19,17-20,142.8,147.0,5,5,12.8,5,4,12.0,0.8,0,0.824
Dropout,Equinculture,Female,Single,Daytime,No,Yes,No,Yes,No,21,21-24,120.0,120.0,6,5,11.5,6,5,11.0,0.833,1,0.242
Graduate,Nursing,Female,Single,Daytime,Yes,Yes,No,Yes,No,19,17-20,119.3,130.0,8,7,11.4,8,7,11.4,0.875,0,0.04
Graduate,Social Service,Female,Single,Daytime,Yes,Yes,No,No,No,21,21-24,121.0,120.0,6,6,12.333333333333334,6,6,11.333333333333334,1.0,0,0.082
Graduate,Journalism & Communication,Female,Single,Daytime,No,Yes,No,Yes,No,18,17-20,139.4,138.0,6,5,12.8,6,4,12.2,0.667,0,0.453
Graduate,Veterinary Nursing,Female,Single,Daytime,Yes,Yes,No,Yes,No,20,17-20,113.9,124.0,5,5,12.0,5,4,15.0,0.8,0,0.048
Graduate,Basic Education,Female,Single,Daytime,Yes,Yes,No,Yes,No,18,17-20,124.6,133.0,6,5,13.0,6,5,13.5,0.833,0,0.088
Dropout,Communication Design,Female,Single,Daytime,Yes,No,Yes,Yes,No,18,17-20,123.8,122.0,6,6,11.833333333333334,6,6,11.0,1.0,1,0.568
Graduate,Veterinary Nursing,Female,Single,Daytime,No,Yes,No,Yes,No,18,17-20,126.3,138.0,6,6,14.0,6,6,13.333333333333334,1.0,0,0.062
Graduate,Journalism & Communication,Female,Single,Daytime,Yes,Yes,No,Yes,No,18,17-20,120.4,134.0,6,6,12.333333333333334,6,6,13.5,1.0,0,0.045
Enrolled,Nursing,Female,Single,Daytime,Yes,Yes,No,Yes,No,19,17-20,120.5,128.0,7,5,13.04,7,7,12.5,1.0,0,0.074
Enrolled,Veterinary Nursing,Female,Single,Daytime,No,No,Yes,Yes,No,23,21-24,144.9,140.0,11,11,13.166666666666666,9,8,13.333333333333334,0.889,0,0.66
Graduate,Veterinary Nursing,Female,Single,Daytime,Yes,Yes,No,Yes,No,24,21-24,139.9,133.1,6,6,12.5,6,6,12.833333333333334,1.0,0,0.033
Graduate,Animation & Multimedia Design,Female,Single,Daytime,No,Yes,No,Yes,No,19,17-20,133.3,142.0,0,0,0.0,0,0,0.0,,0,0.468
Graduate,Nursing,Female,Single,Daytime,No,Yes,No,Yes,No,18,17-20,126.0,141.0,8,7,15.657142857142857,8,7,15.657142857142857,0.875,0,0.06
Graduate,Communication Design,Female,Single,Daytime,No,Yes,No,No,No,19,17-20,133.5,145.0,6,6,12.166666666666666,6,6,11.333333333333334,1.0,0,0.037
Dropout,Basic Education,Female,Single,Daytime,No,Yes,No,Yes,No,19,17-20,127.9,145.0,6,0,0.0,6,0,0.0,0.0,1,0.999
Enrolled,Social Service,Female,Single,Daytime,Yes,Yes,No,No,No,20,17-20,105.9,108.0,6,5,10.6,6,5,11.166666666666666,0.833,0,0.081
Enrolled,Veterinary Nursing,Female,Single,Daytime,No,Yes,No,No,No,20,17-20,124.3,132.0,6,6,13.428571428571429,6,5,12.666666666666666,0.833,0,0.128
Dropout,Journalism & Communication,Female,Single,Daytime,No,Yes,No,No,No,26,25-29,102.5,140.0,6,4,11.75,6,0,0.0,0.0,1,0.995
Dropout,Tourism,Male,Single,Daytime,No,No,Yes,No,No,36,30-39,97.0,133.1,5,0,0.0,5,0,0.0,0.0,1,1.0
Dropout,Animation & Multimedia Design,Male,Single,Daytime,No,No,No,No,No,19,17-20,134.7,128.0,0,0,0.0,0,0,0.0,,1,0.916
Dropout,Informatics Engineering,Male,Single,Daytime,No,No,No,No,No,27,25-29,113.8,120.0,5,0,0.0,5,0,0.0,0.0,1,1.0
Dropout,Informatics Engineering,Male,Single,Daytime,No,Yes,No,No,No,18,17-20,116.9,120.0,5,1,13.0,5,0,0.0,0.0,1,0.997
Graduate,Nursing,Male,Single,Daytime,Yes,Yes,No,Yes,No,18,17-20,124.0,139.0,8,7,13.331428571428573,8,7,13.331428571428573,0.875,0,0.052
Dropout,Communication Design,Male,Single,Daytime,No,Yes,No,No,No,28,25-29,117.5,139.3,6,0,0.0,6,0,0.0,0.0,1,0.999
Graduate,Animation & Multimedia Design,Male,Single,Daytime,No,Yes,No,Yes,No,21,21-24,154.8,150.0,0,0,0.0,0,0,0.0,,0,0.487
Graduate,Nursing,Male,Single,Daytime,No,Yes,No,No,No,19,17-20,141.0,138.0,7,6,13.7,7,6,13.7,0.857,0,0.077
Dropout,Advertising & Marketing,Male,Single,Daytime,No,No,Yes,No,No,26,25-29,120.0,133.1,5,0,0.0,5,0,0.0,0.0,1,1.0
Dropout,Informatics Engineering,Male,Single,Daytime,No,Yes,No,Yes,No,20,17-20,133.6,136.0,9,9,13.454545454545457,7,6,13.875,0.857,1,0.187
Graduate,Nursing,Male,Single,Daytime,No,Yes,No,Yes,No,19,17-20,122.0,134.0,8,7,12.2,8,7,12.2,0.875,0,0.114
Dropout,Management,Male,Single,Daytime,No,Yes,No,Yes,No,21,21-24,120.0,140.0,5,3,10.0,5,4,11.0,0.8,1,0.61
Graduate,Advertising & Marketing,Male,Single,Daytime,Yes,Yes,No,No,No,23,21-24,114.2,110.0,6,5,13.0,6,6,12.857142857142858,1.0,0,0.031
Graduate,Social Service (evening),Male,Single,Evening,No,Yes,No,No,No,29,25-29,95.5,133.1,6,6,12.0,6,6,14.0,1.0,0,0.033
Graduate,Nursing,Male,Single,Daytime,No,Yes,No,No,No,20,17-20,120.0,129.0,8,7,15.028571428571428,8,7,15.028571428571428,0.875,0,0.066
Graduate,Social Service,Male,Single,Daytime,No,Yes,No,No,No,18,17-20,111.1,116.0,6,6,12.0,6,6,11.714285714285714,1.0,0,0.062
Graduate,Journalism & Communication,Male,Single,Daytime,No,Yes,No,Yes,No,19,17-20,128.6,130.0,6,5,12.0,6,5,12.4,0.833,0,0.217
Dropout,Oral Hygiene,Male,Single,Daytime,No,No,No,No,No,23,21-24,130.0,130.0,7,3,13.666666666666666,8,3,11.333333333333334,0.375,1,0.997
Dropout,Animation & Multimedia Design,Male,Single,Daytime,No,Yes,No,No,No,21,21-24,111.1,116.0,0,0,0.0,0,0,0.0,,1,0.588
Enrolled,Management,Male,Single,Daytime,No,Yes,No,Yes,No,18,17-20,122.7,136.0,5,5,12.0,5,4,12.5,0.8,0,0.312
Graduate,Animation & Multimedia Design,Male,Single,Daytime,Yes,Yes,No,Yes,No,18,17-20,134.4,147.0,0,0,0.0,0,0,0.0,,0,0.383
Dropout,Communication Design,Male,Single,Daytime,No,No,Yes,Yes,No,21,21-24,131.0,117.0,6,1,14.0,6,0,0.0,0.0,1,1.0
Dropout,Social Service,Male,Single,Daytime,No,Yes,No,No,No,22,21-24,125.0,141.0,6,0,0.0,6,0,0.0,0.0,1,0.999
Graduate,Oral Hygiene,Male,Single,Daytime,No,Yes,No,Yes,No,21,21-24,106.0,133.1,7,7,12.375,7,5,12.583333333333334,0.714,0,0.263
Dropout,Nursing,Male,Single,Daytime,No,No,No,Yes,No,32,30-39,128.0,133.1,7,0,0.0,8,0,0.0,0.0,1,1.0
Graduate,Agronomy,Male,Single,Daytime,No,Yes,No,Yes,No,27,25-29,120.0,120.0,18,18,11.421052631578949,13,13,11.076923076923077,1.0,0,0.021
Graduate,Nursing,Male,Single,Daytime,No,Yes,No,Yes,No,18,17-20,134.8,148.0,7,6,13.35,7,6,13.35,0.857,0,0.107
Graduate,Communication Design,Male,Single,Daytime,Yes,Yes,No,Yes,No,24,21-24,112.0,130.0,6,6,15.0,6,2,16.0,0.333,0,0.618
Dropout,Equinculture,Male,Single,Daytime,No,Yes,No,Yes,No,22,21-24,116.1,120.0,5,2,10.5,5,0,0.0,0.0,1,0.997
Dropout,Equinculture,Male,Single,Daytime,No,No,No,Yes,No,22,21-24,120.0,120.0,6,0,0.0,4,0,0.0,0.0,1,1.0
Graduate,Management,Male,Single,Daytime,No,Yes,No,Yes,No,19,17-20,119.7,133.0,5,5,13.25,5,5,11.833333333333334,1.0,0,0.196
Dropout,Informatics Engineering,Male,Single,Daytime,No,Yes,No,Yes,No,19,17-20,117.1,129.0,5,0,0.0,5,0,0.0,0.0,1,0.999
Enrolled,Veterinary Nursing,Male,Single,Daytime,No,Yes,No,Yes,No,21,21-24,112.4,118.0,5,4,11.5,5,3,10.6,0.6,0,0.521
Graduate,Nursing,Female,Single,Daytime,Yes,Yes,No,Yes,No,18,17-20,131.0,140.0,8,8,13.88125,8,8,13.88125,1.0,0,0.007
Graduate,Tourism,Female,Single,Daytime,No,Yes,No,Yes,No,18,17-20,130.9,127.0,6,6,11.333333333333334,6,5,12.6,0.833,0,0.091
Dropout,Animation & Multimedia Design,Female,Single,Daytime,No,Yes,Yes,Yes,No,20,17-20,134.9,131.0,0,0,0.0,0,0,0.0,,1,0.779
Graduate,Social Service,Female,Single,Daytime,No,Yes,No,Yes,No,19,17-20,127.1,132.0,6,6,12.857142857142858,6,6,13.666666666666666,1.0,0,0.064
Graduate,Journalism & Communication,Female,Single,Daytime,No,Yes,Yes,Yes,No,19,17-20,110.2,113.0,6,5,11.6,6,6,12.5,1.0,0,0.11
Graduate,Tourism,Female,Single,Daytime,Yes,Yes,No,Yes,No,18,17-20,108.7,115.0,6,5,11.4,6,6,11.333333333333334,1.0,0,0.074
Enrolled,Equinculture,Female,Single,Daytime,No,Yes,No,Yes,No,20,17-20,138.0,133.1,6,6,13.333333333333334,6,6,13.0,1.0,0,0.093
Graduate,Communication Design,Female,Single,Daytime,Yes,Yes,Yes,No,No,22,21-24,147.7,150.0,7,7,13.571428571428571,9,9,13.77777777777778,1.0,0,0.031
Graduate,Oral Hygiene,Female,Married,Daytime,No,Yes,No,No,No,31,30-39,123.0,133.1,7,6,11.833333333333334,7,7,12.228571428571428,1.0,0,0.05
Graduate,Basic Education,Female,Single,Daytime,Yes,Yes,No,No,No,19,17-20,142.8,141.0,7,7,14.428571428571429,7,7,14.142857142857142,1.0,0,0.014
Enrolled,Animation & Multimedia Design,Female,Single,Daytime,No,Yes,No,Yes,No,18,17-20,138.3,140.0,0,0,0.0,0,0,0.0,,0,0.494
Graduate,Tourism,Female,Single,Daytime,Yes,Yes,No,Yes,No,18,17-20,125.2,136.0,6,6,12.285714285714286,6,5,12.4,0.833,0,0.059
Graduate,Veterinary Nursing,Female,Single,Daytime,No,Yes,No,No,No,21,21-24,141.8,140.0,5,5,14.4,5,5,13.8,1.0,0,0.074
Graduate,Nursing,Female,Single,Daytime,Yes,Yes,No,Yes,No,18,17-20,130.6,143.0,7,7,13.15,8,8,15.06875,1.0,0,0.018
Dropout,Management,Male,Single,Daytime,No,No,Yes,No,Yes,25,25-29,130.0,130.0,5,0,0.0,5,0,0.0,0.0,1,0.999
Dropout,Informatics Engineering,Male,Single,Daytime,No,Yes,Yes,No,Yes,21,21-24,100.0,133.1,5,0,0.0,6,0,0.0,0.0,1,0.999
Graduate,Nursing,Female,Single,Daytime,Yes,Yes,No,Yes,No,19,17-20,119.0,129.0,8,7,12.342857142857143,8,7,12.342857142857143,0.875,0,0.041
Enrolled,Journalism & Communication,Female,Single,Daytime,No,Yes,No,Yes,No,19,17-20,124.3,132.0,6,5,12.2,6,5,10.8,0.833,0,0.31
Dropout,Tourism,Female,Single,Daytime,No,Yes,No,Yes,No,22,21-24,122.2,118.0,6,4,10.5,6,1,11.0,0.167,1,0.936
Graduate,Management,Male,Single,Daytime,No,Yes,No,No,No,19,17-20,150.0,150.0,5,5,10.6,5,5,11.6,1.0,0,0.137
Dropout,Social Service (evening),Female,Single,Evening,No,Yes,No,No,No,58,40+,135.5,133.1,6,0,0.0,6,0,0.0,0.0,1,0.999
Graduate,Social Service,Female,Single,Daytime,Yes,Yes,No,Yes,No,19,17-20,127.3,122.0,6,4,11.25,6,6,12.0,1.0,0,0.081
Graduate,Advertising & Marketing,Male,Single,Daytime,No,Yes,No,Yes,Yes,23,21-24,127.0,127.0,9,6,10.5,10,10,11.7,1.0,0,0.034
Enrolled,Journalism & Communication,Female,Single,Daytime,Yes,Yes,No,Yes,No,19,17-20,126.9,122.0,6,4,11.0,6,3,11.666666666666666,0.5,0,0.559
Graduate,Nursing,Female,Single,Daytime,No,Yes,No,Yes,No,18,17-20,127.5,131.0,7,7,13.457142857142856,8,8,14.5125,1.0,0,0.035
Graduate,Veterinary Nursing,Female,Single,Daytime,No,Yes,No,No,No,20,17-20,122.0,130.0,5,5,12.6,5,4,12.333333333333334,0.8,0,0.079
Dropout,Veterinary Nursing,Female,Single,Daytime,No,No,No,No,No,18,17-20,115.8,130.0,6,0,0.0,6,0,0.0,0.0,1,1.0
Graduate,Advertising & Marketing,Female,Single,Daytime,No,Yes,No,No,No,18,17-20,121.6,130.0,6,6,13.666666666666666,6,5,13.6,0.833,0,0.084
Graduate,Management,Female,Single,Daytime,Yes,Yes,Yes,Yes,No,18,17-20,116.4,122.0,5,5,11.6,5,5,11.8,1.0,0,0.177
Dropout,Equinculture,Female,Single,Daytime,No,Yes,No,No,No,24,21-24,120.0,114.0,6,6,12.571428571428571,6,5,12.833333333333334,0.833,1,0.123
Dropout,Basic Education,Female,Single,Daytime,No,Yes,No,Yes,No,18,17-20,127.3,143.0,6,5,11.8,6,5,11.4,0.833,1,0.262
Enrolled,Management,Female,Single,Daytime,Yes,Yes,No,Yes,No,19,17-20,123.5,127.0,5,5,11.6,5,3,12.666666666666666,0.6,0,0.163
Graduate,Social Service,Female,Single,Daytime,Yes,Yes,No,Yes,No,19,17-20,125.6,141.0,6,6,11.333333333333334,6,6,11.833333333333334,1.0,0,0.026
Graduate,Tourism,Female,Single,Daytime,No,Yes,No,Yes,No,18,17-20,118.5,129.0,6,6,10.666666666666666,6,6,11.5,1.0,0,0.037
Enrolled,Equinculture,Female,Single,Daytime,No,Yes,No,Yes,No,18,17-20,129.5,140.0,5,4,13.5,5,5,13.4,1.0,0,0.107
Graduate,Animation & Multimedia Design,Female,Single,Daytime,Yes,Yes,No,Yes,No,19,17-20,134.6,137.0,0,0,0.0,0,0,0.0,,0,0.277
Graduate,Veterinary Nursing,Female,Single,Daytime,No,Yes,No,No,No,22,21-24,140.0,140.0,6,6,13.333333333333334,6,4,11.5,0.667,0,0.49
Enrolled,Tourism,Female,Single,Daytime,No,Yes,No,Yes,No,19,17-20,133.2,143.0,6,5,13.4,6,2,13.5,0.333,0,0.772
Enrolled,Social Service,Female,Widower,Daytime,Yes,Yes,No,Yes,No,21,21-24,133.5,138.0,6,3,10.2,6,4,12.25,0.667,0,0.417
Graduate,Journalism & Communication,Female,Single,Daytime,Yes,Yes,No,Yes,No,21,21-24,117.9,120.0,6,5,13.0,6,6,12.833333333333334,1.0,0,0.049
Graduate,Nursing,Female,Single,Daytime,Yes,Yes,No,Yes,No,18,17-20,128.0,144.0,8,7,12.90857142857143,8,7,12.90857142857143,0.875,0,0.041
Dropout,Basic Education,Female,Single,Daytime,No,Yes,No,Yes,No,20,17-20,113.2,123.0,6,4,12.0,6,1,10.0,0.167,1,0.972
Enrolled,Tourism,Female,Single,Daytime,Yes,Yes,No,Yes,No,18,17-20,122.0,129.0,6,6,10.833333333333334,6,5,11.0,0.833,0,0.053
Graduate,Communication Design,Female,Single,Daytime,No,Yes,No,Yes,No,19,17-20,156.9,152.0,6,6,15.333333333333334,6,6,15.833333333333334,1.0,0,0.037
Enrolled,Nursing,Female,Single,Daytime,Yes,Yes,No,Yes,No,18,17-20,125.1,130.0,7,6,12.816666666666668,8,6,12.875,0.75,0,0.1
Dropout,Management,Male,Single,Daytime,No,No,Yes,No,Yes,26,25-29,100.0,133.1,7,6,13.0,6,2,14.0,0.333,1,0.996
Enrolled,Informatics Engineering,Female,Single,Daytime,No,Yes,Yes,No,Yes,19,17-20,160.0,160.0,6,2,13.5,5,2,11.0,0.4,0,0.755
Graduate,Social Service (evening),Female,Married,Evening,No,Yes,No,No,No,35,30-39,101.0,140.0,6,6,12.5,6,6,12.166666666666666,1.0,0,0.054
Graduate,Advertising & Marketing,Female,Single,Daytime,Yes,Yes,No,Yes,No,19,17-20,121.5,133.0,6,6,13.0,6,6,14.333333333333334,1.0,0,0.032
Graduate,Veterinary Nursing,Male,Single,Daytime,No,Yes,No,Yes,No,18,17-20,126.8,138.0,5,4,11.75,5,5,12.571428571428571,1.0,0,0.179
Graduate,Advertising & Marketing,Male,Single,Daytime,No,Yes,No,No,No,19,17-20,132.9,142.0,5,4,12.5,5,4,14.25,0.8,0,0.245
Graduate,Animation & Multimedia Design,Male,Single,Daytime,No,Yes,No,Yes,No,25,25-29,134.3,115.0,17,17,11.61111111111111,17,17,12.055555555555555,1.0,0,0.007
Graduate,Tourism,Male,Single,Daytime,No,Yes,No,Yes,No,18,17-20,120.5,125.0,6,6,14.0,6,6,14.666666666666666,1.0,0,0.097
Dropout,Agronomy,Male,Single,Daytime,No,No,Yes,Yes,No,26,25-29,144.1,170.0,6,0,0.0,6,0,0.0,0.0,1,1.0
Graduate,Management (evening),Male,Single,Evening,No,Yes,No,No,No,34,30-39,100.0,140.0,5,5,13.8,5,5,13.833333333333334,1.0,0,0.172
Dropout,Tourism,Male,Single,Daytime,No,No,No,Yes,No,18,17-20,114.8,110.0,5,0,0.0,5,0,0.0,0.0,1,1.0
Dropout,Animation & Multimedia Design,Male,Single,Daytime,No,No,No,No,No,18,17-20,111.9,114.0,0,0,0.0,0,0,0.0,,1,0.864
Dropout,Informatics Engineering,Male,Single,Daytime,Yes,Yes,No,Yes,No,18,17-20,125.4,138.0,5,4,12.25,5,3,12.333333333333334,0.6,1,0.483
Dropout,Agronomy,Male,Single,Daytime,No,Yes,No,No,No,20,17-20,140.0,140.0,6,3,11.5,6,3,13.666666666666666,0.5,1,0.748
Graduate,Communication Design,Male,Single,Daytime,No,Yes,No,No,No,25,25-29,140.0,140.0,7,6,12.571428571428571,9,9,12.555555555555555,1.0,0,0.082
Dropout,Equinculture,Male,Single,Daytime,No,Yes,No,No,No,18,17-20,127.8,132.0,6,6,12.0,6,5,12.166666666666666,0.833,1,0.162
Graduate,Agronomy,Male,Single,Daytime,No,Yes,No,Yes,No,19,17-20,131.6,148.0,12,11,12.0,12,12,12.307692307692308,1.0,0,0.028
Dropout,Animation & Multimedia Design,Male,Single,Daytime,No,Yes,No,Yes,No,20,17-20,119.4,132.0,0,0,0.0,0,0,0.0,,1,0.581
Graduate,Social Service,Male,Single,Daytime,Yes,Yes,No,Yes,No,20,17-20,129.9,126.0,7,6,12.0,6,6,11.166666666666666,1.0,0,0.095
Enrolled,Informatics Engineering,Male,Single,Daytime,No,Yes,No,No,No,20,17-20,114.0,121.0,5,4,11.6,5,4,12.25,0.8,0,0.215
Dropout,Management,Male,Single,Daytime,Yes,Yes,No,Yes,No,19,17-20,113.4,120.0,5,0,0.0,5,0,0.0,0.0,1,0.995
Enrolled,Management,Male,Single,Daytime,No,Yes,No,No,No,20,17-20,117.8,123.0,5,5,12.0,5,4,13.0,0.8,0,0.194
Enrolled,Nursing,Male,Single,Daytime,No,Yes,No,Yes,No,18,17-20,114.3,122.0,7,6,13.976666666666668,8,6,12.041666666666666,0.75,0,0.373
Enrolled,Advertising & Marketing,Male,Single,Daytime,No,Yes,No,Yes,No,19,17-20,129.7,136.0,6,4,12.5,6,1,10.0,0.167,0,0.91
Dropout,Management,Male,Single,Daytime,No,No,No,Yes,No,20,17-20,112.0,119.0,5,0,0.0,5,0,0.0,0.0,1,1.0
Dropout,Advertising & Marketing,Male,Single,Daytime,No,Yes,No,No,No,24,21-24,140.0,120.0,6,4,10.5,6,4,12.5,0.667,1,0.691
Graduate,Agronomy,Male,Single,Daytime,No,Yes,No,Yes,No,20,17-20,150.0,150.0,6,5,12.857142857142858,6,6,12.3,1.0,0,0.121
Enrolled,Advertising & Marketing,Male,Single,Daytime,No,Yes,No,Yes,No,19,17-20,122.4,121.0,5,3,11.666666666666666,5,4,12.0,0.8,0,0.54
Dropout,Informatics Engineering,Male,Single,Daytime,No,Yes,No,No,No,23,21-24,150.0,140.0,5,2,13.0,5,1,10.0,0.2,1,0.978
Enrolled,Tourism,Male,Single,Daytime,No,Yes,No,Yes,No,20,17-20,135.0,135.0,6,6,11.833333333333334,6,5,10.4,0.833,0,0.197
Graduate,Social Service (evening),Male,Single,Evening,No,Yes,No,No,No,21,21-24,116.2,116.0,11,11,12.454545454545457,11,8,12.75,0.727,0,0.283
Dropout,Informatics Engineering,Male,Single,Daytime,No,Yes,No,Yes,No,20,17-20,120.4,120.0,5,3,11.0,5,0,0.0,0.0,1,0.995
Enrolled,Informatics Engineering,Male,Married,Daytime,No,Yes,No,Yes,No,21,21-24,122.9,126.0,5,4,13.2,5,4,14.25,0.8,0,0.245
Graduate,Journalism & Communication,Male,Single,Daytime,Yes,Yes,No,No,No,18,17-20,155.0,170.0,6,6,15.5,6,6,14.166666666666666,1.0,0,0.026
Graduate,Tourism,Male,Single,Daytime,No,Yes,No,Yes,No,18,17-20,123.4,123.0,6,6,12.333333333333334,6,6,13.666666666666666,1.0,0,0.082
Enrolled,Management,Male,Single,Daytime,No,Yes,No,Yes,No,18,17-20,124.2,120.0,5,5,12.0,5,4,11.4,0.8,0,0.365
Enrolled,Agronomy,Male,Single,Daytime,No,Yes,No,Yes,No,20,17-20,130.0,130.0,6,4,11.6,6,5,11.5,0.833,0,0.384
Graduate,Journalism & Communication,Male,Single,Daytime,Yes,Yes,No,No,No,18,17-20,126.2,130.0,6,6,11.333333333333334,6,6,12.285714285714286,1.0,0,0.038
Dropout,Journalism & Communication,Male,Single,Daytime,No,Yes,No,Yes,No,19,17-20,120.5,117.0,6,0,0.0,6,0,0.0,0.0,1,0.999
Enrolled,Informatics Engineering,Male,Single,Daytime,No,Yes,No,Yes,No,20,17-20,123.7,131.0,5,4,12.0,5,2,12.5,0.4,0,0.825
Graduate,Equinculture,Male,Single,Daytime,No,Yes,No,No,No,19,17-20,122.5,130.0,5,4,12.0,5,5,12.6,1.0,0,0.118
Dropout,Management (evening),Male,Single,Evening,No,Yes,Yes,Yes,No,33,30-39,139.2,133.0,5,2,12.5,5,2,11.5,0.4,1,0.988
Graduate,Animation & Multimedia Design,Male,Single,Daytime,No,Yes,No,Yes,No,21,21-24,131.2,128.0,12,12,13.666666666666666,11,11,13.0,1.0,0,0.006
Dropout,Agronomy,Male,Married,Daytime,No,No,Yes,No,No,25,25-29,120.0,133.1,6,2,14.5,6,0,0.0,0.0,1,1.0
Dropout,Veterinary Nursing,Male,Single,Daytime,Yes,Yes,No,Yes,No,20,17-20,116.7,123.0,6,4,13.2,6,0,0.0,0.0,1,0.995
Dropout,Veterinary Nursing,Male,Single,Daytime,Yes,Yes,No,Yes,No,22,21-24,150.0,150.0,7,5,12.166666666666666,8,5,14.8,0.625,1,0.463
Graduate,Journalism & Communication,Female,Divorced,Daytime,No,Yes,No,No,No,39,30-39,117.5,133.1,6,4,11.25,6,6,11.333333333333334,1.0,0,0.121
Graduate,Advertising & Marketing,Male,Single,Daytime,Yes,Yes,No,Yes,No,21,21-24,137.6,140.0,6,6,15.166666666666666,6,6,14.428571428571429,1.0,0,0.048
Graduate,Tourism,Female,Single,Daytime,Yes,Yes,No,No,No,19,17-20,124.3,126.0,6,6,11.166666666666666,6,4,13.4,0.667,0,0.121
Graduate,Nursing,Female,Single,Daytime,Yes,Yes,No,No,No,26,25-29,116.0,133.1,7,6,10.983333333333334,7,6,10.983333333333334,0.857,0,0.038
Graduate,Social Service,Female,Single,Daytime,Yes,Yes,No,Yes,No,19,17-20,121.4,121.0,6,4,10.75,6,5,11.5,0.833,0,0.278
Graduate,Veterinary Nursing,Female,Single,Daytime,Yes,No,No,Yes,No,20,17-20,142.8,140.0,12,11,13.384615384615383,9,7,14.285714285714286,0.778,0,0.44
Enrolled,Advertising & Marketing,Female,Single,Daytime,Yes,Yes,No,Yes,No,25,25-29,96.0,133.1,6,6,11.285714285714286,6,5,12.2,0.833,0,0.09
Dropout,Social Service (evening),Male,Single,Evening,No,Yes,No,No,No,24,21-24,125.0,131.0,6,0,0.0,6,0,0.0,0.0,1,0.998
Graduate,Informatics Engineering,Male,Single,Daytime,No,Yes,No,Yes,No,20,17-20,126.1,124.0,5,4,13.0,5,5,14.833333333333334,1.0,0,0.112
Graduate,Agronomy,Male,Married,Daytime,No,Yes,No,No,No,29,25-29,155.8,120.0,6,6,16.11111111111111,6,6,13.5,1.0,0,0.088
Graduate,Journalism & Communication,Male,Single,Daytime,No,Yes,No,No,No,20,17-20,116.0,133.1,6,6,11.5,6,6,11.0,1.0,0,0.107
Dropout,Equinculture,Male,Single,Daytime,No,Yes,No,Yes,No,20,17-20,110.0,110.0,6,4,10.75,6,2,10.5,0.333,1,0.925
Graduate,Advertising & Marketing,Male,Single,Daytime,Yes,Yes,No,Yes,No,24,21-24,97.2,133.1,6,4,11.6,6,5,13.0,0.833,0,0.341
Dropout,Nursing,Male,Single,Daytime,No,Yes,Yes,No,No,24,21-24,100.0,133.1,7,0,0.0,7,0,0.0,0.0,1,1.0
Graduate,Informatics Engineering,Male,Single,Daytime,No,Yes,No,No,No,23,21-24,140.0,140.0,5,5,13.8,5,5,14.142857142857142,1.0,0,0.053
Graduate,Oral Hygiene,Male,Single,Daytime,No,Yes,No,Yes,No,20,17-20,128.0,130.0,7,7,13.585714285714284,8,8,14.6875,1.0,0,0.035
Graduate,Advertising & Marketing,Male,Single,Daytime,No,Yes,No,Yes,No,19,17-20,115.3,110.0,6,6,13.857142857142858,6,5,13.0,0.833,0,0.252
Enrolled,Agronomy,Male,Divorced,Daytime,No,Yes,No,No,No,28,25-29,150.0,140.0,6,5,12.0,6,6,12.333333333333334,1.0,0,0.097
Graduate,Agronomy,Male,Single,Daytime,Yes,Yes,No,Yes,No,20,17-20,160.0,160.0,6,6,13.444444444444445,6,5,12.6,0.833,0,0.06
Graduate,Communication Design,Male,Single,Daytime,No,Yes,No,No,No,18,17-20,133.1,138.0,6,6,14.0,6,6,13.857142857142858,1.0,0,0.044
Dropout,Advertising & Marketing,Male,Single,Daytime,No,Yes,Yes,Yes,No,20,17-20,119.0,126.0,6,1,12.0,6,0,0.0,0.0,1,1.0
Graduate,Management (evening),Male,Married,Evening,No,Yes,No,Yes,No,33,30-39,156.0,120.0,5,5,14.2,5,5,13.833333333333334,1.0,0,0.193
Enrolled,Nursing,Female,Married,Daytime,No,Yes,No,No,No,35,30-39,163.7,130.0,7,5,13.34,7,5,10.84,0.714,0,0.233
Enrolled,Nursing,Female,Single,Daytime,No,Yes,No,No,No,27,25-29,130.0,130.0,8,7,12.457142857142856,8,7,12.457142857142856,0.875,0,0.098
Dropout,Journalism & Communication,Female,Single,Daytime,No,No,No,Yes,No,19,17-20,123.1,122.0,6,3,11.0,6,3,12.0,0.5,1,0.986
Enrolled,Management (evening),Female,Single,Evening,Yes,Yes,No,No,Yes,31,30-39,160.0,160.0,5,4,10.5,5,4,10.5,0.8,0,0.136
Graduate,Animation & Multimedia Design,Male,Single,Daytime,No,Yes,No,Yes,No,19,17-20,136.1,134.0,0,0,0.0,0,0,0.0,,0,0.445
Graduate,Communication Design,Male,Single,Daytime,No,Yes,No,Yes,No,22,21-24,132.7,134.0,13,13,14.0,12,12,13.0,1.0,0,0.036
Dropout,Nursing,Female,Single,Daytime,No,Yes,No,No,Yes,39,30-39,128.2,140.0,7,0,0.0,8,0,0.0,0.0,1,1.0
Dropout,Tourism,Male,Single,Daytime,No,No,No,Yes,No,22,21-24,126.7,127.0,1,0,0.0,6,0,0.0,0.0,1,1.0
Enrolled,Management (evening),Male,Married,Evening,No,Yes,No,No,No,47,40+,150.0,133.1,5,4,10.0,5,4,12.5,0.8,0,0.466
Graduate,Animation & Multimedia Design,Male,Single,Daytime,Yes,Yes,No,Yes,No,19,17-20,156.3,143.0,0,0,0.0,0,0,0.0,,0,0.352
Graduate,Tourism,Female,Single,Daytime,No,Yes,No,Yes,Yes,19,17-20,116.1,115.0,6,6,13.5,6,6,14.333333333333334,1.0,0,0.009
Dropout,Nursing,Female,Single,Daytime,No,Yes,No,Yes,No,19,17-20,123.8,131.0,7,0,0.0,8,0,0.0,0.0,1,1.0
Graduate,Animation & Multimedia Design,Female,Single,Daytime,Yes,Yes,No,Yes,No,21,21-24,153.0,146.0,17,17,13.38888888888889,17,17,14.88888888888889,1.0,0,0.001
Dropout,Nursing,Female,Single,Daytime,No,No,No,Yes,No,39,30-39,140.0,140.0,7,0,0.0,8,0,0.0,0.0,1,1.0
Graduate,Animation & Multimedia Design,Male,Single,Daytime,No,Yes,No,Yes,No,19,17-20,131.9,135.0,12,12,13.583333333333334,11,11,13.583333333333334,1.0,0,0.004
Enrolled,Animation & Multimedia Design,Male,Single,Daytime,Yes,Yes,No,No,No,20,17-20,141.4,133.0,0,0,0.0,0,0,0.0,,0,0.339
Dropout,Management,Male,Single,Daytime,No,No,Yes,Yes,No,24,21-24,140.0,133.1,5,0,0.0,5,0,0.0,0.0,1,1.0
Dropout,Management (evening),Male,Single,Evening,No,Yes,No,Yes,No,27,25-29,115.0,120.0,5,1,10.0,5,0,0.0,0.0,1,0.999
Graduate,Management (evening),Male,Married,Evening,No,Yes,No,No,No,29,25-29,168.0,133.1,5,5,15.2,5,5,15.2,1.0,0,0.099
Dropout,Veterinary Nursing,Male,Single,Daytime,No,Yes,No,Yes,No,20,17-20,101.3,130.0,6,4,12.8,6,0,0.0,0.0,1,0.998
Dropout,Advertising & Marketing,Male,Single,Daytime,No,Yes,No,No,No,21,21-24,122.6,125.0,5,5,11.166666666666666,5,4,11.0,0.8,1,0.23
Enrolled,Animation & Multimedia Design,Male,Single,Daytime,No,Yes,No,Yes,No,18,17-20,141.7,134.0,0,0,0.0,0,0,0.0,,0,0.475
Graduate,Nursing,Male,Single,Daytime,No,Yes,No,No,No,19,17-20,132.3,151.0,8,7,12.828571428571427,8,7,12.828571428571427,0.875,0,0.079
Dropout,Journalism & Communication,Male,Single,Daytime,No,No,Yes,No,No,19,17-20,111.7,112.0,6,6,12.5,6,4,12.6,0.667,1,0.948
Graduate,Informatics Engineering,Male,Single,Daytime,Yes,Yes,No,No,No,28,25-29,98.7,120.0,5,3,10.0,5,3,12.4,0.6,0,0.665
Graduate,Tourism,Female,Single,Daytime,No,No,No,Yes,Yes,21,21-24,140.0,140.0,6,6,11.5,6,4,13.25,0.667,0,0.464
Dropout,Nursing,Female,Single,Daytime,No,No,Yes,Yes,Yes,23,21-24,140.0,140.0,8,7,11.328571428571427,8,7,11.328571428571427,0.875,1,0.398
Enrolled,Agronomy,Female,Divorced,Daytime,No,Yes,No,No,No,39,30-39,100.7,133.1,6,2,13.0,6,3,13.0,0.5,0,0.842
Graduate,Nursing,Female,Single,Daytime,No,Yes,No,Yes,No,18,17-20,133.8,143.0,7,6,13.033333333333331,7,6,13.033333333333331,0.857,0,0.126
Graduate,Journalism & Communication,Female,Married,Daytime,No,Yes,No,No,Yes,59,40+,100.0,133.1,6,6,12.166666666666666,6,4,11.75,0.667,0,0.216
Enrolled,Informatics Engineering,Male,Single,Daytime,No,Yes,Yes,No,No,30,30-39,180.0,180.0,5,4,14.5,5,3,16.2,0.6,0,0.826
Graduate,Veterinary Nursing,Female,Single,Daytime,No,Yes,No,Yes,No,18,17-20,130.8,136.0,5,5,14.4,5,5,13.6,1.0,0,0.051
Enrolled,Management (evening),Female,Married,Evening,No,Yes,No,No,No,41,40+,140.0,140.0,6,4,12.25,7,6,12.5,0.857,0,0.301
Dropout,Nursing,Female,Single,Daytime,No,Yes,No,Yes,No,27,25-29,106.2,130.0,7,0,0.0,7,0,0.0,0.0,1,1.0
Graduate,Social Service,Female,Single,Daytime,Yes,Yes,No,Yes,No,18,17-20,125.6,141.0,6,6,12.666666666666666,6,6,12.0,1.0,0,0.025
Dropout,Basic Education,Female,Single,Daytime,No,No,Yes,Yes,No,20,17-20,117.5,121.0,6,2,12.0,6,3,11.666666666666666,0.5,1,0.999
Dropout,Informatics Engineering,Female,Married,Daytime,No,No,No,No,No,32,30-39,122.5,120.0,5,0,0.0,5,0,0.0,0.0,1,1.0
Dropout,Management,Female,Single,Daytime,No,Yes,No,Yes,No,19,17-20,132.9,129.0,5,3,11.666666666666666,5,4,10.8,0.8,1,0.474
Dropout,Basic Education,Female,Married,Daytime,No,Yes,No,No,No,41,40+,103.0,133.1,6,0,0.0,6,0,0.0,0.0,1,0.999
Dropout,Social Service (evening),Female,Divorced,Evening,No,Yes,No,No,No,38,30-39,107.0,100.0,5,1,10.0,5,0,0.0,0.0,1,0.995
Dropout,Equinculture,Male,Single,Daytime,No,Yes,No,No,Yes,35,30-39,100.0,133.1,7,0,0.0,6,0,0.0,0.0,1,0.992
Dropout,Social Service (evening),Female,Single,Evening,No,Yes,No,Yes,No,27,25-29,100.0,133.1,6,4,12.25,6,3,12.0,0.5,1,0.789
Graduate,Communication Design,Female,Single,Daytime,No,Yes,No,Yes,No,19,17-20,131.3,139.0,6,4,12.0,6,6,12.5,1.0,0,0.088
Enrolled,Journalism & Communication,Female,Single,Daytime,No,No,No,No,No,18,17-20,122.2,125.0,6,5,12.6,6,5,11.8,0.833,0,0.686
Dropout,Management (evening),Female,Married,Evening,No,No,No,No,No,39,30-39,118.4,133.1,5,0,0.0,5,0,0.0,0.0,1,1.0
Dropout,Tourism,Female,Married,Daytime,No,No,No,No,No,37,30-39,100.0,100.0,5,0,0.0,5,0,0.0,0.0,1,1.0
Dropout,Nursing,Female,Facto union,Daytime,No,No,No,No,No,37,30-39,110.0,110.0,8,0,0.0,8,0,0.0,0.0,1,1.0
Graduate,Social Service (evening),Female,Married,Evening,Yes,Yes,No,No,No,35,30-39,100.0,133.1,16,16,12.6875,13,13,12.0,1.0,0,0.005
Graduate,Management,Female,Single,Daytime,No,Yes,No,No,No,49,40+,106.2,123.0,13,10,10.4,9,6,10.666666666666666,0.667,0,0.881
Graduate,Management,Female,Single,Daytime,No,Yes,No,No,No,52,40+,110.0,110.0,15,14,10.466666666666669,12,12,10.923076923076923,1.0,0,0.047
Graduate,Veterinary Nursing,Female,Single,Daytime,No,Yes,No,Yes,No,18,17-20,122.3,130.0,5,5,14.333333333333334,5,5,13.0,1.0,0,0.036
Graduate,Social Service (evening),Female,Single,Evening,Yes,Yes,No,No,No,30,30-39,112.5,133.1,7,6,14.666666666666666,6,6,14.333333333333334,1.0,0,0.021
Graduate,Nursing,Female,Single,Daytime,No,Yes,No,Yes,No,21,21-24,98.1,97.0,7,7,12.835714285714284,8,8,14.23125,1.0,0,0.023
Dropout,Informatics Engineering,Male,Single,Daytime,No,Yes,No,Yes,No,20,17-20,140.2,130.0,5,0,0.0,5,0,0.0,0.0,1,0.997
Enrolled,Management,Male,Single,Daytime,No,Yes,Yes,Yes,No,18,17-20,143.6,139.0,5,0,0.0,5,0,0.0,0.0,0,0.999
Dropout,Animation & Multimedia Design,Male,Single,Daytime,No,Yes,No,Yes,No,19,17-20,134.6,150.0,0,0,0.0,0,0,0.0,,1,0.477
Graduate,Nursing,Male,Single,Daytime,No,Yes,No,Yes,No,18,17-20,126.8,141.0,8,8,13.24875,8,8,13.24875,1.0,0,0.021
Enrolled,Biofuel Production Tech,Male,Single,Daytime,No,Yes,No,No,Yes,20,17-20,100.0,133.1,7,7,12.857142857142858,7,4,12.75,0.571,0,0.033
Enrolled,Equinculture,Female,Single,Daytime,No,Yes,No,Yes,No,21,21-24,130.0,137.0,6,5,13.6,6,4,14.25,0.667,0,0.48
Graduate,Management,Female,Single,Daytime,Yes,Yes,No,Yes,No,22,21-24,113.6,116.0,5,3,14.0,5,5,12.4,1.0,0,0.23
Enrolled,Equinculture,Female,Single,Daytime,No,No,Yes,Yes,No,20,17-20,140.0,140.0,6,3,12.0,6,2,11.0,0.333,0,0.998
Enrolled,Veterinary Nursing,Female,Single,Daytime,No,Yes,No,No,No,20,17-20,106.0,106.0,6,6,13.166666666666666,6,4,14.0,0.667,0,0.302
Graduate,Social Service,Female,Single,Daytime,Yes,Yes,No,Yes,No,19,17-20,126.6,135.0,6,6,13.625,6,6,12.166666666666666,1.0,0,0.037
Graduate,Nursing,Female,Single,Daytime,Yes,Yes,No,Yes,No,18,17-20,130.7,144.0,7,7,14.85,8,8,15.61111111111111,1.0,0,0.013
Graduate,Management,Male,Single,Daytime,No,Yes,No,Yes,No,21,21-24,105.9,108.0,5,4,10.75,5,5,11.4,1.0,0,0.263
Enrolled,Oral Hygiene,Female,Single,Daytime,No,Yes,Yes,No,Yes,19,17-20,137.0,137.0,7,0,0.0,7,2,11.666666666666666,0.286,0,0.925
Dropout,Equinculture,Female,Single,Daytime,No,Yes,No,No,Yes,37,30-39,100.0,133.1,6,0,0.0,6,0,0.0,0.0,1,0.986
Enrolled,Social Service (evening),Female,Married,Evening,No,Yes,No,Yes,No,45,40+,114.4,121.0,12,12,14.0,7,7,13.857142857142858,1.0,0,0.039
Dropout,Agronomy,Male,Single,Daytime,No,No,Yes,No,No,38,30-39,120.0,133.1,6,0,0.0,6,0,0.0,0.0,1,1.0
Dropout,Management (evening),Male,Legally separated,Evening,No,No,No,Yes,No,55,40+,119.0,130.0,5,0,0.0,5,0,0.0,0.0,1,1.0
Dropout,Agronomy,Female,Facto union,Daytime,No,No,Yes,No,No,28,25-29,110.0,133.1,6,5,13.0,6,4,11.75,0.667,1,0.957
Graduate,Management (evening),Female,Facto union,Evening,No,Yes,No,No,No,46,40+,120.0,120.0,8,8,12.375,9,5,12.4,0.556,0,0.649
Graduate,Animation & Multimedia Design,Female,Single,Daytime,No,Yes,No,Yes,No,22,21-24,119.8,131.0,0,0,0.0,0,0,0.0,,0,0.699
Dropout,Advertising & Marketing,Female,Married,Daytime,No,Yes,No,No,No,46,40+,135.6,133.1,6,5,11.4,6,4,13.75,0.667,1,0.394
Enrolled,Management (evening),Female,Single,Evening,No,Yes,No,No,No,28,25-29,120.7,100.0,5,4,11.25,5,4,13.0,0.8,0,0.241
Dropout,Veterinary Nursing,Female,Single,Daytime,No,No,Yes,Yes,No,18,17-20,136.3,131.0,5,3,13.0,5,3,12.0,0.6,1,0.986
Enrolled,Animation & Multimedia Design,Male,Single,Daytime,Yes,Yes,No,Yes,No,18,17-20,164.3,158.0,0,0,0.0,0,0,0.0,,0,0.345
Graduate,Journalism & Communication,Male,Single,Daytime,Yes,Yes,No,Yes,No,21,21-24,149.2,146.0,6,6,13.5,6,6,14.166666666666666,1.0,0,0.032
Enrolled,Communication Design,Female,Single,Daytime,No,Yes,No,Yes,No,18,17-20,122.5,133.0,6,1,11.0,6,4,11.0,0.667,0,0.713
Dropout,Management (evening),Female,Single,Evening,No,Yes,No,No,No,34,30-39,100.0,120.0,5,0,0.0,5,1,11.0,0.2,1,0.986
Dropout,Basic Education,Female,Single,Daytime,Yes,Yes,No,Yes,No,21,21-24,125.0,119.0,6,5,12.0,6,5,11.2,0.833,1,0.151
Graduate,Journalism & Communication,Female,Single,Daytime,Yes,Yes,No,Yes,No,18,17-20,131.0,132.0,6,5,13.0,6,6,13.0,1.0,0,0.06
Graduate,Animation & Multimedia Design,Male,Single,Daytime,No,Yes,No,Yes,No,20,17-20,122.0,130.0,0,0,0.0,0,0,0.0,,0,0.449
Enrolled,Management,Female,Single,Daytime,No,Yes,No,Yes,No,18,17-20,131.3,132.0,5,4,12.0,5,4,12.25,0.8,0,0.264
Enrolled,Informatics Engineering,Male,Single,Daytime,No,Yes,No,Yes,No,21,21-24,117.0,133.1,5,5,11.166666666666666,5,3,10.8,0.6,0,0.658
Dropout,Tourism,Male,Single,Daytime,No,Yes,No,Yes,No,19,17-20,118.0,119.0,6,2,10.5,6,1,12.0,0.167,1,0.989
Graduate,Social Service (evening),Male,Single,Evening,No,Yes,No,Yes,No,22,21-24,126.0,134.0,6,6,12.666666666666666,6,6,12.166666666666666,1.0,0,0.077
Dropout,Agronomy,Male,Single,Daytime,No,Yes,No,No,No,23,21-24,120.0,120.0,6,1,11.0,6,0,0.0,0.0,1,0.999
Dropout,Animation & Multimedia Design,Male,Single,Daytime,No,Yes,No,Yes,No,19,17-20,155.6,172.0,0,0,0.0,0,0,0.0,,1,0.576
Enrolled,Management,Male,Single,Daytime,No,Yes,No,Yes,No,18,17-20,122.8,120.0,5,4,11.5,5,2,10.333333333333334,0.4,0,0.837
Dropout,Animation & Multimedia Design,Male,Single,Daytime,Yes,No,Yes,Yes,No,19,17-20,127.3,129.0,0,0,0.0,0,0,0.0,,1,0.943
Enrolled,Management,Male,Single,Daytime,No,Yes,No,Yes,No,19,17-20,118.4,118.0,5,2,10.5,5,4,11.75,0.8,0,0.701
Enrolled,Advertising & Marketing,Male,Single,Daytime,No,Yes,No,No,No,19,17-20,128.1,127.0,5,4,12.5,5,4,11.0,0.8,0,0.278
Enrolled,Nursing,Male,Single,Daytime,No,Yes,No,Yes,No,22,21-24,99.0,133.1,7,6,12.833333333333334,8,6,12.5,0.75,0,0.423
Graduate,Journalism & Communication,Male,Single,Daytime,Yes,Yes,No,No,No,18,17-20,161.2,164.0,6,6,15.571428571428571,6,6,16.142857142857142,1.0,0,0.031
Dropout,Social Service,Male,Single,Daytime,No,Yes,No,Yes,No,18,17-20,140.9,136.0,6,4,12.0,6,5,11.8,0.833,1,0.382
Dropout,Journalism & Communication,Male,Single,Daytime,No,Yes,Yes,No,No,19,17-20,111.1,117.0,6,4,11.25,6,3,11.333333333333334,0.5,1,0.933
Graduate,Animation & Multimedia Design,Male,Single,Daytime,No,Yes,No,Yes,No,18,17-20,149.9,131.0,0,0,0.0,0,0,0.0,,0,0.589
Enrolled,Advertising & Marketing,Male,Single,Daytime,No,Yes,No,No,No,21,21-24,111.3,110.0,6,6,12.285714285714286,6,4,14.25,0.667,0,0.331
Enrolled,Tourism,Male,Single,Daytime,No,Yes,No,Yes,No,18,17-20,121.5,125.0,6,5,11.0,6,3,10.333333333333334,0.5,0,0.706
Graduate,Agronomy,Male,Single,Daytime,No,Yes,No,Yes,No,19,17-20,120.0,120.0,6,6,12.142857142857142,6,5,13.6,0.833,0,0.101
Dropout,Agronomy,Male,Single,Daytime,No,No,Yes,No,No,27,25-29,120.0,133.1,6,2,11.5,6,0,0.0,0.0,1,1.0
Enrolled,Agronomy,Male,Single,Daytime,No,Yes,Yes,Yes,No,20,17-20,130.0,130.0,12,11,12.545454545454543,10,8,11.625,0.8,0,0.422
Graduate,Tourism,Male,Single,Daytime,No,Yes,No,Yes,No,20,17-20,98.9,101.0,6,4,13.0,6,6,13.0,1.0,0,0.301
Graduate,Nursing,Male,Single,Daytime,No,Yes,No,Yes,No,18,17-20,136.3,141.0,8,8,12.8875,8,8,12.8875,1.0,0,0.017
Enrolled,Journalism & Communication,Male,Single,Daytime,No,Yes,No,Yes,No,18,17-20,125.2,128.0,6,6,12.666666666666666,6,5,13.6,0.833,0,0.207
Graduate,Communication Design,Male,Single,Daytime,No,Yes,No,Yes,No,18,17-20,130.0,145.0,6,6,12.833333333333334,6,6,12.571428571428571,1.0,0,0.084
Dropout,Management,Male,Single,Daytime,No,Yes,No,Yes,No,18,17-20,141.5,160.0,5,3,10.666666666666666,5,2,12.5,0.4,1,0.783
Enrolled,Veterinary Nursing,Male,Single,Daytime,No,Yes,No,Yes,No,18,17-20,123.9,134.0,5,5,13.0,5,5,12.4,1.0,0,0.084
Graduate,Nursing,Female,Single,Daytime,No,Yes,No,Yes,No,18,17-20,114.5,125.0,7,6,11.983333333333334,8,8,12.28125,1.0,0,0.082
Dropout,Social Service (evening),Female,Single,Evening,No,No,No,Yes,No,37,30-39,100.0,133.1,5,0,0.0,5,0,0.0,0.0,1,0.999
Graduate,Social Service (evening),Female,Married,Evening,Yes,Yes,No,No,No,36,30-39,110.5,120.0,6,6,11.833333333333334,6,6,11.5,1.0,0,0.024
Dropout,Veterinary Nursing,Female,Married,Daytime,No,Yes,No,Yes,No,26,25-29,101.0,133.1,6,3,12.666666666666666,6,2,11.0,0.333,1,0.961
Graduate,Veterinary Nursing,Female,Single,Daytime,No,Yes,No,No,No,19,17-20,121.0,121.0,5,4,13.75,5,4,14.5,0.8,0,0.129
Dropout,Social Service (evening),Female,Single,Evening,No,Yes,No,Yes,No,24,21-24,95.0,120.0,6,5,11.4,6,5,11.8,0.833,1,0.311
Dropout,Journalism & Communication,Female,Single,Daytime,Yes,Yes,No,Yes,Yes,19,17-20,126.9,130.0,6,6,13.166666666666666,6,6,13.0,1.0,1,0.234
Graduate,Advertising & Marketing,Female,Single,Daytime,Yes,Yes,No,Yes,No,20,17-20,116.3,130.0,7,6,12.833333333333334,8,5,11.8,0.625,0,0.551
Graduate,Advertising & Marketing,Female,Single,Daytime,No,Yes,No,Yes,No,19,17-20,120.0,128.0,6,6,14.125,6,5,14.5,0.833,0,0.161
Graduate,Veterinary Nursing,Female,Single,Daytime,No,Yes,No,Yes,No,21,21-24,123.6,126.0,5,3,11.666666666666666,5,5,13.0,1.0,0,0.246
Dropout,Oral Hygiene,Female,Married,Daytime,No,No,No,No,No,50,40+,150.0,120.0,7,6,10.25,7,4,11.25,0.571,1,0.948
Dropout,Oral Hygiene,Female,Married,Daytime,No,Yes,No,No,No,47,40+,120.0,100.0,7,6,12.514285714285716,7,4,11.75,0.571,1,0.686
Dropout,Basic Education,Female,Single,Daytime,No,Yes,No,No,No,24,21-24,111.3,120.0,13,10,11.5,13,9,10.444444444444445,0.692,1,0.866
Dropout,Management (evening),Female,Single,Evening,No,No,No,No,No,48,40+,150.0,110.0,5,1,10.0,5,0,0.0,0.0,1,1.0
Graduate,Veterinary Nursing,Female,Single,Daytime,Yes,Yes,No,Yes,No,18,17-20,123.2,127.0,6,6,15.714285714285714,6,5,12.77777777777778,0.833,0,0.124
Dropout,Management (evening),Male,Single,Evening,No,Yes,No,Yes,No,32,30-39,130.0,130.0,6,4,12.5,7,4,11.0,0.571,1,0.856
Dropout,Advertising & Marketing,Male,Single,Daytime,No,No,No,Yes,No,20,17-20,137.9,141.0,5,3,12.0,5,4,12.75,0.8,1,0.924
Dropout,Informatics Engineering,Male,Single,Daytime,No,Yes,Yes,No,No,24,21-24,100.0,120.0,5,0,0.0,5,0,0.0,0.0,1,1.0
Graduate,Equinculture,Male,Married,Daytime,No,Yes,No,No,No,53,40+,120.0,133.1,5,4,12.25,5,4,11.75,0.8,0,0.316
Dropout,Journalism & Communication,Male,Married,Daytime,No,No,Yes,No,No,42,40+,131.0,133.1,4,0,0.0,4,0,0.0,0.0,1,1.0
Graduate,Management (evening),Male,Married,Evening,No,Yes,No,Yes,No,52,40+,133.8,133.1,5,5,13.6,5,5,14.2,1.0,0,0.169
Enrolled,Social Service (evening),Male,Single,Evening,No,Yes,No,No,No,54,40+,100.0,130.0,13,13,13.307692307692308,11,11,12.818181818181818,1.0,0,0.04
Graduate,Management (evening),Male,Married,Evening,No,Yes,No,No,No,49,40+,150.0,110.0,5,5,12.2,5,5,11.8,1.0,0,0.227
Graduate,Advertising & Marketing,Male,Single,Daytime,Yes,Yes,No,No,No,18,17-20,126.4,125.0,6,6,12.285714285714286,6,6,13.333333333333334,1.0,0,0.029
Graduate,Equinculture,Male,Married,Daytime,No,Yes,No,Yes,No,37,30-39,154.0,130.0,5,3,12.0,5,4,13.0,0.8,0,0.56
Graduate,Nursing,Male,Single,Daytime,Yes,Yes,No,No,No,21,21-24,114.9,121.0,7,6,13.342857142857143,8,7,11.65,0.875,0,0.087
Dropout,Advertising & Marketing,Male,Single,Daytime,No,Yes,Yes,No,No,26,25-29,110.0,133.1,5,0,0.0,5,0,0.0,0.0,1,0.999
Graduate,Communication Design,Male,Single,Daytime,No,Yes,No,Yes,No,20,17-20,149.8,147.0,12,11,14.272727272727272,12,11,14.818181818181818,0.917,0,0.063
Graduate,Nursing,Female,Single,Daytime,Yes,Yes,No,Yes,No,19,17-20,117.9,128.0,7,7,12.1375,8,8,12.91111111111111,1.0,0,0.012
Graduate,Communication Design,Female,Single,Daytime,No,Yes,No,Yes,No,18,17-20,165.8,164.0,6,6,14.166666666666666,6,6,14.857142857142858,1.0,0,0.031
Graduate,Nursing,Female,Single,Daytime,No,Yes,No,Yes,No,18,17-20,127.6,137.0,7,7,13.528571428571428,8,8,14.655555555555557,1.0,0,0.032
Graduate,Social Service (evening),Female,Single,Evening,No,Yes,No,No,No,20,17-20,123.8,122.0,6,5,12.0,6,6,11.0,1.0,0,0.079
Dropout,Tourism,Female,Single,Daytime,No,Yes,No,Yes,No,20,17-20,126.1,124.0,5,5,11.4,6,1,11.0,0.167,1,0.909
Dropout,Animation & Multimedia Design,Female,Single,Daytime,No,Yes,No,Yes,No,21,21-24,119.7,120.0,0,0,0.0,0,0,0.0,,1,0.441
Graduate,Animation & Multimedia Design,Female,Single,Daytime,No,Yes,No,Yes,No,22,21-24,121.6,117.0,12,12,12.916666666666666,11,11,14.5,1.0,0,0.002
Graduate,Nursing,Female,Single,Daytime,Yes,Yes,No,No,No,18,17-20,100.0,140.0,7,7,13.6375,8,8,14.3875,1.0,0,0.01
Dropout,Nursing,Female,Single,Daytime,No,Yes,No,Yes,No,18,17-20,127.6,130.0,7,7,12.9,8,7,12.142857142857142,0.875,1,0.077
Graduate,Nursing,Female,Single,Daytime,Yes,Yes,No,Yes,No,19,17-20,132.5,138.0,8,7,14.36,8,7,14.36,0.875,0,0.026
Enrolled,Nursing,Female,Single,Daytime,No,Yes,No,No,No,19,17-20,124.3,141.0,8,7,14.514285714285714,8,7,14.514285714285714,0.875,0,0.046
Graduate,Nursing,Female,Single,Daytime,No,Yes,No,Yes,No,18,17-20,131.0,142.0,8,7,14.7,8,7,14.7,0.875,0,0.073
Enrolled,Management (evening),Female,Single,Evening,No,Yes,No,No,No,27,25-29,120.0,120.0,5,5,15.2,5,5,14.0,1.0,0,0.058
Graduate,Oral Hygiene,Female,Single,Daytime,Yes,Yes,No,Yes,No,20,17-20,113.3,122.0,7,7,13.0,8,8,15.0625,1.0,0,0.012
Dropout,Basic Education,Female,Single,Daytime,No,Yes,No,Yes,No,20,17-20,121.9,131.0,6,6,13.5,6,0,0.0,0.0,1,0.986
Graduate,Veterinary Nursing,Female,Single,Daytime,No,Yes,No,Yes,No,20,17-20,118.3,120.0,5,5,12.333333333333334,5,5,12.6,1.0,0,0.065
Graduate,Management,Female,Single,Daytime,No,Yes,No,No,No,19,17-20,118.8,131.0,5,5,13.4,5,5,13.0,1.0,0,0.088
Enrolled,Veterinary Nursing,Female,Single,Daytime,No,Yes,No,No,No,20,17-20,129.0,130.0,5,4,11.75,5,2,10.5,0.4,0,0.658
Graduate,Animation & Multimedia Design,Female,Single,Daytime,Yes,Yes,No,Yes,No,20,17-20,143.3,120.0,0,0,0.0,0,0,0.0,,0,0.258
Enrolled,Animation & Multimedia Design,Female,Single,Daytime,No,Yes,No,Yes,No,20,17-20,152.5,136.0,0,0,0.0,0,0,0.0,,0,0.51
Graduate,Veterinary Nursing,Female,Single,Daytime,No,Yes,No,Yes,No,27,25-29,155.7,160.0,12,11,14.727272727272728,9,7,14.142857142857142,0.778,0,0.146
Graduate,Veterinary Nursing,Female,Single,Daytime,No,Yes,No,Yes,No,18,17-20,153.9,157.0,6,6,16.571428571428573,6,6,15.666666666666666,1.0,0,0.059
Graduate,Nursing,Female,Single,Daytime,No,Yes,No,No,No,18,17-20,137.8,150.0,7,7,15.145,8,8,15.7425,1.0,0,0.017
Graduate,Nursing,Female,Single,Daytime,Yes,Yes,No,No,No,18,17-20,143.3,148.0,7,7,13.44285714285714,8,8,15.075,1.0,0,0.006
Graduate,Veterinary Nursing,Female,Single,Daytime,No,Yes,No,No,No,20,17-20,123.2,120.0,5,5,14.166666666666666,5,4,11.75,0.8,0,0.053
Enrolled,Journalism & Communication,Female,Single,Daytime,No,Yes,No,Yes,No,19,17-20,138.1,150.0,6,6,14.0,6,5,15.0,0.833,0,0.122
Graduate,Social Service,Female,Single,Daytime,Yes,Yes,No,No,No,20,17-20,140.5,158.0,6,6,11.333333333333334,6,6,12.333333333333334,1.0,0,0.022
Graduate,Nursing,Female,Single,Daytime,No,Yes,No,Yes,No,18,17-20,130.0,145.0,8,8,13.76125,8,8,13.76125,1.0,0,0.014
Dropout,Communication Design,Female,Single,Daytime,No,No,Yes,No,No,22,21-24,104.8,100.0,7,5,11.6,9,5,10.0,0.556,1,0.991
Graduate,Social Service (evening),Female,Single,Evening,Yes,Yes,Yes,No,No,22,21-24,132.5,136.0,6,4,12.75,6,5,13.0,0.833,0,0.426
Enrolled,Management (evening),Female,Single,Evening,No,Yes,No,No,No,25,25-29,127.7,133.1,5,4,12.5,5,4,11.0,0.8,0,0.522
Graduate,Veterinary Nursing,Female,Single,Daytime,No,Yes,No,No,No,19,17-20,136.5,148.0,6,6,15.307692307692308,6,6,14.0,1.0,0,0.056
Dropout,Equinculture,Female,Single,Daytime,No,No,No,Yes,No,21,21-24,130.0,130.0,6,5,13.285714285714286,6,4,12.0,0.667,1,0.912
Graduate,Nursing,Female,Single,Daytime,No,Yes,No,Yes,No,27,25-29,190.0,130.0,7,7,14.757142857142856,8,8,14.077777777777778,1.0,0,0.027
Graduate,Nursing,Female,Single,Daytime,No,Yes,No,Yes,No,18,17-20,128.5,136.0,7,6,12.766666666666666,7,6,12.766666666666666,0.857,0,0.12
Dropout,Tourism,Female,Single,Daytime,No,No,No,No,No,18,17-20,126.6,122.0,5,5,10.4,6,0,0.0,0.0,1,0.999
Dropout,Oral Hygiene,Male,Single,Daytime,No,Yes,No,Yes,No,19,17-20,131.6,140.0,7,0,0.0,7,0,0.0,0.0,1,1.0
Graduate,Management (evening),Male,Facto union,Evening,Yes,Yes,No,No,No,35,30-39,119.0,110.0,5,4,10.5,5,5,12.6,1.0,0,0.085
Graduate,Veterinary Nursing,Male,Single,Daytime,No,Yes,No,No,No,23,21-24,127.6,130.0,5,4,14.25,5,5,13.4,1.0,0,0.188
Dropout,Nursing,Male,Single,Daytime,No,Yes,No,No,No,28,25-29,100.0,133.1,7,3,11.916666666666666,7,0,0.0,0.0,1,0.999
Enrolled,Informatics Engineering,Male,Single,Daytime,No,Yes,No,Yes,No,19,17-20,124.5,128.0,5,3,10.666666666666666,5,2,14.0,0.4,0,0.718
Enrolled,Journalism & Communication,Male,Single,Daytime,No,Yes,No,No,No,19,17-20,109.3,117.0,6,4,12.25,6,3,12.666666666666666,0.5,0,0.705
Dropout,Advertising & Marketing,Male,Single,Daytime,No,Yes,Yes,Yes,No,20,17-20,117.7,124.0,5,4,12.0,5,5,11.6,1.0,1,0.527
Dropout,Advertising & Marketing,Male,Single,Daytime,No,Yes,No,Yes,No,21,21-24,124.7,124.0,5,3,11.0,5,4,12.75,0.8,1,0.504
Graduate,Communication Design,Male,Single,Daytime,No,Yes,No,Yes,No,18,17-20,124.5,128.0,6,6,14.166666666666666,6,5,13.0,0.833,0,0.191
Graduate,Communication Design,Male,Single,Daytime,No,Yes,No,Yes,No,22,21-24,140.8,125.0,6,6,14.666666666666666,6,6,15.0,1.0,0,0.066
Graduate,Veterinary Nursing,Male,Single,Daytime,No,Yes,No,Yes,No,21,21-24,111.9,121.0,5,0,0.0,5,5,12.285714285714286,1.0,0,0.699
Dropout,Oral Hygiene,Male,Single,Daytime,No,No,Yes,No,No,38,30-39,140.0,140.0,7,3,12.666666666666666,5,0,0.0,0.0,1,1.0
Enrolled,Animation & Multimedia Design,Male,Single,Daytime,No,Yes,No,Yes,No,20,17-20,121.2,124.0,0,0,0.0,0,0,0.0,,0,0.591
Dropout,Animation & Multimedia Design,Male,Single,Daytime,No,Yes,No,Yes,No,19,17-20,123.8,136.0,0,0,0.0,0,0,0.0,,1,0.553
Dropout,Informatics Engineering,Male,Single,Daytime,No,Yes,No,No,No,24,21-24,134.0,140.8,5,0,0.0,5,0,0.0,0.0,1,0.996
Dropout,Communication Design,Male,Single,Daytime,No,No,No,Yes,No,19,17-20,130.8,142.0,6,0,0.0,6,0,0.0,0.0,1,1.0
Graduate,Nursing,Male,Single,Daytime,Yes,Yes,No,Yes,No,19,17-20,130.2,133.0,7,7,13.7,8,8,14.022222222222222,1.0,0,0.02
Enrolled,Management,Male,Single,Daytime,No,Yes,No,No,No,19,17-20,123.3,131.0,5,5,11.8,5,4,12.4,0.8,0,0.182
Dropout,Informatics Engineering,Male,Single,Daytime,No,Yes,No,No,No,31,30-39,147.6,130.0,5,0,0.0,5,0,0.0,0.0,1,0.998
Graduate,Advertising & Marketing,Male,Single,Daytime,Yes,Yes,No,Yes,No,19,17-20,113.4,120.0,6,6,13.333333333333334,6,6,13.285714285714286,1.0,0,0.041
Graduate,Communication Design,Male,Single,Daytime,No,Yes,No,Yes,No,22,21-24,133.7,141.0,6,5,11.4,6,6,12.166666666666666,1.0,0,0.102
Dropout,Veterinary Nursing,Male,Single,Daytime,No,Yes,No,No,No,25,25-29,128.2,130.0,5,0,0.0,5,0,0.0,0.0,1,0.998
Dropout,Nursing,Male,Single,Daytime,No,Yes,No,Yes,No,18,17-20,161.0,168.0,7,7,16.142857142857142,8,0,0.0,0.0,1,0.997
Dropout,Nursing,Male,Single,Daytime,No,Yes,No,Yes,No,30,30-39,130.0,130.0,8,0,0.0,8,0,0.0,0.0,1,0.986
Graduate,Nursing,Male,Single,Daytime,Yes,Yes,No,No,No,18,17-20,156.3,156.0,8,8,15.63375,8,8,15.63375,1.0,0,0.005
Graduate,Journalism & Communication,Male,Single,Daytime,No,Yes,No,Yes,No,18,17-20,129.3,137.0,6,6,13.666666666666666,6,6,14.5,1.0,0,0.072
Dropout,Journalism & Communication,Male,Single,Daytime,No,Yes,No,No,No,18,17-20,129.3,131.0,6,0,0.0,6,0,0.0,0.0,1,0.998
Graduate,Social Service,Male,Single,Daytime,No,Yes,No,Yes,No,18,17-20,136.3,130.0,6,6,12.5,6,6,11.5,1.0,0,0.082
Graduate,Advertising & Marketing,Male,Single,Daytime,Yes,Yes,No,No,No,25,25-29,140.0,133.1,6,6,12.285714285714286,6,6,13.0,1.0,0,0.04
Enrolled,Informatics Engineering,Male,Single,Daytime,No,Yes,No,No,No,18,17-20,135.9,131.0,5,2,14.0,5,3,11.0,0.6,0,0.774
Dropout,Animation & Multimedia Design,Male,Single,Daytime,No,Yes,No,No,No,18,17-20,139.7,160.0,0,0,0.0,0,0,0.0,,1,0.494
Enrolled,Management,Male,Single,Daytime,No,Yes,No,Yes,No,19,17-20,117.0,117.0,5,4,10.75,5,4,12.25,0.8,0,0.38
Dropout,Oral Hygiene,Male,Single,Daytime,No,Yes,No,No,No,25,25-29,105.0,133.1,7,4,12.95,7,4,13.125,0.571,1,0.748
Graduate,Nursing,Female,Single,Daytime,No,Yes,No,Yes,No,19,17-20,130.5,130.0,7,6,12.45,7,6,12.45,0.857,0,0.09
Enrolled,Management (evening),Female,Single,Evening,No,Yes,No,No,No,31,30-39,130.0,130.0,6,4,12.25,7,7,12.0,1.0,0,0.16
Graduate,Nursing,Female,Single,Daytime,Yes,Yes,No,Yes,No,20,17-20,131.5,137.0,8,8,13.38125,8,8,13.38125,1.0,0,0.007
Dropout,Nursing,Female,Single,Daytime,No,No,No,Yes,Yes,33,30-39,100.0,133.1,7,5,12.16,6,5,11.34,0.833,1,0.847
Enrolled,Veterinary Nursing,Female,Single,Daytime,No,No,Yes,No,No,24,21-24,140.0,140.0,6,4,12.5,6,2,11.5,0.333,0,0.997
Graduate,Social Service,Female,Single,Daytime,Yes,Yes,No,Yes,No,18,17-20,130.2,140.0,6,6,12.75,6,6,12.166666666666666,1.0,0,0.031
Graduate,Nursing,Female,Single,Daytime,No,Yes,No,Yes,No,19,17-20,133.5,135.0,8,8,13.3425,8,8,13.3425,1.0,0,0.014
Graduate,Nursing,Female,Single,Daytime,Yes,Yes,No,Yes,No,20,17-20,133.2,140.0,7,7,14.175,8,6,13.03125,0.75,0,0.092
Enrolled,Nursing,Male,Married,Daytime,Yes,Yes,No,No,No,33,30-39,130.0,100.0,8,1,10.0,8,1,10.0,0.125,0,0.997
Dropout,Informatics Engineering,Male,Single,Daytime,No,Yes,No,No,No,24,21-24,129.0,160.0,5,0,0.0,5,2,14.5,0.4,1,0.876
Dropout,Management (evening),Male,Single,Evening,No,Yes,No,No,No,24,21-24,100.0,133.1,5,0,0.0,5,0,0.0,0.0,1,0.999
Graduate,Veterinary Nursing,Male,Single,Daytime,No,Yes,No,Yes,No,18,17-20,116.5,128.0,5,5,12.0,5,5,12.142857142857142,1.0,0,0.147
Graduate,Tourism,Female,Single,Daytime,Yes,Yes,No,Yes,No,18,17-20,124.2,121.0,6,6,10.571428571428571,6,5,11.4,0.833,0,0.082
Graduate,Veterinary Nursing,Female,Single,Daytime,No,Yes,No,Yes,No,22,21-24,138.8,127.0,12,11,14.153846153846152,12,12,15.428571428571429,1.0,0,0.02
Graduate,Journalism & Communication,Female,Single,Daytime,Yes,Yes,No,Yes,No,18,17-20,126.4,132.0,6,6,11.166666666666666,6,5,12.4,0.833,0,0.119
Graduate,Animation & Multimedia Design,Female,Single,Daytime,No,Yes,No,Yes,No,21,21-24,151.9,147.0,17,17,12.0,17,17,12.666666666666666,1.0,0,0.002
Dropout,Management (evening),Female,Married,Evening,No,Yes,No,Yes,No,38,30-39,120.0,110.0,5,3,11.333333333333334,5,4,12.0,0.8,1,0.594
Graduate,Social Service,Female,Single,Daytime,Yes,Yes,No,No,No,29,25-29,131.9,142.0,16,16,12.588235294117649,13,13,13.357142857142858,1.0,0,0.002
Enrolled,Equinculture,Female,Single,Daytime,Yes,Yes,No,Yes,No,20,17-20,130.0,130.0,6,4,12.0,6,4,10.75,0.667,0,0.371
Dropout,Tourism,Female,Single,Daytime,No,No,No,Yes,No,18,17-20,131.7,131.0,6,0,0.0,6,0,0.0,0.0,1,1.0
Graduate,Management (evening),Male,Married,Evening,No,Yes,No,No,No,37,30-39,132.5,110.0,12,12,12.25,13,13,12.846153846153848,1.0,0,0.019
Graduate,Management,Male,Single,Daytime,No,Yes,No,No,No,20,17-20,116.5,128.0,5,5,11.6,5,5,12.8,1.0,0,0.121
Dropout,Equinculture,Male,Single,Daytime,No,No,No,Yes,No,20,17-20,133.9,136.0,5,4,13.0,5,3,12.0,0.6,1,0.872
Dropout,Informatics Engineering,Male,Married,Daytime,No,Yes,Yes,No,No,40,40+,145.4,120.0,5,3,10.666666666666666,5,2,12.5,0.4,1,0.97
Enrolled,Social Service (evening),Male,Married,Evening,No,Yes,No,No,No,44,40+,172.0,140.0,11,9,12.333333333333334,11,9,11.0,0.818,0,0.605
Dropout,Management,Male,Single,Daytime,No,No,No,No,No,21,21-24,111.0,118.0,5,2,11.0,5,3,11.428571428571429,0.6,1,0.982
Graduate,Communication Design,Male,Single,Daytime,No,Yes,No,No,No,21,21-24,120.0,120.0,7,6,13.428571428571429,9,8,13.125,0.889,0,0.168
Graduate,Nursing,Male,Single,Daytime,No,Yes,No,Yes,No,18,17-20,129.8,151.0,8,8,13.05375,8,8,13.05375,1.0,0,0.011
Enrolled,Nursing,Male,Single,Daytime,No,Yes,No,Yes,No,18,17-20,118.1,130.0,7,6,12.035714285714286,8,7,13.75,0.875,0,0.185
Graduate,Agronomy,Male,Single,Daytime,No,Yes,No,No,No,27,25-29,130.0,140.0,6,6,14.166666666666666,6,6,13.833333333333334,1.0,0,0.091
Dropout,Communication Design,Male,Married,Daytime,No,No,No,No,No,38,30-39,126.3,133.1,6,0,0.0,6,0,0.0,0.0,1,1.0
Dropout,Equinculture,Male,Single,Daytime,No,Yes,No,No,No,18,17-20,137.8,146.0,6,5,13.6,6,3,12.666666666666666,0.5,1,0.734
Enrolled,Tourism,Male,Single,Daytime,No,Yes,No,Yes,No,19,17-20,116.1,122.0,6,5,12.2,6,2,12.0,0.333,0,0.859
Dropout,Equinculture,Male,Single,Daytime,No,Yes,No,Yes,No,18,17-20,115.4,121.0,6,6,13.714285714285714,6,5,13.333333333333334,0.833,1,0.176
Dropout,Journalism & Communication,Male,Single,Daytime,No,No,Yes,No,No,19,17-20,110.0,127.0,6,3,11.666666666666666,6,2,10.0,0.333,1,0.999
Dropout,Advertising & Marketing,Male,Single,Daytime,No,No,Yes,No,No,44,40+,97.4,133.1,6,1,14.0,6,0,0.0,0.0,1,1.0
Dropout,Veterinary Nursing,Male,Single,Daytime,No,Yes,No,Yes,No,26,25-29,130.0,130.0,6,4,12.5,6,3,10.0,0.5,1,0.958
Dropout,Equinculture,Male,Single,Daytime,No,No,Yes,No,No,24,21-24,156.0,156.0,6,5,11.833333333333334,6,4,11.5,0.667,1,0.981
Dropout,Agronomy,Male,Single,Daytime,No,No,No,Yes,No,27,25-29,126.1,130.0,6,0,0.0,6,0,0.0,0.0,1,1.0
Dropout,Agronomy,Male,Single,Daytime,No,No,Yes,No,No,27,25-29,120.0,110.0,6,0,0.0,6,0,0.0,0.0,1,1.0
Dropout,Communication Design,Male,Single,Daytime,No,Yes,No,Yes,No,25,25-29,105.2,108.0,17,13,11.538461538461538,15,10,12.4,0.667,1,0.894
Enrolled,Agronomy,Male,Single,Daytime,No,Yes,No,Yes,No,21,21-24,120.0,120.0,9,7,11.285714285714286,8,4,12.25,0.5,0,0.854
Graduate,Animation & Multimedia Design,Male,Single,Daytime,Yes,Yes,No,Yes,No,19,17-20,137.8,150.0,0,0,0.0,0,0,0.0,,0,0.44
Enrolled,Communication Design,Male,Single,Daytime,No,Yes,No,Yes,No,20,17-20,134.2,152.0,6,5,11.8,6,4,12.0,0.667,0,0.537
Enrolled,Informatics Engineering,Male,Single,Daytime,No,Yes,No,No,No,20,17-20,150.0,150.0,5,0,0.0,5,2,10.5,0.4,0,0.937
Dropout,Informatics Engineering,Male,Single,Daytime,No,No,Yes,Yes,No,20,17-20,116.0,123.0,5,0,0.0,5,0,0.0,0.0,1,1.0
Enrolled,Informatics Engineering,Male,Single,Daytime,Yes,No,No,No,No,18,17-20,143.4,150.0,5,5,14.2,5,5,14.2,1.0,0,0.323
Enrolled,Animation & Multimedia Design,Male,Single,Daytime,No,Yes,Yes,No,No,19,17-20,143.6,145.0,12,10,12.7,11,10,12.272727272727272,0.909,0,0.061
Dropout,Equinculture,Female,Single,Daytime,No,No,No,Yes,No,22,21-24,150.0,150.0,6,3,12.666666666666666,6,0,0.0,0.0,1,1.0
Graduate,Advertising & Marketing,Female,Single,Daytime,No,Yes,No,Yes,No,19,17-20,118.0,125.0,6,6,14.428571428571429,6,6,15.0,1.0,0,0.049
Graduate,Nursing,Female,Single,Daytime,Yes,Yes,No,Yes,No,18,17-20,109.3,117.0,7,7,13.117142857142856,8,7,12.6,0.875,0,0.038
Graduate,Social Service,Female,Single,Daytime,No,Yes,Yes,Yes,No,20,17-20,119.3,121.0,6,6,12.666666666666666,6,6,11.833333333333334,1.0,0,0.061
Dropout,Animation & Multimedia Design,Female,Single,Daytime,Yes,Yes,No,Yes,Yes,18,17-20,146.3,140.0,0,0,0.0,0,0,0.0,,1,0.12
Graduate,Journalism & Communication,Male,Single,Daytime,No,Yes,No,No,No,36,30-39,161.5,130.0,6,6,15.285714285714286,6,6,16.5,1.0,0,0.074
Graduate,Management,Male,Single,Daytime,No,Yes,Yes,No,Yes,19,17-20,140.0,140.0,5,3,10.5,5,4,11.25,0.8,0,0.473
Graduate,Management,Male,Single,Daytime,Yes,Yes,No,No,No,21,21-24,142.2,140.0,11,11,12.636363636363637,9,9,12.6,1.0,0,0.008
Dropout,Management,Female,Single,Daytime,No,Yes,No,Yes,No,26,25-29,129.2,140.0,5,0,0.0,5,0,0.0,0.0,1,0.997
Dropout,Agronomy,Female,Single,Daytime,No,No,Yes,No,Yes,29,25-29,100.0,140.0,9,3,14.333333333333334,7,1,14.0,0.143,1,1.0
Enrolled,Tourism,Male,Single,Daytime,No,No,No,No,No,26,25-29,170.0,170.0,8,8,15.125,6,6,13.666666666666666,1.0,0,0.386
Dropout,Nursing,Male,Single,Daytime,No,Yes,No,No,No,27,25-29,140.0,140.0,7,0,0.0,8,0,0.0,0.0,1,1.0
Enrolled,Management,Male,Single,Daytime,No,Yes,Yes,No,No,32,30-39,115.2,116.0,7,3,12.0,8,3,10.333333333333334,0.375,0,0.998
Enrolled,Basic Education,Female,Single,Daytime,Yes,Yes,No,Yes,No,23,21-24,121.4,134.0,6,4,14.25,6,5,12.0,0.833,0,0.215
Enrolled,Management,Female,Single,Daytime,No,Yes,No,No,Yes,24,21-24,134.8,133.1,5,2,10.5,5,4,10.0,0.8,0,0.378
Graduate,Journalism & Communication,Female,Single,Daytime,Yes,Yes,No,Yes,No,19,17-20,136.9,140.0,6,6,13.5,6,6,14.428571428571429,1.0,0,0.036
Enrolled,Agronomy,Male,Single,Daytime,No,Yes,No,Yes,No,25,25-29,140.0,140.0,6,5,11.666666666666666,6,4,12.0,0.667,0,0.652
Enrolled,Tourism,Male,Single,Daytime,No,Yes,No,Yes,No,19,17-20,112.2,108.0,6,5,10.8,6,3,10.0,0.5,0,0.779
Dropout,Journalism & Communication,Male,Single,Daytime,No,No,No,No,No,20,17-20,148.7,149.0,4,0,0.0,4,0,0.0,0.0,1,1.0
Graduate,Tourism,Male,Married,Daytime,No,Yes,No,No,No,33,30-39,133.0,140.0,9,9,12.8,7,7,11.428571428571429,1.0,0,0.049
Dropout,Management (evening),Male,Married,Evening,No,Yes,Yes,No,No,35,30-39,150.0,140.0,5,5,10.8,5,5,12.0,1.0,1,0.254
Graduate,Management,Male,Single,Daytime,No,Yes,No,Yes,No,23,21-24,98.0,133.1,5,4,11.4,5,4,11.0,0.8,0,0.507
Graduate,Nursing,Male,Single,Daytime,No,Yes,No,Yes,No,19,17-20,122.4,125.0,7,7,13.725714285714286,8,8,14.5,1.0,0,0.035
Enrolled,Advertising & Marketing,Male,Single,Daytime,No,Yes,No,No,No,21,21-24,139.0,133.1,6,5,12.8,6,5,12.25,0.833,0,0.194
Graduate,Communication Design,Male,Single,Daytime,Yes,Yes,No,Yes,No,21,21-24,112.0,133.1,6,6,13.5,6,6,11.166666666666666,1.0,0,0.062
Dropout,Nursing,Male,Single,Daytime,No,Yes,No,No,No,27,25-29,143.8,130.0,8,7,15.57,8,7,15.57,0.875,1,0.086
Enrolled,Management,Male,Single,Daytime,No,Yes,Yes,Yes,No,19,17-20,116.1,122.0,5,4,11.0,5,2,12.0,0.4,0,0.892
Dropout,Nursing,Male,Single,Daytime,No,Yes,No,No,No,28,25-29,138.0,140.0,7,7,14.114285714285714,8,8,15.91111111111111,1.0,1,0.029
Enrolled,Management,Male,Single,Daytime,No,Yes,No,No,No,25,25-29,110.0,123.0,5,3,11.0,5,4,11.5,0.8,0,0.518
Dropout,Social Service,Male,Married,Daytime,No,Yes,No,No,No,42,40+,103.5,133.1,6,0,0.0,6,0,0.0,0.0,1,0.999
Graduate,Management (evening),Male,Single,Evening,No,Yes,No,No,No,27,25-29,140.0,140.0,5,4,13.5,5,4,13.75,0.8,0,0.275
Dropout,Communication Design,Male,Single,Daytime,No,Yes,No,Yes,No,23,21-24,108.7,116.0,6,4,11.25,6,0,0.0,0.0,1,0.988
Graduate,Tourism,Male,Single,Daytime,Yes,Yes,No,Yes,No,18,17-20,115.9,118.0,6,6,12.142857142857142,6,6,11.333333333333334,1.0,0,0.062
Graduate,Nursing,Male,Married,Daytime,No,Yes,No,No,No,26,25-29,127.3,140.0,8,7,13.075714285714286,8,7,13.075714285714286,0.875,0,0.083
Dropout,Management,Male,Single,Daytime,No,Yes,No,No,No,18,17-20,138.7,146.0,5,0,0.0,5,0,0.0,0.0,1,0.997
Dropout,Management (evening),Male,Single,Evening,No,Yes,Yes,No,No,29,25-29,135.8,150.0,5,3,11.0,5,2,13.5,0.4,1,0.973
Dropout,Veterinary Nursing,Male,Single,Daytime,No,Yes,No,Yes,No,22,21-24,134.6,137.0,6,0,0.0,6,0,0.0,0.0,1,1.0
Enrolled,Nursing,Female,Single,Daytime,No,Yes,No,Yes,No,21,21-24,118.4,136.0,7,4,13.125,7,6,12.333333333333334,0.857,0,0.255
Graduate,Nursing,Female,Single,Daytime,Yes,Yes,No,Yes,No,19,17-20,132.8,134.0,8,7,13.512857142857142,8,7,13.512857142857142,0.875,0,0.034
Graduate,Social Service,Female,Single,Daytime,Yes,Yes,No,Yes,No,18,17-20,155.5,160.0,6,6,12.833333333333334,6,6,12.166666666666666,1.0,0,0.024
Dropout,Veterinary Nursing,Female,Single,Daytime,Yes,Yes,No,Yes,No,18,17-20,132.0,126.0,5,3,15.0,5,3,11.666666666666666,0.6,1,0.452
Dropout,Agronomy,Female,Single,Daytime,No,No,Yes,No,No,40,40+,110.0,133.1,6,5,12.8,6,3,13.333333333333334,0.5,1,0.987
Dropout,Tourism,Female,Single,Daytime,No,No,Yes,Yes,Yes,20,17-20,127.3,114.0,6,3,12.333333333333334,6,0,0.0,0.0,1,1.0
Dropout,Nursing,Male,Single,Daytime,No,Yes,No,Yes,No,18,17-20,126.0,139.0,8,5,12.288,8,5,12.288,0.625,1,0.69
Graduate,Social Service (evening),Male,Single,Evening,No,Yes,No,No,No,31,30-39,130.0,130.0,12,12,12.333333333333334,10,7,13.285714285714286,0.7,0,0.236
Graduate,Management,Male,Single,Daytime,Yes,Yes,No,No,No,18,17-20,118.8,131.0,5,4,11.5,5,5,12.8,1.0,0,0.101
Dropout,Advertising & Marketing,Male,Single,Daytime,No,Yes,No,Yes,No,22,21-24,127.6,130.0,6,6,11.833333333333334,6,4,11.142857142857142,0.667,1,0.73
Dropout,Management,Male,Single,Daytime,No,No,Yes,No,No,38,30-39,112.1,133.1,5,0,0.0,5,0,0.0,0.0,1,1.0
Dropout,Management (evening),Male,Single,Evening,No,Yes,No,No,No,33,30-39,130.0,130.0,5,0,0.0,5,0,0.0,0.0,1,0.999
Enrolled,Informatics Engineering,Male,Single,Daytime,Yes,Yes,No,No,No,19,17-20,111.1,117.0,5,5,11.8,5,3,11.5,0.6,0,0.34
Dropout,Advertising & Marketing,Male,Single,Daytime,No,Yes,No,No,No,18,17-20,121.4,127.0,6,0,0.0,6,0,0.0,0.0,1,0.999
Enrolled,Informatics Engineering,Male,Single,Daytime,Yes,No,No,No,No,18,17-20,126.8,131.0,5,5,12.2,5,4,12.0,0.8,0,0.598
Graduate,Management (evening),Male,Single,Evening,No,Yes,No,Yes,No,27,25-29,120.6,134.0,6,6,12.333333333333334,5,5,13.0,1.0,0,0.252
Graduate,Tourism,Male,Single,Daytime,No,Yes,No,No,No,26,25-29,126.5,130.0,6,6,12.428571428571429,6,6,12.833333333333334,1.0,0,0.055
Graduate,Nursing,Female,Single,Daytime,Yes,Yes,No,Yes,No,19,17-20,120.2,127.0,7,7,12.765714285714289,8,8,13.544444444444444,1.0,0,0.014
Dropout,Nursing,Male,Married,Daytime,No,Yes,No,No,No,44,40+,120.0,130.0,7,5,12.1,7,5,12.6,0.714,1,0.629
Graduate,Management,Male,Single,Daytime,No,Yes,No,Yes,No,19,17-20,137.5,142.0,5,5,12.0,5,5,11.5,1.0,0,0.195
Dropout,Communication Design,Male,Single,Daytime,No,Yes,No,Yes,No,20,17-20,127.9,117.0,6,0,0.0,6,0,0.0,0.0,1,0.999
Enrolled,Agronomy,Male,Single,Daytime,No,Yes,Yes,No,No,24,21-24,140.0,133.1,6,6,14.88888888888889,6,6,13.727272727272728,1.0,0,0.21
Graduate,Management (evening),Female,Divorced,Evening,No,Yes,No,No,No,31,30-39,131.8,164.0,14,13,11.357142857142858,14,13,12.0,0.929,0,0.015
Graduate,Communication Design,Female,Single,Daytime,No,Yes,No,Yes,No,25,25-29,129.0,130.0,6,6,13.5,6,6,12.5,1.0,0,0.062
Dropout,Journalism & Communication,Female,Single,Daytime,No,No,Yes,Yes,No,19,17-20,115.8,127.0,6,0,0.0,6,0,0.0,0.0,1,1.0
Dropout,Nursing,Female,Single,Daytime,No,Yes,No,Yes,No,18,17-20,126.4,140.0,7,7,13.884285714285712,8,8,14.75,1.0,1,0.028
Enrolled,Veterinary Nursing,Female,Single,Daytime,No,No,No,Yes,No,19,17-20,130.0,130.0,6,5,13.0,6,3,11.666666666666666,0.5,0,0.97
Enrolled,Nursing,Female,Single,Daytime,Yes,Yes,No,Yes,No,19,17-20,114.8,122.0,7,4,12.65,7,5,11.1,0.714,0,0.518
Enrolled,Management,Female,Single,Daytime,No,Yes,No,Yes,No,19,17-20,138.6,162.0,5,1,11.0,5,0,0.0,0.0,0,0.998
Dropout,Advertising & Marketing,Female,Single,Daytime,No,Yes,No,No,No,24,21-24,112.9,133.1,6,2,11.666666666666666,6,2,10.5,0.333,1,0.948
Graduate,Social Service,Female,Single,Daytime,No,Yes,No,No,No,20,17-20,111.6,120.0,6,6,14.5,6,6,12.666666666666666,1.0,0,0.054
Graduate,Tourism,Female,Single,Daytime,No,Yes,No,No,No,18,17-20,152.0,160.0,6,6,14.714285714285714,6,6,14.166666666666666,1.0,0,0.031
Graduate,Social Service,Female,Single,Daytime,Yes,Yes,No,No,No,18,17-20,132.6,141.0,6,6,13.285714285714286,6,6,14.333333333333334,1.0,0,0.022
Enrolled,Veterinary Nursing,Female,Single,Daytime,No,Yes,No,Yes,No,21,21-24,118.4,125.0,5,3,11.333333333333334,5,2,10.5,0.4,0,0.725
Dropout,Nursing,Female,Single,Daytime,No,No,Yes,No,No,28,25-29,120.0,120.0,7,0,0.0,7,0,0.0,0.0,1,1.0
Enrolled,Management,Female,Single,Daytime,Yes,Yes,No,No,No,18,17-20,122.1,128.0,5,4,11.571428571428571,5,5,12.0,1.0,0,0.082
Dropout,Basic Education,Female,Single,Daytime,No,Yes,Yes,No,No,18,17-20,142.8,162.0,6,5,13.0,6,4,11.5,0.667,1,0.672
Graduate,Social Service,Female,Single,Daytime,Yes,Yes,No,No,No,18,17-20,124.8,130.0,6,6,11.5,6,5,14.0,0.833,0,0.043
Graduate,Management,Female,Single,Daytime,Yes,Yes,No,Yes,No,18,17-20,126.3,134.0,5,5,11.8,5,5,11.6,1.0,0,0.05
Dropout,Management,Female,Single,Daytime,Yes,No,No,Yes,No,19,17-20,119.0,133.1,5,3,10.666666666666666,5,3,12.285714285714286,0.6,1,0.918
Graduate,Nursing,Female,Single,Daytime,Yes,Yes,No,No,No,19,17-20,124.9,137.0,7,6,13.8875,8,8,14.864444444444445,1.0,0,0.015
Graduate,Social Service,Female,Single,Daytime,Yes,Yes,Yes,No,No,20,17-20,118.0,133.1,6,5,11.4,6,6,11.5,1.0,0,0.037
Graduate,Social Service (evening),Female,Married,Evening,No,Yes,No,No,No,34,30-39,100.0,110.0,11,9,12.333333333333334,7,7,12.142857142857142,1.0,0,0.218
Enrolled,Nursing,Female,Married,Daytime,No,Yes,No,Yes,No,39,30-39,109.0,133.1,7,5,12.16,7,5,12.16,0.714,0,0.473
Graduate,Nursing,Female,Single,Daytime,No,Yes,No,Yes,No,19,17-20,130.8,133.0,8,8,13.427499999999998,8,8,13.427499999999998,1.0,0,0.015
Graduate,Communication Design,Female,Single,Daytime,No,Yes,No,Yes,No,24,21-24,110.0,130.0,6,6,15.166666666666666,6,2,15.5,0.333,0,0.678
Dropout,Journalism & Communication,Female,Single,Daytime,No,Yes,No,Yes,Yes,18,17-20,151.0,151.0,6,0,0.0,6,0,0.0,0.0,1,0.986
Dropout,Equinculture,Male,Single,Daytime,No,Yes,No,Yes,No,19,17-20,131.0,125.0,5,2,10.5,5,0,0.0,0.0,1,0.992
Graduate,Management,Male,Single,Daytime,Yes,Yes,No,No,No,18,17-20,155.2,158.0,5,5,11.8,5,3,11.0,0.6,0,0.167
Enrolled,Management,Male,Single,Daytime,No,Yes,Yes,Yes,No,20,17-20,121.0,128.0,5,5,13.2,5,5,11.4,1.0,0,0.497
Graduate,Nursing,Male,Single,Daytime,No,Yes,Yes,Yes,No,19,17-20,119.7,133.0,7,7,13.075,8,8,12.36111111111111,1.0,0,0.394
Dropout,Equinculture,Male,Single,Daytime,No,Yes,No,Yes,No,19,17-20,131.0,138.0,6,4,11.6,6,2,13.0,0.333,1,0.908
Dropout,Agronomy,Male,Single,Daytime,No,Yes,No,No,No,19,17-20,116.9,126.0,6,6,13.666666666666666,6,4,12.25,0.667,1,0.426
Dropout,Management (evening),Male,Married,Evening,No,Yes,No,Yes,No,41,40+,130.0,140.0,5,4,10.75,5,2,10.0,0.4,1,0.91
Graduate,Nursing,Male,Single,Daytime,No,Yes,No,No,No,19,17-20,137.8,143.0,7,6,13.492857142857144,8,8,12.68888888888889,1.0,0,0.065
Enrolled,Tourism,Male,Single,Daytime,No,Yes,No,No,No,19,17-20,122.1,135.0,6,3,12.5,6,4,11.0,0.667,0,0.828
Dropout,Nursing,Male,Single,Daytime,No,No,No,Yes,No,23,21-24,120.0,120.0,7,0,0.0,8,0,0.0,0.0,1,1.0
Dropout,Informatics Engineering,Male,Single,Daytime,No,Yes,No,No,No,18,17-20,133.0,148.0,5,5,13.285714285714286,5,5,14.8,1.0,1,0.105
Graduate,Management,Male,Single,Daytime,No,Yes,No,No,No,19,17-20,115.2,126.0,5,5,12.6,5,5,11.8,1.0,0,0.059
Graduate,Agronomy,Male,Single,Daytime,No,Yes,No,Yes,No,20,17-20,160.0,160.0,6,6,14.0,6,6,14.666666666666666,1.0,0,0.05
Dropout,Veterinary Nursing,Male,Single,Daytime,No,No,Yes,No,No,35,30-39,106.3,140.0,5,2,11.5,5,2,10.5,0.4,1,0.997
Dropout,Advertising & Marketing,Male,Divorced,Daytime,No,No,No,No,No,34,30-39,103.0,133.1,6,0,0.0,6,0,0.0,0.0,1,1.0
Graduate,Communication Design,Female,Single,Daytime,Yes,No,Yes,Yes,No,19,17-20,136.0,136.0,6,6,11.833333333333334,6,6,12.875,1.0,0,0.484
Graduate,Social Service,Male,Single,Daytime,No,No,Yes,Yes,Yes,22,21-24,146.5,150.0,6,5,11.5,6,5,12.4,0.833,0,0.803
Graduate,Communication Design,Male,Single,Daytime,No,Yes,No,No,No,20,17-20,131.4,130.0,6,6,14.166666666666666,6,6,12.333333333333334,1.0,0,0.083
Enrolled,Management (evening),Male,Married,Evening,No,Yes,No,No,No,27,25-29,130.0,130.0,2,2,12.5,5,2,12.5,0.4,0,0.897
Dropout,Informatics Engineering,Male,Married,Daytime,No,Yes,Yes,No,No,30,30-39,137.0,110.0,5,0,0.0,5,0,0.0,0.0,1,0.999
Enrolled,Informatics Engineering,Male,Single,Daytime,No,Yes,No,No,No,34,30-39,125.9,110.0,5,0,0.0,5,1,11.0,0.2,0,0.987
Dropout,Tourism,Male,Single,Daytime,No,No,No,Yes,No,20,17-20,111.9,121.0,6,2,10.5,6,0,0.0,0.0,1,1.0
Graduate,Communication Design,Male,Single,Daytime,No,Yes,No,Yes,No,18,17-20,131.2,127.0,6,6,11.833333333333334,6,6,13.166666666666666,1.0,0,0.047
Dropout,Equinculture,Male,Single,Daytime,Yes,Yes,No,No,No,26,25-29,131.2,140.0,5,0,0.0,5,0,0.0,0.0,1,0.994
Graduate,Management (evening),Male,Single,Evening,No,Yes,No,No,No,26,25-29,140.0,130.0,5,5,12.4,5,5,12.4,1.0,0,0.165
Dropout,Management,Male,Single,Daytime,No,No,No,No,No,26,25-29,121.5,130.0,5,2,10.5,5,0,0.0,0.0,1,1.0
Dropout,Management (evening),Male,Single,Evening,No,No,Yes,No,No,31,30-39,153.5,100.0,5,0,0.0,5,0,0.0,0.0,1,1.0
Graduate,Animation & Multimedia Design,Male,Single,Daytime,Yes,Yes,No,Yes,No,20,17-20,142.2,139.0,12,12,14.583333333333334,11,11,14.333333333333334,1.0,0,0.002
Graduate,Journalism & Communication,Male,Single,Daytime,No,Yes,No,Yes,No,19,17-20,131.1,150.0,6,6,11.666666666666666,6,3,12.666666666666666,0.5,0,0.51
Dropout,Advertising & Marketing,Male,Single,Daytime,No,No,Yes,Yes,No,23,21-24,130.6,133.1,5,0,0.0,5,0,0.0,0.0,1,1.0
Dropout,Nursing,Male,Single,Daytime,Yes,Yes,No,Yes,No,20,17-20,115.0,119.0,7,1,13.0,7,0,0.0,0.0,1,1.0
Graduate,Nursing,Male,Single,Daytime,No,Yes,No,No,No,20,17-20,125.0,170.0,7,7,15.66,10,9,15.011111111111113,0.9,0,0.131
Dropout,Social Service (evening),Male,Single,Evening,No,Yes,No,Yes,No,29,25-29,97.5,133.1,6,0,0.0,5,0,0.0,0.0,1,0.998
Graduate,Journalism & Communication,Male,Single,Daytime,Yes,Yes,No,Yes,No,20,17-20,134.4,133.0,6,6,12.166666666666666,6,4,12.75,0.667,0,0.181
Graduate,Nursing,Male,Single,Daytime,No,Yes,No,No,No,24,21-24,118.8,125.0,7,6,13.3,7,6,13.3,0.857,0,0.098
Dropout,Oral Hygiene,Male,Single,Daytime,No,Yes,No,No,No,37,30-39,110.5,133.1,7,0,0.0,7,0,0.0,0.0,1,1.0
Dropout,Nursing,Male,Single,Daytime,No,Yes,No,Yes,No,18,17-20,123.3,143.0,7,0,0.0,8,0,0.0,0.0,1,1.0
Dropout,Animation & Multimedia Design,Male,Single,Daytime,Yes,No,Yes,Yes,No,18,17-20,139.6,127.0,0,0,0.0,0,0,0.0,,1,0.96
Graduate,Nursing,Male,Single,Daytime,No,Yes,No,No,No,18,17-20,138.8,157.0,8,7,13.55714285714286,8,7,13.55714285714286,0.875,0,0.083
Enrolled,Informatics Engineering,Male,Married,Daytime,No,Yes,Yes,No,No,41,40+,160.0,160.0,7,5,14.333333333333334,6,6,14.636363636363637,1.0,0,0.547
Dropout,Agronomy,Male,Single,Daytime,No,Yes,No,No,No,35,30-39,140.0,140.0,6,4,12.0,6,3,10.333333333333334,0.5,1,0.909
Dropout,Tourism,Female,Single,Daytime,No,Yes,No,No,No,19,17-20,118.2,128.0,5,0,0.0,6,0,0.0,0.0,1,0.997
Graduate,Animation & Multimedia Design,Male,Single,Daytime,No,Yes,No,Yes,No,18,17-20,150.6,145.0,0,0,0.0,0,0,0.0,,0,0.494
Enrolled,Nursing,Female,Married,Daytime,No,Yes,No,No,No,48,40+,115.2,133.1,7,4,11.75,7,3,11.725,0.429,0,0.816
Graduate,Nursing,Female,Single,Daytime,No,Yes,No,Yes,No,19,17-20,126.0,132.0,7,6,12.183333333333332,7,6,12.183333333333332,0.857,0,0.106
Dropout,Agronomy,Male,Single,Daytime,No,No,No,Yes,No,30,30-39,160.0,160.0,9,6,11.833333333333334,8,4,11.0,0.5,1,0.994
Dropout,Journalism & Communication,Male,Married,Daytime,No,No,Yes,No,No,51,40+,160.0,160.0,4,0,0.0,4,0,0.0,0.0,1,1.0
Graduate,Veterinary Nursing,Female,Single,Daytime,No,Yes,No,No,Yes,18,17-20,184.4,184.4,6,6,15.0,6,5,14.333333333333334,0.833,0,0.012
Graduate,Animation & Multimedia Design,Female,Single,Daytime,No,Yes,No,Yes,No,18,17-20,156.0,149.0,0,0,0.0,0,0,0.0,,0,0.428
Graduate,Animation & Multimedia Design,Female,Single,Daytime,No,Yes,No,Yes,No,18,17-20,150.2,146.0,0,0,0.0,0,0,0.0,,0,0.414
Graduate,Nursing,Female,Single,Daytime,Yes,Yes,No,Yes,No,18,17-20,126.3,139.0,8,8,13.435,8,8,13.435,1.0,0,0.007
Dropout,Equinculture,Female,Single,Daytime,No,Yes,No,Yes,No,18,17-20,146.1,152.0,5,4,13.5,5,0,0.0,0.0,1,0.957
Enrolled,Animation & Multimedia Design,Female,Single,Daytime,No,Yes,No,Yes,No,18,17-20,145.3,147.0,0,0,0.0,0,0,0.0,,0,0.485
Graduate,Animation & Multimedia Design,Female,Single,Daytime,No,Yes,No,Yes,No,23,21-24,116.8,121.0,17,17,11.5,17,17,12.176470588235292,1.0,0,0.005
Enrolled,Communication Design,Female,Single,Daytime,No,Yes,No,Yes,No,19,17-20,132.1,124.0,6,2,10.5,6,3,11.0,0.5,0,0.871
Enrolled,Veterinary Nursing,Female,Single,Daytime,No,Yes,No,No,No,21,21-24,102.6,105.0,6,4,12.0,6,2,11.5,0.333,0,0.916
Dropout,Journalism & Communication,Female,Single,Daytime,No,No,Yes,Yes,No,18,17-20,112.3,121.0,6,5,12.2,6,4,11.5,0.667,1,0.972
Graduate,Animation & Multimedia Design,Female,Single,Daytime,No,Yes,No,Yes,No,18,17-20,155.3,143.0,0,0,0.0,0,0,0.0,,0,0.564
Graduate,Veterinary Nursing,Female,Single,Daytime,No,Yes,No,Yes,No,21,21-24,153.8,150.0,11,10,14.5,9,8,14.0,0.889,0,0.103
Graduate,Journalism & Communication,Female,Single,Daytime,No,Yes,Yes,No,No,20,17-20,110.0,126.0,6,6,13.333333333333334,6,6,12.666666666666666,1.0,0,0.167
Graduate,Veterinary Nursing,Female,Single,Daytime,No,Yes,No,No,No,24,21-24,128.2,133.1,11,9,12.0,10,9,12.555555555555555,0.9,0,0.038
Graduate,Equinculture,Female,Single,Daytime,No,Yes,No,Yes,No,18,17-20,120.4,127.0,6,6,15.125,6,6,14.0,1.0,0,0.078
Graduate,Nursing,Female,Single,Daytime,No,Yes,No,Yes,No,18,17-20,153.0,160.0,7,6,13.116666666666667,7,6,13.116666666666667,0.857,0,0.111
Graduate,Journalism & Communication,Female,Single,Daytime,No,Yes,No,Yes,No,19,17-20,117.9,121.0,6,6,12.833333333333334,6,6,11.666666666666666,1.0,0,0.085
Graduate,Social Service,Female,Single,Daytime,Yes,Yes,No,Yes,No,20,17-20,145.6,150.0,6,6,13.333333333333334,6,6,14.166666666666666,1.0,0,0.033
Graduate,Nursing,Female,Single,Daytime,No,Yes,No,Yes,No,18,17-20,119.8,117.0,7,7,13.877142857142855,8,8,15.6625,1.0,0,0.024
Graduate,Nursing,Female,Single,Daytime,No,Yes,No,Yes,No,18,17-20,126.8,141.0,8,7,12.944285714285714,8,7,12.944285714285714,0.875,0,0.095
Enrolled,Basic Education,Female,Single,Daytime,No,Yes,No,Yes,No,19,17-20,106.1,112.0,6,5,12.333333333333334,6,5,11.0,0.833,0,0.302
Graduate,Nursing,Female,Single,Daytime,No,Yes,No,Yes,No,19,17-20,137.3,148.0,7,6,14.266666666666666,7,6,14.266666666666666,0.857,0,0.092
Graduate,Advertising & Marketing,Female,Single,Daytime,No,Yes,No,Yes,No,18,17-20,115.5,120.0,6,5,13.0,6,5,14.0,0.833,0,0.231
Graduate,Nursing,Female,Single,Daytime,No,Yes,No,Yes,No,20,17-20,127.5,132.0,8,8,12.48375,8,8,12.48375,1.0,0,0.014
Graduate,Oral Hygiene,Female,Single,Daytime,No,Yes,No,Yes,No,18,17-20,116.3,125.0,7,7,13.428571428571429,8,8,15.3125,1.0,0,0.032
Dropout,Social Service (evening),Female,Married,Evening,No,No,Yes,No,No,18,17-20,113.2,123.0,6,3,10.666666666666666,6,0,0.0,0.0,1,1.0
Graduate,Basic Education,Female,Single,Daytime,No,Yes,No,Yes,No,18,17-20,132.6,142.0,6,5,15.4,6,5,12.2,0.833,0,0.212
Graduate,Nursing,Female,Single,Daytime,No,Yes,No,Yes,No,18,17-20,132.0,148.0,7,6,13.45,7,6,13.45,0.857,0,0.081
Graduate,Nursing,Female,Single,Daytime,Yes,Yes,No,Yes,No,18,17-20,130.3,136.0,7,6,12.6,7,6,12.6,0.857,0,0.051
Graduate,Nursing,Female,Single,Daytime,No,Yes,No,Yes,No,20,17-20,116.7,123.0,7,7,12.485714285714286,8,8,12.9375,1.0,0,0.034
Graduate,Communication Design,Female,Single,Daytime,Yes,Yes,No,Yes,No,22,21-24,134.0,135.0,6,5,10.8,6,5,12.8,0.833,0,0.087
Enrolled,Advertising & Marketing,Female,Single,Daytime,No,Yes,Yes,No,No,20,17-20,100.0,151.0,6,5,12.2,6,5,14.6,0.833,0,0.517
Enrolled,Veterinary Nursing,Female,Single,Daytime,No,Yes,No,Yes,No,20,17-20,140.0,140.0,6,5,14.2,6,2,13.5,0.333,0,0.836
Graduate,Social Service,Female,Single,Daytime,No,Yes,No,Yes,No,18,17-20,139.2,136.0,6,6,13.833333333333334,6,6,14.0,1.0,0,0.035
Enrolled,Basic Education,Female,Single,Daytime,No,Yes,No,No,No,18,17-20,132.6,142.0,6,5,12.8,6,3,10.0,0.5,0,0.622
Graduate,Management,Female,Single,Daytime,No,Yes,No,No,No,18,17-20,129.4,142.0,5,5,13.2,5,4,12.5,0.8,0,0.13
Dropout,Advertising & Marketing,Female,Single,Daytime,Yes,Yes,Yes,No,No,18,17-20,125.6,127.0,6,1,14.0,6,0,0.0,0.0,1,0.999
Graduate,Social Service,Female,Single,Daytime,No,Yes,No,No,No,19,17-20,129.3,131.0,8,8,13.875,6,5,14.0,0.833,0,0.128
Graduate,Veterinary Nursing,Female,Single,Daytime,Yes,Yes,No,Yes,No,19,17-20,128.4,134.0,5,5,12.5,5,5,12.714285714285714,1.0,0,0.053
Graduate,Journalism & Communication,Female,Single,Daytime,Yes,Yes,No,No,No,18,17-20,139.9,142.0,6,6,13.428571428571429,6,6,12.5,1.0,0,0.029
Enrolled,Communication Design,Female,Single,Daytime,Yes,No,No,No,No,18,17-20,124.8,123.0,6,5,11.8,6,5,13.0,0.833,0,0.393
Graduate,Nursing,Female,Single,Daytime,Yes,Yes,No,Yes,No,18,17-20,128.5,133.0,7,7,14.868571428571428,8,8,15.11111111111111,1.0,0,0.013
Graduate,Nursing,Female,Single,Daytime,No,Yes,No,Yes,No,18,17-20,117.8,125.0,7,7,13.03,8,8,13.21875,1.0,0,0.036
Graduate,Advertising & Marketing,Female,Single,Daytime,No,Yes,No,Yes,No,19,17-20,115.1,120.0,6,6,14.571428571428571,6,6,12.333333333333334,1.0,0,0.085
Graduate,Social Service,Female,Single,Daytime,No,Yes,No,Yes,No,18,17-20,118.0,125.0,6,5,11.0,6,4,11.25,0.667,0,0.435
Graduate,Nursing,Female,Single,Daytime,Yes,Yes,No,No,No,25,25-29,120.0,133.1,8,8,13.3675,8,8,13.3675,1.0,0,0.004
Graduate,Nursing,Female,Single,Daytime,Yes,Yes,No,Yes,No,19,17-20,119.6,133.1,7,6,12.808333333333332,8,7,12.825714285714286,0.875,0,0.058
Graduate,Nursing,Female,Single,Daytime,No,Yes,No,Yes,No,18,17-20,133.2,143.0,7,7,13.918571428571427,8,8,13.8875,1.0,0,0.025
Graduate,Equinculture,Female,Single,Daytime,No,Yes,No,Yes,No,19,17-20,141.8,147.0,6,6,13.0,6,4,12.8,0.667,0,0.348
Graduate,Nursing,Female,Married,Daytime,No,Yes,No,No,No,18,17-20,130.3,142.0,7,6,13.683333333333332,7,6,13.683333333333332,0.857,0,0.044
Dropout,Veterinary Nursing,Female,Single,Daytime,No,Yes,No,No,No,24,21-24,100.0,150.0,6,5,13.0,6,1,12.0,0.167,1,0.957
Graduate,Journalism & Communication,Female,Single,Daytime,No,Yes,No,Yes,No,21,21-24,114.6,124.0,6,5,12.8,6,5,11.2,0.833,0,0.315
Graduate,Tourism,Female,Single,Daytime,Yes,Yes,No,Yes,No,18,17-20,123.4,136.0,6,6,13.571428571428571,6,6,12.166666666666666,1.0,0,0.032
Graduate,Social Service,Female,Single,Daytime,No,Yes,No,Yes,No,18,17-20,116.4,116.0,6,6,13.166666666666666,6,6,13.166666666666666,1.0,0,0.043
Graduate,Communication Design,Female,Married,Daytime,Yes,Yes,No,No,No,20,17-20,123.2,127.0,6,6,15.0,6,6,14.5,1.0,0,0.014
Graduate,Communication Design,Female,Single,Daytime,No,Yes,No,Yes,No,19,17-20,123.7,117.0,6,6,12.666666666666666,6,5,11.4,0.833,0,0.145
Dropout,Journalism & Communication,Female,Single,Daytime,Yes,Yes,No,Yes,No,19,17-20,127.6,116.0,6,6,13.857142857142858,6,6,13.142857142857142,1.0,1,0.036
Graduate,Nursing,Female,Single,Daytime,No,Yes,No,Yes,No,30,30-39,117.1,129.0,7,7,14.692857142857145,8,8,14.9625,1.0,0,0.034
Graduate,Nursing,Female,Single,Daytime,No,Yes,No,No,No,18,17-20,149.3,157.0,8,8,14.035,8,8,14.035,1.0,0,0.007
Graduate,Veterinary Nursing,Female,Single,Daytime,No,Yes,No,Yes,No,18,17-20,125.6,135.0,5,4,11.0,5,3,14.0,0.6,0,0.386
Graduate,Journalism & Communication,Female,Single,Daytime,Yes,Yes,No,Yes,No,18,17-20,145.0,139.0,6,6,13.333333333333334,6,6,13.333333333333334,1.0,0,0.019
Graduate,Nursing,Female,Single,Daytime,No,Yes,No,No,No,20,17-20,115.0,115.0,7,6,11.7725,8,7,12.33,0.875,0,0.091
Dropout,Tourism,Female,Single,Daytime,No,Yes,No,No,No,19,17-20,114.3,123.0,6,0,0.0,6,0,0.0,0.0,1,0.998
Dropout,Tourism,Female,Single,Daytime,No,Yes,No,Yes,No,19,17-20,126.0,140.0,6,0,0.0,6,0,0.0,0.0,1,0.999
Dropout,Animation & Multimedia Design,Female,Single,Daytime,No,No,No,Yes,No,19,17-20,124.0,138.0,0,0,0.0,0,0,0.0,,1,0.887
Graduate,Tourism,Female,Single,Daytime,Yes,Yes,No,Yes,No,18,17-20,122.6,132.0,6,6,12.285714285714286,6,6,12.0,1.0,0,0.023
Enrolled,Nursing,Female,Single,Daytime,No,Yes,No,Yes,No,17,17-20,133.8,140.0,8,5,12.46,8,5,12.46,0.625,0,0.667
Graduate,Basic Education,Female,Single,Daytime,No,Yes,No,Yes,No,19,17-20,113.5,117.0,7,6,12.166666666666666,7,6,13.166666666666666,0.857,0,0.144
Enrolled,Social Service,Female,Single,Daytime,No,Yes,No,Yes,No,18,17-20,122.6,125.0,6,5,11.833333333333334,6,2,11.5,0.333,0,0.913
Graduate,Nursing,Female,Single,Daytime,No,Yes,No,No,No,25,25-29,140.0,140.0,8,7,14.805714285714286,8,7,14.805714285714286,0.875,0,0.047
Dropout,Social Service,Female,Single,Daytime,No,Yes,No,Yes,No,19,17-20,107.0,133.1,6,5,10.6,6,6,11.714285714285714,1.0,1,0.109
Enrolled,Veterinary Nursing,Female,Single,Daytime,No,No,Yes,Yes,No,24,21-24,130.0,130.0,9,8,13.125,9,6,13.0,0.667,0,0.979
Graduate,Social Service,Female,Single,Daytime,Yes,Yes,Yes,Yes,No,19,17-20,124.2,134.0,6,6,12.833333333333334,6,6,12.666666666666666,1.0,0,0.074
Enrolled,Nursing,Female,Single,Daytime,Yes,Yes,No,No,No,20,17-20,125.8,128.0,8,0,0.0,8,0,0.0,0.0,0,0.964
Graduate,Advertising & Marketing,Female,Single,Daytime,Yes,Yes,No,Yes,No,20,17-20,108.0,115.0,6,5,13.0,6,5,13.8,0.833,0,0.135
Graduate,Nursing,Female,Single,Daytime,Yes,Yes,No,Yes,No,20,17-20,115.2,119.0,7,7,12.725,8,8,13.7125,1.0,0,0.016
Graduate,Veterinary Nursing,Female,Single,Daytime,No,Yes,No,Yes,No,19,17-20,129.3,131.0,5,4,11.25,5,3,10.333333333333334,0.6,0,0.565
Graduate,Agronomy,Female,Single,Daytime,No,Yes,No,Yes,No,31,30-39,120.0,120.0,12,11,13.818181818181818,12,12,13.461538461538462,1.0,0,0.044
Graduate,Veterinary Nursing,Female,Single,Daytime,No,Yes,No,No,No,20,17-20,116.7,120.0,5,3,12.333333333333334,5,3,13.0,0.6,0,0.342
Enrolled,Veterinary Nursing,Female,Single,Daytime,No,Yes,No,Yes,No,18,17-20,121.0,135.0,5,3,12.333333333333334,5,5,11.6,1.0,0,0.21
Enrolled,Basic Education,Female,Single,Daytime,No,Yes,Yes,No,No,18,17-20,128.2,146.0,6,4,13.25,6,3,10.666666666666666,0.5,0,0.918
Graduate,Advertising & Marketing,Female,Single,Daytime,No,Yes,No,Yes,No,18,17-20,121.1,133.0,6,6,13.666666666666666,6,5,15.4,0.833,0,0.152
Enrolled,Social Service,Female,Single,Daytime,No,Yes,Yes,No,No,20,17-20,112.6,122.0,11,8,12.625,10,3,11.0,0.3,0,0.996
Graduate,Veterinary Nursing,Female,Single,Daytime,Yes,Yes,No,Yes,No,20,17-20,123.3,128.0,6,6,14.833333333333334,6,6,12.142857142857142,1.0,0,0.034
Dropout,Advertising & Marketing,Female,Single,Daytime,Yes,Yes,No,No,No,19,17-20,129.4,129.0,6,5,11.2,6,5,13.125,0.833,1,0.085
Graduate,Management,Female,Single,Daytime,Yes,Yes,No,No,No,21,21-24,119.9,122.0,5,5,11.4,5,5,12.2,1.0,0,0.036
Graduate,Nursing,Female,Single,Daytime,No,Yes,No,Yes,No,18,17-20,131.6,140.0,7,7,13.135,8,8,13.244444444444444,1.0,0,0.031
Dropout,Communication Design,Female,Single,Daytime,No,Yes,No,Yes,No,21,21-24,120.0,143.0,10,10,13.0,11,10,11.4,0.909,1,0.066
Enrolled,Nursing,Female,Single,Daytime,No,Yes,No,Yes,No,19,17-20,110.0,118.0,7,4,12.85,7,7,12.62142857142857,1.0,0,0.226
Graduate,Social Service,Female,Single,Daytime,No,Yes,No,No,No,20,17-20,143.0,140.0,6,6,13.5,6,5,12.5,0.833,0,0.039
Enrolled,Veterinary Nursing,Female,Single,Daytime,No,Yes,No,No,No,20,17-20,140.0,140.0,6,6,14.285714285714286,6,3,13.0,0.5,0,0.501
Graduate,Advertising & Marketing,Female,Single,Daytime,Yes,Yes,No,Yes,No,18,17-20,119.2,123.0,6,5,13.5,6,6,14.5,1.0,0,0.055
Graduate,Management,Female,Single,Daytime,Yes,Yes,No,Yes,No,18,17-20,124.3,140.0,5,4,10.75,5,5,13.0,1.0,0,0.081
Graduate,Social Service,Female,Single,Daytime,Yes,Yes,No,Yes,No,18,17-20,111.1,116.0,6,6,11.333333333333334,6,6,11.833333333333334,1.0,0,0.031
Graduate,Veterinary Nursing,Female,Single,Daytime,Yes,Yes,No,Yes,No,21,21-24,150.0,150.0,7,3,13.0,5,5,13.285714285714286,1.0,0,0.144
Graduate,Nursing,Female,Single,Daytime,No,Yes,No,No,No,18,17-20,147.3,147.0,7,6,13.966666666666669,7,6,13.966666666666669,0.857,0,0.062
Graduate,Nursing,Female,Single,Daytime,Yes,Yes,No,Yes,No,18,17-20,147.5,162.0,8,8,14.14125,8,8,14.14125,1.0,0,0.007
Graduate,Tourism,Female,Single,Daytime,Yes,Yes,No,Yes,No,20,17-20,108.0,108.0,6,4,11.6,6,4,11.75,0.667,0,0.403
Graduate,Nursing,Female,Married,Daytime,Yes,Yes,No,No,No,32,30-39,130.0,130.0,8,8,14.6625,8,8,14.6625,1.0,0,0.006
Enrolled,Management (evening),Female,Married,Evening,No,Yes,No,No,No,34,30-39,130.0,140.0,5,0,0.0,5,0,0.0,0.0,0,0.997
Graduate,Nursing,Female,Single,Daytime,Yes,Yes,No,Yes,No,23,21-24,109.0,116.0,7,6,12.993333333333334,8,8,12.66875,1.0,0,0.026
Enrolled,Advertising & Marketing,Female,Single,Daytime,No,Yes,No,Yes,No,18,17-20,112.0,120.0,6,4,11.25,6,5,12.2,0.833,0,0.42
Graduate,Social Service (evening),Female,Single,Evening,No,Yes,No,No,No,18,17-20,121.2,132.0,6,5,12.2,6,5,12.8,0.833,0,0.141
Dropout,Animation & Multimedia Design,Female,Single,Daytime,No,Yes,No,Yes,No,34,30-39,140.0,140.0,0,0,0.0,0,0,0.0,,1,0.585
Enrolled,Social Service (evening),Female,Single,Evening,No,Yes,Yes,No,Yes,25,25-29,119.5,120.0,6,6,11.333333333333334,6,4,11.75,0.667,0,0.868
Graduate,Management,Female,Single,Daytime,No,Yes,No,No,No,21,21-24,125.9,136.0,5,5,12.2,5,5,11.8,1.0,0,0.025
Dropout,Tourism,Female,Single,Daytime,Yes,Yes,No,Yes,No,20,17-20,121.5,133.0,6,0,0.0,6,0,0.0,0.0,1,0.998
Graduate,Social Service,Female,Single,Daytime,No,Yes,No,Yes,No,18,17-20,121.5,126.0,6,6,11.333333333333334,6,6,11.666666666666666,1.0,0,0.053
Graduate,Veterinary Nursing,Female,Single,Daytime,No,Yes,No,Yes,No,18,17-20,132.4,142.0,6,6,13.857142857142858,6,6,13.1,1.0,0,0.07
Graduate,Journalism & Communication,Female,Single,Daytime,No,Yes,No,No,No,18,17-20,122.4,121.0,6,6,12.857142857142858,6,6,13.333333333333334,1.0,0,0.046
Dropout,Social Service (evening),Female,Single,Evening,No,Yes,No,Yes,No,24,21-24,110.0,134.0,6,1,10.0,6,0,0.0,0.0,1,0.999
Graduate,Management,Female,Single,Daytime,No,No,Yes,No,No,32,30-39,120.4,140.0,15,14,10.214285714285714,13,13,11.384615384615383,1.0,0,0.857
Dropout,Tourism,Female,Single,Daytime,No,No,Yes,Yes,No,24,21-24,105.0,133.1,6,6,11.285714285714286,6,3,10.333333333333334,0.5,1,0.988
Dropout,Social Service,Female,Single,Daytime,Yes,Yes,No,No,No,18,17-20,137.8,157.0,6,6,13.833333333333334,6,0,0.0,0.0,1,0.947
Graduate,Tourism,Female,Single,Daytime,No,Yes,No,No,No,28,25-29,118.0,120.0,6,6,12.857142857142858,6,5,12.6,0.833,0,0.133
Dropout,Basic Education,Female,Single,Daytime,Yes,Yes,No,Yes,No,18,17-20,122.1,134.0,6,6,11.666666666666666,6,4,12.0,0.667,1,0.177
Dropout,Basic Education,Female,Single,Daytime,No,No,No,Yes,No,24,21-24,140.0,140.0,6,0,0.0,5,0,0.0,0.0,1,1.0
Graduate,Veterinary Nursing,Female,Single,Daytime,No,Yes,No,No,No,19,17-20,143.2,133.0,5,5,14.4,5,5,13.2,1.0,0,0.04
Graduate,Social Service (evening),Female,Married,Evening,No,Yes,No,No,No,44,40+,120.5,146.0,6,6,14.833333333333334,6,6,14.166666666666666,1.0,0,0.054
Graduate,Veterinary Nursing,Female,Single,Daytime,Yes,Yes,No,Yes,No,18,17-20,119.5,130.0,6,6,14.333333333333334,6,6,12.0,1.0,0,0.046
Graduate,Animation & Multimedia Design,Female,Single,Daytime,No,Yes,No,Yes,No,18,17-20,147.5,151.0,0,0,0.0,0,0,0.0,,0,0.335
Dropout,Journalism & Communication,Female,Single,Daytime,No,Yes,No,No,No,22,21-24,129.6,133.1,6,0,0.0,6,0,0.0,0.0,1,0.996
Graduate,Basic Education,Female,Single,Daytime,Yes,Yes,No,No,No,18,17-20,126.1,132.0,7,6,12.333333333333334,7,6,12.666666666666666,0.857,0,0.049
Graduate,Management (evening),Female,Married,Evening,No,Yes,No,No,No,44,40+,160.0,110.0,5,5,11.8,5,5,12.4,1.0,0,0.11
Dropout,Basic Education,Female,Facto union,Daytime,No,Yes,Yes,No,No,33,30-39,105.5,133.1,6,5,13.2,6,5,10.6,0.833,1,0.355
Dropout,Basic Education,Female,Married,Daytime,No,No,Yes,No,No,32,30-39,95.5,110.0,6,0,0.0,5,0,0.0,0.0,1,1.0
Dropout,Agronomy,Female,Married,Daytime,No,No,No,No,No,35,30-39,107.5,133.1,6,0,0.0,6,0,0.0,0.0,1,1.0
Graduate,Social Service,Female,Single,Daytime,No,Yes,No,Yes,No,20,17-20,106.1,105.0,6,6,11.5,6,6,13.285714285714286,1.0,0,0.051
Graduate,Tourism,Female,Single,Daytime,No,Yes,No,Yes,No,24,21-24,116.3,160.0,6,5,12.6,6,5,12.2,0.833,0,0.282
Graduate,Nursing,Female,Single,Daytime,No,Yes,No,No,No,19,17-20,137.4,144.0,7,7,13.542857142857144,8,8,14.22222222222222,1.0,0,0.025
Enrolled,Tourism,Female,Single,Daytime,No,Yes,No,Yes,No,21,21-24,101.8,100.0,6,5,11.6,6,5,13.0,0.833,0,0.22
Graduate,Journalism & Communication,Male,Single,Daytime,Yes,Yes,No,Yes,No,19,17-20,144.1,143.0,6,6,13.666666666666666,6,6,13.833333333333334,1.0,0,0.042
Dropout,Agronomy,Male,Single,Daytime,No,No,No,Yes,No,27,25-29,107.8,160.0,6,0,0.0,6,0,0.0,0.0,1,1.0
Dropout,Basic Education,Female,Single,Daytime,No,No,No,No,No,30,30-39,128.2,140.0,6,0,0.0,6,0,0.0,0.0,1,1.0
Dropout,Animation & Multimedia Design,Male,Single,Daytime,No,Yes,No,Yes,No,21,21-24,117.0,133.1,0,0,0.0,0,0,0.0,,1,0.605
Graduate,Communication Design,Male,Single,Daytime,No,Yes,No,Yes,No,19,17-20,110.4,116.0,6,6,11.5,6,6,12.285714285714286,1.0,0,0.073
Enrolled,Management (evening),Female,Married,Evening,No,Yes,No,No,No,34,30-39,170.0,120.0,5,2,11.5,5,4,11.75,0.8,0,0.592
Graduate,Nursing,Male,Single,Daytime,No,Yes,No,No,No,18,17-20,100.0,141.0,7,7,11.828571428571427,8,7,12.9125,0.875,0,0.091
Graduate,Animation & Multimedia Design,Male,Single,Daytime,No,Yes,No,Yes,No,21,21-24,117.0,110.0,0,0,0.0,0,0,0.0,,0,0.527
Enrolled,Animation & Multimedia Design,Male,Single,Daytime,No,Yes,No,Yes,No,17,17-20,133.5,127.0,0,0,0.0,0,0,0.0,,0,0.5
Graduate,Nursing,Female,Single,Daytime,Yes,Yes,No,Yes,No,19,17-20,128.0,132.0,7,6,12.966666666666669,7,6,12.966666666666669,0.857,0,0.041
Graduate,Journalism & Communication,Male,Single,Daytime,No,Yes,No,Yes,No,18,17-20,122.1,135.0,6,6,13.833333333333334,6,6,13.666666666666666,1.0,0,0.069
Graduate,Nursing,Female,Single,Daytime,No,Yes,No,Yes,No,19,17-20,133.4,135.0,7,7,14.125714285714285,8,8,14.36875,1.0,0,0.025
Dropout,Tourism,Female,Divorced,Daytime,No,Yes,Yes,No,No,45,40+,112.0,140.0,10,5,12.166666666666666,8,0,0.0,0.0,1,0.999
Graduate,Veterinary Nursing,Female,Single,Daytime,No,Yes,No,Yes,No,26,25-29,130.0,133.1,6,6,12.666666666666666,6,4,12.25,0.667,0,0.459
Dropout,Management (evening),Male,Married,Evening,No,Yes,No,Yes,No,51,40+,100.0,100.0,4,0,0.0,5,0,0.0,0.0,1,0.999
Graduate,Journalism & Communication,Male,Married,Daytime,Yes,Yes,Yes,No,No,49,40+,162.0,133.1,6,6,12.285714285714286,6,6,14.166666666666666,1.0,0,0.106
Enrolled,Nursing,Male,Single,Daytime,No,Yes,No,No,No,22,21-24,153.0,100.0,6,3,14.5,7,4,14.375,0.571,0,0.934
Dropout,Management,Male,Single,Daytime,No,Yes,No,Yes,No,22,21-24,131.4,137.0,5,2,10.0,5,1,10.0,0.2,1,0.964
Dropout,Equinculture,Female,Married,Daytime,No,Yes,No,No,No,33,30-39,128.2,120.0,5,2,11.5,5,2,12.0,0.4,1,0.883
Graduate,Advertising & Marketing,Female,Single,Daytime,No,Yes,No,No,Yes,20,17-20,148.9,148.9,5,5,11.6,5,4,11.5,0.8,0,0.02
Graduate,Social Service,Female,Single,Daytime,Yes,Yes,No,Yes,No,18,17-20,128.4,134.0,6,6,12.5,6,6,11.666666666666666,1.0,0,0.035
Dropout,Basic Education,Female,Single,Daytime,No,No,Yes,Yes,No,20,17-20,120.3,128.0,6,3,11.666666666666666,6,2,11.0,0.333,1,0.999
Graduate,Management (evening),Female,Married,Evening,No,Yes,No,No,Yes,37,30-39,100.0,133.1,10,7,13.428571428571429,10,10,11.6,1.0,0,0.101
Graduate,Tourism,Male,Single,Daytime,No,Yes,No,Yes,Yes,18,17-20,126.1,131.0,6,6,13.666666666666666,6,6,13.5,1.0,0,0.004
Graduate,Tourism,Female,Single,Daytime,No,Yes,No,Yes,No,19,17-20,111.7,118.0,6,6,12.5,6,6,12.166666666666666,1.0,0,0.063
Graduate,Veterinary Nursing,Female,Single,Daytime,No,Yes,No,Yes,No,21,21-24,140.0,140.0,6,6,13.0,6,4,12.8,0.667,0,0.31
Graduate,Nursing,Female,Single,Daytime,No,Yes,No,No,No,20,17-20,122.2,133.0,7,6,12.783333333333331,8,7,12.842857142857143,0.875,0,0.106
Dropout,Nursing,Female,Single,Daytime,No,Yes,No,Yes,No,19,17-20,118.7,126.0,7,0,0.0,8,0,0.0,0.0,1,1.0
Dropout,Oral Hygiene,Female,Single,Daytime,No,Yes,No,Yes,No,20,17-20,121.5,125.0,7,4,13.5,7,4,11.225,0.571,1,0.858
Graduate,Nursing,Female,Single,Daytime,No,Yes,No,Yes,No,18,17-20,134.5,138.0,7,7,13.457142857142856,8,8,15.125,1.0,0,0.031
Graduate,Nursing,Female,Single,Daytime,No,Yes,No,Yes,No,19,17-20,127.0,140.0,8,7,13.44285714285714,8,7,13.44285714285714,0.875,0,0.066
Graduate,Social Service,Female,Single,Daytime,No,Yes,No,No,No,18,17-20,114.2,124.0,6,4,11.0,6,5,10.833333333333334,0.833,0,0.313
Graduate,Social Service,Female,Single,Daytime,Yes,Yes,No,Yes,No,18,17-20,125.3,133.0,6,6,11.333333333333334,6,6,12.285714285714286,1.0,0,0.027
Dropout,Journalism & Communication,Female,Single,Daytime,No,Yes,No,Yes,No,18,17-20,120.4,127.0,5,2,10.0,1,0,0.0,0.0,1,0.952
Enrolled,Nursing,Female,Single,Daytime,No,Yes,No,Yes,No,19,17-20,123.0,138.0,7,5,13.44,7,6,13.066666666666668,0.857,0,0.25
Graduate,Oral Hygiene,Female,Single,Daytime,Yes,Yes,No,Yes,No,18,17-20,130.5,142.0,7,7,12.214285714285714,8,8,14.0625,1.0,0,0.013
Graduate,Communication Design,Female,Single,Daytime,Yes,Yes,No,Yes,Yes,19,17-20,125.5,130.0,6,6,14.166666666666666,6,6,13.5,1.0,0,0.01
Graduate,Agronomy,Female,Single,Daytime,Yes,Yes,Yes,No,No,24,21-24,133.8,130.0,12,12,12.846153846153848,11,11,12.636363636363637,1.0,0,0.011
Enrolled,Veterinary Nursing,Female,Single,Daytime,No,Yes,No,No,No,20,17-20,150.0,150.0,6,6,13.0,6,2,12.0,0.333,0,0.659
Graduate,Management,Female,Single,Daytime,Yes,Yes,No,Yes,No,21,21-24,130.5,127.0,5,5,12.8,5,4,11.25,0.8,0,0.078
Dropout,Veterinary Nursing,Female,Single,Daytime,No,No,Yes,No,No,20,17-20,140.0,140.0,6,4,13.0,6,5,12.0,0.833,1,0.948
Graduate,Nursing,Female,Single,Daytime,Yes,Yes,No,Yes,No,19,17-20,119.4,126.0,7,7,13.371428571428572,8,8,13.666666666666666,1.0,0,0.018
Graduate,Oral Hygiene,Female,Single,Daytime,Yes,Yes,No,Yes,No,19,17-20,121.3,139.0,7,7,13.385714285714286,8,8,13.3875,1.0,0,0.015
Graduate,Nursing,Female,Single,Daytime,No,Yes,No,Yes,No,18,17-20,126.3,141.0,8,7,13.328571428571427,8,7,13.328571428571427,0.875,0,0.073
Graduate,Veterinary Nursing,Female,Single,Daytime,No,Yes,No,Yes,No,19,17-20,111.6,120.0,6,5,14.0,6,5,11.0,0.833,0,0.382
Graduate,Management,Female,Single,Daytime,No,Yes,No,Yes,No,21,21-24,111.3,120.0,5,5,12.6,5,5,13.2,1.0,0,0.112
Graduate,Basic Education,Female,Single,Daytime,Yes,Yes,No,Yes,No,19,17-20,122.5,134.0,6,6,14.0,6,6,15.0,1.0,0,0.021
Graduate,Tourism,Female,Single,Daytime,Yes,Yes,No,Yes,No,18,17-20,116.5,128.0,6,6,13.428571428571429,6,6,12.666666666666666,1.0,0,0.036
Graduate,Communication Design,Female,Single,Daytime,Yes,Yes,No,Yes,No,17,17-20,132.0,133.0,6,6,13.0,6,6,12.5,1.0,0,0.06
Enrolled,Basic Education,Female,Single,Daytime,No,Yes,No,Yes,No,19,17-20,123.7,123.0,6,5,12.666666666666666,6,5,11.0,0.833,0,0.306
Dropout,Management,Male,Single,Daytime,No,No,No,Yes,No,23,21-24,117.0,118.0,5,3,10.0,5,3,12.333333333333334,0.6,1,0.974
Graduate,Advertising & Marketing,Female,Single,Daytime,No,Yes,No,Yes,No,19,17-20,116.5,113.0,6,6,12.833333333333334,6,6,11.77777777777778,1.0,0,0.058
Graduate,Nursing,Female,Single,Daytime,No,Yes,No,Yes,No,18,17-20,121.5,135.0,7,6,12.916666666666666,7,6,12.916666666666666,0.857,0,0.101
Graduate,Advertising & Marketing,Female,Single,Daytime,No,Yes,No,Yes,No,20,17-20,105.0,133.1,6,6,13.285714285714286,6,5,13.8,0.833,0,0.142
Graduate,Veterinary Nursing,Female,Single,Daytime,Yes,Yes,No,Yes,No,19,17-20,121.3,130.0,5,5,14.6,5,5,13.8,1.0,0,0.045
Graduate,Social Service,Female,Single,Daytime,Yes,Yes,No,Yes,No,18,17-20,136.1,135.0,6,6,14.0,6,6,13.666666666666666,1.0,0,0.024
Graduate,Social Service,Female,Single,Daytime,Yes,Yes,No,No,No,19,17-20,123.6,133.0,6,6,14.142857142857142,6,6,15.0,1.0,0,0.019
Graduate,Social Service,Female,Single,Daytime,No,Yes,No,Yes,No,19,17-20,129.0,123.0,6,6,11.666666666666666,6,6,12.333333333333334,1.0,0,0.076
Graduate,Nursing,Female,Single,Daytime,No,Yes,No,Yes,No,18,17-20,136.8,145.0,8,8,14.3775,8,8,14.3775,1.0,0,0.007
Graduate,Nursing,Female,Single,Daytime,No,Yes,No,Yes,No,18,17-20,133.4,146.0,7,7,12.5,8,7,13.042857142857144,0.875,0,0.082
Graduate,Nursing,Female,Single,Daytime,Yes,Yes,No,Yes,No,19,17-20,136.0,144.0,7,6,14.15,7,6,14.15,0.857,0,0.046
Graduate,Nursing,Female,Single,Daytime,Yes,Yes,No,No,No,19,17-20,125.8,144.0,8,7,12.471428571428572,8,7,12.471428571428572,0.875,0,0.027
Graduate,Nursing,Female,Single,Daytime,No,Yes,No,No,No,19,17-20,120.5,131.0,7,6,14.15,7,6,14.15,0.857,0,0.066
Graduate,Nursing,Female,Single,Daytime,No,Yes,No,Yes,No,21,21-24,130.2,141.0,7,7,14.072222222222225,8,8,14.0475,1.0,0,0.027
Graduate,Journalism & Communication,Female,Single,Daytime,No,Yes,No,Yes,No,18,17-20,135.9,138.0,6,6,14.857142857142858,6,6,14.666666666666666,1.0,0,0.075
Graduate,Journalism & Communication,Female,Single,Daytime,Yes,Yes,No,No,No,19,17-20,116.5,127.0,6,6,14.285714285714286,6,6,13.166666666666666,1.0,0,0.019
Dropout,Journalism & Communication,Female,Single,Daytime,No,No,No,No,No,18,17-20,124.0,124.0,4,0,0.0,4,0,0.0,0.0,1,0.998
Dropout,Social Service (evening),Female,Single,Evening,No,Yes,No,No,No,30,30-39,140.0,140.0,6,0,0.0,6,0,0.0,0.0,1,0.998
Dropout,Equinculture,Female,Single,Daytime,No,Yes,No,Yes,No,18,17-20,150.9,157.0,6,6,15.0,6,5,15.166666666666666,0.833,1,0.147
Graduate,Nursing,Female,Single,Daytime,Yes,Yes,No,Yes,No,20,17-20,127.3,129.0,7,6,12.633333333333333,7,6,12.633333333333333,0.857,0,0.053
Dropout,Advertising & Marketing,Female,Single,Daytime,No,No,Yes,No,No,25,25-29,100.0,133.1,5,5,11.2,5,5,12.6,1.0,1,0.716
Graduate,Nursing,Female,Single,Daytime,No,Yes,No,Yes,No,18,17-20,128.8,142.0,7,6,14.233333333333334,7,6,14.233333333333334,0.857,0,0.093
Enrolled,Veterinary Nursing,Female,Facto union,Daytime,No,Yes,No,Yes,No,21,21-24,119.7,133.0,5,5,12.2,5,3,11.333333333333334,0.6,0,0.149
Graduate,Nursing,Female,Single,Daytime,No,Yes,No,No,No,18,17-20,140.8,156.0,8,7,15.7,8,7,15.7,0.875,0,0.041
Graduate,Nursing,Female,Single,Daytime,No,Yes,No,Yes,No,18,17-20,138.0,151.0,7,6,15.2,7,6,15.2,0.857,0,0.072
Dropout,Basic Education,Female,Single,Daytime,No,No,No,Yes,No,29,25-29,132.9,135.0,6,6,16.333333333333332,6,5,15.6,0.833,1,0.71
Graduate,Equinculture,Female,Single,Daytime,No,Yes,No,No,No,20,17-20,140.0,140.0,17,14,12.5625,12,12,12.857142857142858,1.0,0,0.017
Dropout,Nursing,Female,Single,Daytime,No,Yes,No,No,No,26,25-29,140.0,140.0,7,0,0.0,8,0,0.0,0.0,1,1.0
Graduate,Social Service,Female,Single,Daytime,No,Yes,No,Yes,No,21,21-24,99.3,100.0,6,5,12.4,6,6,12.0,1.0,0,0.162
Graduate,Nursing,Female,Single,Daytime,Yes,Yes,No,No,No,19,17-20,119.3,126.0,8,8,13.78125,8,8,13.78125,1.0,0,0.003
Dropout,Tourism,Female,Single,Daytime,No,Yes,Yes,Yes,No,19,17-20,113.2,123.0,6,6,12.166666666666666,6,5,11.666666666666666,0.833,1,0.474
Enrolled,Journalism & Communication,Female,Single,Daytime,No,Yes,No,No,No,21,21-24,117.0,133.1,6,5,11.8,6,5,11.833333333333334,0.833,0,0.199
Graduate,Social Service (evening),Female,Single,Evening,No,Yes,Yes,No,No,20,17-20,123.0,137.0,6,4,10.8,6,4,12.0,0.667,0,0.813
Graduate,Nursing,Female,Single,Daytime,Yes,Yes,No,Yes,No,18,17-20,127.2,138.0,7,7,13.26,8,8,14.28625,1.0,0,0.012
Dropout,Journalism & Communication,Female,Single,Daytime,No,No,No,Yes,No,20,17-20,141.0,128.0,6,4,12.0,6,3,10.666666666666666,0.5,1,0.977
Graduate,Social Service,Female,Single,Daytime,Yes,Yes,No,No,No,20,17-20,121.7,136.0,6,6,11.875,6,6,14.428571428571429,1.0,0,0.029
Enrolled,Nursing,Female,Single,Daytime,Yes,Yes,No,No,No,18,17-20,121.1,127.0,7,5,12.16,7,2,13.4,0.286,0,0.814
Enrolled,Communication Design,Female,Single,Daytime,No,Yes,No,Yes,No,18,17-20,146.1,145.0,6,1,15.0,6,4,12.5,0.667,0,0.877
Graduate,Journalism & Communication,Female,Single,Daytime,No,Yes,No,Yes,No,18,17-20,142.5,140.0,6,6,13.333333333333334,6,5,13.2,0.833,0,0.094
Enrolled,Veterinary Nursing,Female,Single,Daytime,No,Yes,No,Yes,No,18,17-20,126.8,138.0,5,2,11.5,5,3,11.8,0.6,0,0.773
Graduate,Veterinary Nursing,Female,Single,Daytime,No,Yes,No,Yes,No,22,21-24,150.0,150.0,6,6,14.428571428571429,6,5,13.0,0.833,0,0.184
Enrolled,Veterinary Nursing,Female,Single,Daytime,No,Yes,No,Yes,No,19,17-20,150.0,150.0,5,1,13.0,5,3,15.333333333333334,0.6,0,0.689
Graduate,Agronomy,Female,Single,Daytime,Yes,Yes,No,Yes,No,19,17-20,134.5,131.0,6,6,15.0,6,6,14.333333333333334,1.0,0,0.035
Graduate,Oral Hygiene,Female,Single,Daytime,No,Yes,No,Yes,No,18,17-20,129.5,136.0,7,7,15.155555555555557,8,8,16.8,1.0,0,0.017
Graduate,Social Service,Female,Single,Daytime,No,Yes,Yes,Yes,No,20,17-20,113.2,117.0,6,6,10.666666666666666,6,6,11.857142857142858,1.0,0,0.066
Dropout,Basic Education,Female,Single,Daytime,No,Yes,No,Yes,No,18,17-20,140.2,158.0,6,5,11.0,6,4,11.25,0.667,1,0.447
Dropout,Advertising & Marketing,Female,Single,Daytime,No,Yes,No,Yes,No,21,21-24,119.2,129.0,6,0,0.0,6,0,0.0,0.0,1,0.999
Graduate,Social Service,Female,Single,Daytime,No,Yes,No,No,No,19,17-20,140.7,140.0,6,6,12.285714285714286,6,6,12.0,1.0,0,0.041
Dropout,Nursing,Female,Single,Daytime,No,Yes,No,Yes,No,18,17-20,142.3,141.0,8,8,12.82875,8,8,12.82875,1.0,1,0.014
Graduate,Journalism & Communication,Female,Single,Daytime,No,Yes,No,Yes,Yes,18,17-20,129.9,132.0,6,6,12.666666666666666,6,5,14.4,0.833,0,0.004
Enrolled,Animation & Multimedia Design,Female,Single,Daytime,No,Yes,No,Yes,No,18,17-20,134.8,133.0,0,0,0.0,0,0,0.0,,0,0.51
Dropout,Veterinary Nursing,Female,Single,Daytime,Yes,No,Yes,Yes,No,21,21-24,104.1,109.0,6,2,13.0,6,0,0.0,0.0,1,1.0
Graduate,Management,Female,Single,Daytime,No,Yes,Yes,No,No,19,17-20,122.4,135.0,5,5,10.875,5,4,12.4,0.8,0,0.366
Graduate,Management,Female,Single,Daytime,Yes,Yes,No,Yes,No,19,17-20,120.6,122.0,5,5,12.8,5,5,11.6,1.0,0,0.042
Dropout,Social Service,Female,Single,Daytime,No,Yes,No,Yes,No,19,17-20,112.4,118.0,6,5,11.285714285714286,6,0,0.0,0.0,1,0.994
Graduate,Animation & Multimedia Design,Female,Single,Daytime,No,Yes,No,No,No,18,17-20,157.9,174.0,0,0,0.0,0,0,0.0,,0,0.414
Dropout,Tourism,Female,Single,Daytime,Yes,Yes,No,No,No,19,17-20,125.9,142.0,6,0,0.0,6,1,10.0,0.167,1,0.973
Dropout,Nursing,Female,Single,Daytime,Yes,Yes,No,Yes,No,20,17-20,118.4,131.0,7,6,13.766666666666666,8,8,13.744444444444444,1.0,1,0.046
Dropout,Nursing,Female,Single,Daytime,No,No,No,Yes,No,18,17-20,130.8,139.0,8,6,12.758333333333333,8,6,12.758333333333333,0.75,1,0.671
Dropout,Animation & Multimedia Design,Female,Single,Daytime,Yes,Yes,No,Yes,No,19,17-20,176.7,170.0,0,0,0.0,0,0,0.0,,1,0.265
Graduate,Communication Design,Female,Single,Daytime,No,Yes,No,Yes,No,18,17-20,156.8,182.0,6,6,12.666666666666666,6,6,13.25,1.0,0,0.057
Enrolled,Veterinary Nursing,Female,Single,Daytime,No,Yes,No,No,No,18,17-20,126.8,125.0,6,6,12.0,6,4,12.75,0.667,0,0.207
Graduate,Social Service,Female,Single,Daytime,Yes,Yes,No,No,No,19,17-20,128.0,142.0,6,6,12.25,6,6,12.0,1.0,0,0.023
Graduate,Management,Female,Single,Daytime,No,Yes,No,Yes,No,20,17-20,113.8,119.0,5,3,11.333333333333334,5,5,12.2,1.0,0,0.211
Graduate,Nursing,Female,Single,Daytime,Yes,Yes,No,Yes,No,19,17-20,120.8,128.0,7,7,13.507142857142856,8,8,13.05,1.0,0,0.027
Graduate,Nursing,Female,Single,Daytime,No,Yes,No,Yes,No,18,17-20,130.8,150.0,8,7,13.614285714285714,8,7,13.614285714285714,0.875,0,0.061
Dropout,Tourism,Female,Single,Daytime,No,Yes,Yes,No,No,25,25-29,101.0,133.1,6,0,0.0,6,0,0.0,0.0,1,1.0
Graduate,Communication Design,Female,Single,Daytime,No,No,No,Yes,No,18,17-20,126.1,131.0,6,4,11.5,6,6,12.166666666666666,1.0,0,0.58
Graduate,Journalism & Communication,Female,Single,Daytime,No,Yes,No,Yes,No,19,17-20,113.8,118.0,6,6,12.333333333333334,6,6,12.5,1.0,0,0.072
Graduate,Oral Hygiene,Female,Single,Daytime,Yes,Yes,No,Yes,No,19,17-20,118.3,122.0,7,7,11.971428571428572,8,8,14.4375,1.0,0,0.01
Dropout,Management,Female,Single,Daytime,Yes,No,Yes,No,No,20,17-20,127.9,116.0,5,2,13.0,5,2,11.5,0.4,1,0.99
Enrolled,Nursing,Female,Single,Daytime,No,Yes,No,Yes,No,18,17-20,131.1,137.0,7,7,12.385714285714286,8,7,12.728571428571428,0.875,0,0.094
Graduate,Veterinary Nursing,Female,Single,Daytime,No,Yes,No,Yes,No,20,17-20,117.9,128.0,5,2,13.5,5,5,11.285714285714286,1.0,0,0.537
Graduate,Social Service,Female,Single,Daytime,No,Yes,No,Yes,No,21,21-24,115.7,123.0,6,6,12.166666666666666,6,6,13.285714285714286,1.0,0,0.066
Graduate,Animation & Multimedia Design,Female,Single,Daytime,No,Yes,No,Yes,No,19,17-20,141.0,133.1,0,0,0.0,0,0,0.0,,0,0.456
Graduate,Social Service (evening),Female,Married,Evening,No,Yes,No,No,No,42,40+,120.0,110.0,6,6,11.666666666666666,6,6,13.666666666666666,1.0,0,0.033
Enrolled,Equinculture,Female,Single,Daytime,No,No,Yes,Yes,No,18,17-20,131.8,143.0,6,5,12.4,6,5,14.166666666666666,0.833,0,0.907
Graduate,Communication Design,Female,Single,Daytime,Yes,Yes,No,No,No,19,17-20,131.1,150.0,6,5,13.4,6,6,12.833333333333334,1.0,0,0.033
Graduate,Tourism,Female,Single,Daytime,No,Yes,No,Yes,No,18,17-20,117.8,129.0,6,6,12.0,6,4,12.5,0.667,0,0.319
Graduate,Veterinary Nursing,Female,Single,Daytime,No,Yes,No,Yes,No,21,21-24,140.0,140.0,5,5,14.2,5,5,14.8,1.0,0,0.085
Graduate,Social Service,Female,Single,Daytime,Yes,Yes,No,No,No,20,17-20,108.0,133.1,6,6,12.125,6,6,14.428571428571429,1.0,0,0.021
Graduate,Basic Education,Female,Single,Daytime,No,Yes,No,Yes,No,20,17-20,122.9,132.0,7,7,13.857142857142858,7,7,13.285714285714286,1.0,0,0.034
Enrolled,Veterinary Nursing,Female,Single,Daytime,No,Yes,No,Yes,No,21,21-24,130.0,130.0,6,3,11.75,6,5,12.333333333333334,0.833,0,0.562
Graduate,Nursing,Female,Single,Daytime,No,Yes,No,Yes,No,19,17-20,126.0,137.0,7,7,14.283333333333337,8,8,13.125555555555556,1.0,0,0.032
Graduate,Social Service,Female,Single,Daytime,No,Yes,No,No,No,21,21-24,134.0,133.1,13,11,13.272727272727272,11,9,13.0,0.818,0,0.284
Graduate,Communication Design,Female,Single,Daytime,No,Yes,No,Yes,No,19,17-20,134.3,143.0,6,6,14.666666666666666,6,6,15.142857142857142,1.0,0,0.036
Graduate,Nursing,Female,Single,Daytime,Yes,Yes,No,No,No,19,17-20,138.7,148.0,7,7,15.114999999999998,8,8,15.092,1.0,0,0.008
Enrolled,Animation & Multimedia Design,Female,Single,Daytime,No,Yes,No,Yes,No,18,17-20,143.3,137.0,0,0,0.0,0,0,0.0,,0,0.424
Graduate,Veterinary Nursing,Female,Single,Daytime,No,Yes,No,Yes,No,22,21-24,160.0,160.0,6,6,15.0,6,6,13.142857142857142,1.0,0,0.084
Graduate,Basic Education,Female,Single,Daytime,No,Yes,No,No,No,21,21-24,111.0,112.0,6,5,13.2,6,5,14.333333333333334,0.833,0,0.147
Dropout,Tourism,Female,Single,Daytime,Yes,Yes,No,Yes,No,18,17-20,128.5,133.0,6,2,11.0,6,3,10.333333333333334,0.5,1,0.862
Graduate,Nursing,Female,Single,Daytime,Yes,Yes,No,No,No,20,17-20,133.0,142.0,8,7,14.565714285714288,8,7,14.565714285714288,0.875,0,0.027
Dropout,Advertising & Marketing,Female,Single,Daytime,No,No,Yes,Yes,No,18,17-20,114.6,123.0,5,3,12.0,5,4,10.75,0.8,1,0.973
Dropout,Social Service,Female,Single,Daytime,No,Yes,No,No,No,20,17-20,104.1,103.0,6,0,0.0,5,0,0.0,0.0,1,0.996
Graduate,Nursing,Female,Single,Daytime,No,Yes,No,Yes,No,23,21-24,127.6,140.0,7,6,13.796666666666669,8,7,13.775,0.875,0,0.164
Graduate,Journalism & Communication,Female,Single,Daytime,No,Yes,No,Yes,No,18,17-20,151.0,159.0,6,6,14.833333333333334,6,6,15.333333333333334,1.0,0,0.048
Graduate,Social Service,Female,Single,Daytime,No,Yes,No,Yes,No,20,17-20,135.7,140.0,6,6,12.833333333333334,6,6,13.833333333333334,1.0,0,0.078
Graduate,Nursing,Female,Single,Daytime,Yes,Yes,No,Yes,No,18,17-20,137.8,148.0,8,7,14.962857142857144,8,7,14.962857142857144,0.875,0,0.032
Graduate,Management,Female,Single,Daytime,No,Yes,No,Yes,No,20,17-20,117.3,112.0,5,4,12.0,5,5,11.2,1.0,0,0.229
Graduate,Nursing,Female,Single,Daytime,No,Yes,No,Yes,No,18,17-20,121.2,131.0,7,7,12.4,8,8,12.8,1.0,0,0.04
Graduate,Advertising & Marketing,Female,Single,Daytime,No,Yes,No,Yes,No,20,17-20,129.3,145.0,6,6,15.571428571428571,6,6,17.166666666666668,1.0,0,0.067
Graduate,Nursing,Female,Single,Daytime,No,Yes,No,Yes,No,19,17-20,123.0,133.1,8,7,13.714285714285714,8,7,13.714285714285714,0.875,0,0.082
Graduate,Veterinary Nursing,Female,Single,Daytime,No,Yes,No,No,No,21,21-24,140.0,140.0,6,6,13.142857142857142,6,6,12.166666666666666,1.0,0,0.049
Graduate,Communication Design,Female,Married,Daytime,No,Yes,No,No,No,33,30-39,140.0,140.0,6,6,15.0,6,3,11.0,0.5,0,0.34
Dropout,Veterinary Nursing,Female,Single,Daytime,No,No,Yes,No,No,24,21-24,144.6,150.0,5,1,13.0,5,0,0.0,0.0,1,1.0
Graduate,Social Service,Female,Single,Daytime,Yes,Yes,No,No,No,20,17-20,118.3,120.0,11,11,12.0,11,11,12.75,1.0,0,0.015
Graduate,Animation & Multimedia Design,Female,Single,Daytime,No,Yes,No,Yes,No,18,17-20,153.6,156.0,0,0,0.0,0,0,0.0,,0,0.325
Graduate,Communication Design,Female,Single,Daytime,No,Yes,No,Yes,No,18,17-20,158.3,167.0,6,6,15.166666666666666,6,6,14.166666666666666,1.0,0,0.059
Dropout,Social Service (evening),Female,Single,Evening,No,Yes,Yes,No,No,29,25-29,100.0,133.1,6,4,12.0,6,2,10.5,0.333,1,0.966
Graduate,Nursing,Female,Single,Daytime,No,Yes,No,No,No,18,17-20,134.9,147.0,7,7,13.642857142857142,8,8,14.772727272727272,1.0,0,0.037
Graduate,Journalism & Communication,Female,Single,Daytime,No,Yes,No,Yes,No,19,17-20,142.0,129.0,6,6,12.666666666666666,6,6,12.714285714285714,1.0,0,0.048
Dropout,Animation & Multimedia Design,Female,Single,Daytime,No,Yes,No,Yes,No,19,17-20,127.3,136.0,0,0,0.0,0,0,0.0,,1,0.473
Graduate,Social Service,Female,Single,Daytime,Yes,Yes,No,No,No,18,17-20,116.5,128.0,6,5,10.8,6,6,10.5,1.0,0,0.054
Graduate,Nursing,Female,Single,Daytime,Yes,Yes,No,No,No,19,17-20,138.6,140.0,7,6,14.25,8,8,13.063636363636364,1.0,0,0.03
Dropout,Basic Education,Female,Single,Daytime,No,Yes,No,No,No,20,17-20,133.0,141.0,14,12,12.153846153846152,12,10,12.9,0.833,1,0.125
Enrolled,Social Service,Female,Single,Daytime,No,Yes,No,Yes,No,19,17-20,136.2,133.0,6,1,11.5,6,2,10.5,0.333,0,0.983
Graduate,Tourism,Female,Single,Daytime,Yes,Yes,No,Yes,No,19,17-20,118.0,125.0,6,4,12.25,6,3,12.333333333333334,0.5,0,0.561
Enrolled,Communication Design,Female,Single,Daytime,Yes,Yes,No,No,No,18,17-20,126.8,124.0,6,6,12.0,6,5,11.142857142857142,0.833,0,0.054
Graduate,Nursing,Female,Single,Daytime,Yes,Yes,No,Yes,No,18,17-20,128.5,140.0,8,8,13.40375,8,8,13.40375,1.0,0,0.007
Graduate,Tourism,Female,Single,Daytime,Yes,Yes,No,No,No,19,17-20,129.9,140.0,6,6,11.333333333333334,6,3,12.666666666666666,0.5,0,0.22
Dropout,Journalism & Communication,Male,Single,Daytime,No,Yes,Yes,No,No,20,17-20,125.8,137.0,6,5,12.2,6,6,12.333333333333334,1.0,1,0.344
Enrolled,Animation & Multimedia Design,Male,Single,Daytime,Yes,Yes,No,Yes,No,18,17-20,129.3,144.0,0,0,0.0,0,0,0.0,,0,0.3
Dropout,Nursing,Male,Single,Daytime,No,Yes,No,Yes,No,18,17-20,124.7,138.0,7,0,0.0,8,0,0.0,0.0,1,1.0
Dropout,Agronomy,Male,Single,Daytime,No,No,Yes,No,No,35,30-39,154.9,130.0,6,5,16.166666666666668,6,4,16.0,0.667,1,0.974
Enrolled,Informatics Engineering,Male,Single,Daytime,No,Yes,No,No,No,18,17-20,127.3,142.0,5,3,11.0,5,3,11.0,0.6,0,0.706
Graduate,Animation & Multimedia Design,Male,Single,Daytime,Yes,Yes,No,Yes,No,19,17-20,129.0,136.0,0,0,0.0,0,0,0.0,,0,0.449
Enrolled,Journalism & Communication,Male,Single,Daytime,Yes,Yes,No,Yes,No,19,17-20,98.0,133.1,6,4,12.0,6,6,12.285714285714286,1.0,0,0.193
Enrolled,Management,Male,Single,Daytime,No,Yes,No,Yes,No,20,17-20,122.0,130.0,5,2,10.5,5,4,12.25,0.8,0,0.706
Enrolled,Communication Design,Male,Single,Daytime,No,Yes,No,Yes,No,19,17-20,112.5,117.0,6,3,11.666666666666666,6,4,10.333333333333334,0.667,0,0.947
Dropout,Management,Male,Single,Daytime,No,Yes,No,Yes,No,19,17-20,127.3,136.0,5,3,11.0,5,2,10.0,0.4,1,0.899
Dropout,Oral Hygiene,Male,Single,Daytime,No,Yes,No,No,No,24,21-24,100.5,133.1,7,0,0.0,7,0,0.0,0.0,1,1.0
Dropout,Social Service (evening),Male,Single,Evening,No,No,Yes,Yes,No,29,25-29,122.0,140.0,6,4,12.5,6,0,0.0,0.0,1,1.0
Graduate,Nursing,Male,Single,Daytime,No,Yes,No,No,No,24,21-24,140.0,150.0,7,7,11.294444444444444,8,2,12.6,0.25,0,0.922
Graduate,Tourism,Male,Single,Daytime,No,Yes,No,Yes,No,19,17-20,116.1,121.0,6,5,11.2,6,4,12.5,0.667,0,0.503
Dropout,Animation & Multimedia Design,Male,Married,Daytime,No,Yes,No,Yes,No,37,30-39,130.0,120.0,0,0,0.0,0,0,0.0,,1,0.539
Graduate,Communication Design,Male,Single,Daytime,No,Yes,No,Yes,No,18,17-20,146.2,143.0,6,5,13.2,6,5,11.8,0.833,0,0.385
Enrolled,Informatics Engineering,Male,Single,Daytime,Yes,Yes,No,No,No,20,17-20,180.0,180.0,7,6,14.142857142857142,6,6,14.125,1.0,0,0.055
Dropout,Management,Male,Single,Daytime,No,No,No,Yes,No,18,17-20,127.8,132.0,5,0,0.0,5,0,0.0,0.0,1,1.0
Enrolled,Management,Male,Single,Daytime,No,Yes,No,No,No,22,21-24,130.8,130.0,5,0,0.0,5,3,13.333333333333334,0.6,0,0.862
Enrolled,Management,Male,Single,Daytime,Yes,Yes,No,Yes,No,22,21-24,109.0,133.1,5,3,12.333333333333334,5,3,10.571428571428571,0.6,0,0.726
Dropout,Journalism & Communication,Male,Single,Daytime,No,No,Yes,Yes,No,18,17-20,132.4,131.0,6,0,0.0,6,0,0.0,0.0,1,1.0
Graduate,Nursing,Male,Single,Daytime,No,Yes,No,Yes,No,18,17-20,129.3,149.0,8,7,13.1,8,7,13.1,0.875,0,0.112
Graduate,Communication Design,Male,Single,Daytime,No,Yes,No,Yes,No,19,17-20,125.4,124.0,6,6,13.5,6,6,13.166666666666666,1.0,0,0.055
Enrolled,Informatics Engineering,Male,Single,Daytime,No,Yes,No,No,No,19,17-20,130.2,126.0,5,5,10.2,5,3,12.0,0.6,0,0.381
Dropout,Social Service,Male,Single,Daytime,No,Yes,No,No,No,19,17-20,132.0,140.0,6,5,11.571428571428571,6,3,13.0,0.5,1,0.623
Graduate,Agronomy,Male,Single,Daytime,No,Yes,Yes,Yes,No,21,21-24,170.0,170.0,6,6,15.285714285714286,6,6,15.166666666666666,1.0,0,0.133
Enrolled,Journalism & Communication,Male,Single,Daytime,No,Yes,No,No,No,19,17-20,130.2,133.0,6,5,12.6,10,8,11.0,0.8,0,0.403
Graduate,Oral Hygiene,Male,Single,Daytime,No,Yes,No,No,No,18,17-20,115.5,126.0,7,6,13.433333333333332,7,4,13.6,0.571,0,0.512
Dropout,Management,Male,Single,Daytime,No,Yes,No,Yes,No,19,17-20,127.6,129.0,5,5,11.6,5,3,11.0,0.6,1,0.572
Graduate,Journalism & Communication,Male,Single,Daytime,No,Yes,No,No,No,25,25-29,140.0,140.0,6,6,14.666666666666666,6,6,13.5,1.0,0,0.039
Graduate,Communication Design,Male,Single,Daytime,No,Yes,No,Yes,No,22,21-24,120.2,130.0,6,6,14.666666666666666,6,6,14.666666666666666,1.0,0,0.107
Graduate,Nursing,Male,Single,Daytime,No,Yes,No,No,No,24,21-24,150.0,130.0,8,7,12.742857142857144,8,7,12.742857142857144,0.875,0,0.098
Graduate,Nursing,Male,Single,Daytime,No,Yes,No,Yes,No,19,17-20,100.0,99.0,7,7,11.975,8,7,13.12857142857143,0.875,0,0.109
Enrolled,Informatics Engineering,Male,Single,Daytime,No,Yes,No,No,No,18,17-20,100.0,146.0,5,4,12.25,5,3,11.666666666666666,0.6,0,0.751
Dropout,Animation & Multimedia Design,Male,Single,Daytime,No,No,No,No,No,20,17-20,128.0,129.0,0,0,0.0,0,0,0.0,,1,0.888
Graduate,Nursing,Male,Single,Daytime,Yes,Yes,No,Yes,No,19,17-20,128.0,132.0,8,7,14.935714285714283,8,7,14.935714285714283,0.875,0,0.047
Dropout,Tourism,Male,Single,Daytime,No,Yes,No,Yes,No,19,17-20,107.2,110.0,6,2,10.5,6,4,10.0,0.667,1,0.929
Graduate,Advertising & Marketing,Male,Single,Daytime,No,Yes,No,Yes,No,19,17-20,110.1,116.0,6,5,13.333333333333334,6,5,13.0,0.833,0,0.352
Dropout,Agronomy,Male,Single,Daytime,No,Yes,Yes,No,No,23,21-24,119.0,119.0,6,0,0.0,6,0,0.0,0.0,1,1.0
Dropout,Journalism & Communication,Male,Married,Daytime,No,Yes,No,No,No,47,40+,155.5,120.0,6,5,13.8,6,4,14.0,0.667,1,0.581
Graduate,Communication Design,Male,Single,Daytime,No,Yes,No,No,No,19,17-20,118.4,117.0,6,6,11.833333333333334,6,4,10.75,0.667,0,0.273
Graduate,Animation & Multimedia Design,Male,Single,Daytime,No,Yes,No,Yes,No,19,17-20,141.2,137.0,0,0,0.0,0,0,0.0,,0,0.524
Dropout,Animation & Multimedia Design,Male,Single,Daytime,No,Yes,No,Yes,No,18,17-20,119.1,124.0,0,0,0.0,0,0,0.0,,1,0.64
Dropout,Management,Male,Single,Daytime,No,Yes,No,No,No,28,25-29,111.0,151.0,5,2,10.0,5,0,0.0,0.0,1,0.998
Dropout,Tourism,Male,Single,Daytime,No,Yes,No,Yes,No,20,17-20,138.6,138.6,6,4,11.5,6,3,11.666666666666666,0.5,1,0.807
Enrolled,Tourism,Male,Single,Daytime,Yes,Yes,No,No,No,18,17-20,121.2,118.0,6,3,10.666666666666666,6,4,12.0,0.667,0,0.577
Graduate,Animation & Multimedia Design,Male,Single,Daytime,Yes,Yes,No,Yes,No,21,21-24,150.4,136.0,0,0,0.0,0,0,0.0,,0,0.401
Enrolled,Tourism,Male,Single,Daytime,No,Yes,No,No,No,19,17-20,117.8,123.0,6,4,12.75,6,2,13.0,0.333,0,0.888
Dropout,Tourism,Male,Single,Daytime,No,No,Yes,No,No,24,21-24,102.5,133.1,6,0,0.0,6,0,0.0,0.0,1,1.0
Enrolled,Equinculture,Male,Single,Daytime,No,Yes,No,No,No,24,21-24,110.0,130.0,6,6,11.333333333333334,6,3,11.333333333333334,0.5,0,0.411
Enrolled,Veterinary Nursing,Male,Single,Daytime,No,No,Yes,Yes,No,25,25-29,138.3,133.1,6,0,0.0,6,0,0.0,0.0,0,1.0
Graduate,Tourism,Male,Single,Daytime,No,Yes,No,No,No,28,25-29,122.3,150.0,6,6,13.0,6,5,12.2,0.833,0,0.292
Enrolled,Management (evening),Male,Married,Evening,No,Yes,No,No,No,37,30-39,127.8,130.0,5,4,10.75,5,3,11.333333333333334,0.6,0,0.606
Enrolled,Informatics Engineering,Male,Single,Daytime,No,Yes,No,No,No,19,17-20,100.0,128.0,5,5,12.0,5,2,10.5,0.4,0,0.757
Graduate,Nursing,Male,Single,Daytime,Yes,Yes,No,Yes,No,18,17-20,126.4,133.0,7,7,13.462857142857144,8,8,13.90625,1.0,0,0.019
Dropout,Tourism,Male,Single,Daytime,No,Yes,No,No,No,48,40+,100.0,133.1,6,3,10.0,6,1,10.0,0.167,1,0.977
Graduate,Social Service,Male,Single,Daytime,No,Yes,No,Yes,No,21,21-24,117.1,129.0,6,6,12.333333333333334,6,6,13.666666666666666,1.0,0,0.079
Enrolled,Nursing,Male,Single,Daytime,Yes,Yes,No,No,No,19,17-20,124.7,128.0,7,6,12.528571428571428,7,6,12.416666666666666,0.857,0,0.098
Enrolled,Nursing,Male,Single,Daytime,Yes,Yes,No,No,No,21,21-24,124.1,136.0,8,0,0.0,8,0,0.0,0.0,0,0.981
Dropout,Informatics Engineering,Male,Single,Daytime,No,No,Yes,Yes,No,23,21-24,129.4,130.0,5,0,0.0,5,0,0.0,0.0,1,1.0
Graduate,Equinculture,Male,Single,Daytime,No,Yes,No,Yes,No,18,17-20,138.9,141.0,5,5,13.6,5,4,13.25,0.8,0,0.23
Dropout,Social Service,Male,Single,Daytime,No,Yes,No,No,No,22,21-24,138.6,140.0,6,6,12.333333333333334,6,2,14.0,0.333,1,0.752
Dropout,Animation & Multimedia Design,Male,Single,Daytime,No,Yes,No,Yes,No,25,25-29,133.9,122.0,13,10,11.454545454545457,11,7,12.25,0.636,1,0.57
Dropout,Veterinary Nursing,Male,Single,Daytime,No,Yes,Yes,No,No,27,25-29,140.0,140.0,13,8,13.5,11,5,14.4,0.455,1,0.983
Dropout,Informatics Engineering,Male,Single,Daytime,No,No,No,No,No,49,40+,95.1,133.1,5,0,0.0,5,0,0.0,0.0,1,1.0
Dropout,Management (evening),Male,Single,Evening,No,No,No,No,No,31,30-39,128.2,120.0,5,2,11.0,5,0,0.0,0.0,1,1.0
Dropout,Tourism,Male,Single,Daytime,No,Yes,No,No,No,54,40+,121.5,133.1,6,6,13.714285714285714,6,5,14.333333333333334,0.833,1,0.397
Dropout,Biofuel Production Tech,Male,Single,Daytime,No,No,Yes,Yes,No,25,25-29,120.0,120.0,21,21,12.363636363636363,16,12,12.25,0.75,1,0.509
Enrolled,Agronomy,Male,Single,Daytime,No,Yes,No,No,No,20,17-20,130.0,130.0,7,3,10.666666666666666,6,2,11.5,0.333,0,0.946
Dropout,Communication Design,Male,Single,Daytime,No,Yes,No,No,No,28,25-29,120.0,120.0,6,2,12.0,6,3,12.666666666666666,0.5,1,0.926
Graduate,Social Service (evening),Male,Married,Evening,No,Yes,No,No,No,41,40+,107.0,133.1,7,7,12.857142857142858,6,6,13.166666666666666,1.0,0,0.043
Enrolled,Advertising & Marketing,Male,Single,Daytime,Yes,Yes,No,No,No,19,17-20,116.1,122.0,6,6,13.125,6,6,12.714285714285714,1.0,0,0.036
Dropout,Management,Male,Single,Daytime,No,Yes,No,No,No,22,21-24,114.4,123.0,5,0,0.0,5,2,11.5,0.4,1,0.961
Dropout,Tourism,Male,Single,Daytime,No,Yes,No,No,No,34,30-39,157.7,178.0,6,2,13.5,6,0,0.0,0.0,1,0.999
Dropout,Agronomy,Male,Single,Daytime,No,No,Yes,No,No,28,25-29,150.0,130.0,11,11,15.090909090909092,10,10,15.0,1.0,1,0.502
Enrolled,Basic Education,Male,Single,Daytime,No,Yes,No,Yes,No,42,40+,114.3,110.0,6,5,12.4,6,5,11.8,0.833,0,0.408
Enrolled,Veterinary Nursing,Male,Single,Daytime,No,No,No,No,No,21,21-24,104.6,106.0,6,5,14.0,6,4,14.8,0.667,0,0.888
Dropout,Agronomy,Male,Single,Daytime,No,Yes,No,No,No,50,40+,140.0,140.0,6,2,13.5,6,1,13.0,0.167,1,0.995
Dropout,Management,Male,Single,Daytime,No,Yes,No,Yes,No,19,17-20,109.1,108.0,5,0,0.0,5,0,0.0,0.0,1,0.999
Dropout,Nursing,Male,Single,Daytime,No,Yes,No,No,No,18,17-20,120.6,120.0,7,4,12.65,7,3,10.666666666666666,0.429,1,0.95
Dropout,Management (evening),Male,Married,Evening,No,Yes,No,No,No,59,40+,161.9,100.0,5,0,0.0,5,0,0.0,0.0,1,0.999
Dropout,Management (evening),Male,Married,Evening,No,No,No,Yes,No,33,30-39,140.0,140.0,5,0,0.0,5,0,0.0,0.0,1,1.0
Graduate,Communication Design,Male,Single,Daytime,Yes,Yes,No,Yes,No,23,21-24,178.0,133.1,6,6,13.333333333333334,6,5,12.8,0.833,0,0.072
Dropout,Management (evening),Male,Married,Evening,No,Yes,No,No,No,44,40+,138.3,133.1,5,3,11.333333333333334,5,5,11.142857142857142,1.0,1,0.536
Dropout,Social Service (evening),Male,Married,Evening,No,Yes,No,Yes,No,37,30-39,128.0,140.0,6,0,0.0,6,0,0.0,0.0,1,0.999
Dropout,Animation & Multimedia Design,Male,Married,Daytime,No,Yes,No,No,No,36,30-39,139.0,100.0,0,0,0.0,0,0,0.0,,1,0.441
Dropout,Management (evening),Male,Single,Evening,No,No,No,No,No,22,21-24,113.2,123.0,5,3,11.666666666666666,5,2,10.5,0.4,1,0.978
Graduate,Social Service (evening),Male,Married,Evening,No,Yes,No,No,No,49,40+,139.0,133.1,6,6,12.166666666666666,6,6,14.428571428571429,1.0,0,0.059
Graduate,Journalism & Communication,Male,Single,Daytime,No,Yes,No,Yes,No,23,21-24,110.0,135.0,6,6,13.333333333333334,6,4,12.75,0.667,0,0.417
Enrolled,Communication Design,Male,Single,Daytime,No,Yes,No,Yes,No,19,17-20,136.6,132.0,6,5,11.4,6,3,11.0,0.5,0,0.503
Dropout,Social Service (evening),Male,Married,Evening,No,Yes,No,No,No,47,40+,161.1,120.0,6,6,12.142857142857142,6,0,0.0,0.0,1,0.991
Graduate,Agronomy,Male,Single,Daytime,No,Yes,No,No,No,28,25-29,130.0,130.0,18,17,13.058823529411764,12,12,12.307692307692308,1.0,0,0.014
Enrolled,Agronomy,Male,Single,Daytime,No,Yes,No,No,No,21,21-24,140.0,140.0,6,4,11.75,6,4,10.5,0.667,0,0.491
Dropout,Tourism,Male,Single,Daytime,No,No,Yes,No,No,21,21-24,121.0,133.1,6,5,11.833333333333334,6,5,10.0,0.833,1,0.947
Graduate,Social Service,Male,Single,Daytime,No,Yes,No,No,No,21,21-24,118.6,120.0,11,10,12.4,10,10,11.8,1.0,0,0.103
Enrolled,Communication Design,Male,Single,Daytime,No,Yes,No,No,No,20,17-20,138.3,140.0,6,6,13.428571428571429,6,4,11.5,0.667,0,0.315
Dropout,Management,Male,Married,Daytime,No,No,No,No,No,49,40+,115.8,133.1,5,0,0.0,5,0,0.0,0.0,1,1.0
Graduate,Management (evening),Male,Single,Evening,No,Yes,No,No,No,40,40+,160.0,120.0,5,5,11.0,5,5,13.4,1.0,0,0.14
Graduate,Tourism,Male,Single,Daytime,Yes,Yes,No,No,No,22,21-24,114.5,125.0,6,6,13.625,6,6,14.428571428571429,1.0,0,0.035
Enrolled,Informatics Engineering,Male,Single,Daytime,No,Yes,No,No,No,19,17-20,117.5,136.0,5,4,11.8,5,2,11.5,0.4,0,0.835
Dropout,Management (evening),Male,Single,Evening,No,Yes,No,No,No,31,30-39,121.7,133.1,5,0,0.0,5,0,0.0,0.0,1,0.999
Dropout,Informatics Engineering,Male,Single,Daytime,No,Yes,No,No,No,30,30-39,115.0,120.0,6,2,15.0,6,2,13.5,0.333,1,0.986
Graduate,Social Service,Male,Single,Daytime,No,Yes,No,No,No,19,17-20,125.3,127.0,6,5,10.8,6,5,11.0,0.833,0,0.187
Dropout,Management,Male,Single,Daytime,No,Yes,No,No,No,22,21-24,131.0,131.0,5,3,13.666666666666666,5,3,11.333333333333334,0.6,1,0.635
Graduate,Journalism & Communication,Male,Single,Daytime,No,Yes,No,No,No,19,17-20,126.3,127.0,6,6,12.833333333333334,6,6,13.333333333333334,1.0,0,0.054
Dropout,Animation & Multimedia Design,Male,Single,Daytime,No,No,No,No,No,21,21-24,127.1,132.0,0,0,0.0,0,0,0.0,,1,0.865
Graduate,Advertising & Marketing,Male,Single,Daytime,No,Yes,No,No,No,19,17-20,138.4,137.0,6,6,15.125,6,6,13.428571428571429,1.0,0,0.065
Dropout,Management,Male,Single,Daytime,No,Yes,No,Yes,No,22,21-24,100.0,126.0,5,0,0.0,5,1,10.0,0.2,1,0.991
Graduate,Social Service,Male,Single,Daytime,No,Yes,No,No,No,22,21-24,126.2,136.0,6,5,11.4,6,5,11.0,0.833,0,0.279
Graduate,Social Service,Male,Single,Daytime,No,Yes,No,No,No,19,17-20,118.8,124.0,6,4,12.25,6,6,11.0,1.0,0,0.206
Dropout,Tourism,Male,Single,Daytime,No,No,No,No,No,26,25-29,124.5,137.0,6,0,0.0,6,0,0.0,0.0,1,1.0
Enrolled,Informatics Engineering,Male,Single,Daytime,No,Yes,No,No,No,23,21-24,140.0,140.0,7,3,14.0,6,1,14.0,0.167,0,0.981
Enrolled,Communication Design,Male,Single,Daytime,No,Yes,No,No,No,18,17-20,125.1,131.0,6,6,12.333333333333334,6,5,10.8,0.833,0,0.099
Enrolled,Management,Male,Single,Daytime,Yes,Yes,Yes,No,No,22,21-24,118.8,130.0,5,5,10.666666666666666,5,2,11.0,0.4,0,0.758
Enrolled,Informatics Engineering,Male,Single,Daytime,No,Yes,No,Yes,No,19,17-20,125.2,136.0,5,5,11.833333333333334,5,5,14.714285714285714,1.0,0,0.18
Dropout,Management,Male,Single,Daytime,No,Yes,No,No,No,20,17-20,95.0,133.1,5,0,0.0,5,0,0.0,0.0,1,0.998
Enrolled,Communication Design,Male,Single,Daytime,Yes,Yes,No,Yes,No,22,21-24,107.6,110.0,6,6,11.666666666666666,6,6,12.166666666666666,1.0,0,0.031
Dropout,Equinculture,Male,Single,Daytime,No,No,No,Yes,No,18,17-20,140.0,140.0,5,2,13.0,5,0,0.0,0.0,1,1.0
Dropout,Management (evening),Male,Divorced,Evening,No,Yes,No,No,No,39,30-39,125.4,133.1,2,0,0.0,4,0,0.0,0.0,1,0.986
Dropout,Nursing,Male,Single,Daytime,No,Yes,No,No,No,18,17-20,128.0,141.0,8,0,0.0,8,0,0.0,0.0,1,0.999
Graduate,Informatics Engineering,Male,Single,Daytime,Yes,Yes,No,No,No,18,17-20,129.3,130.0,5,5,13.0,5,5,14.2,1.0,0,0.033
Graduate,Social Service,Male,Single,Daytime,Yes,Yes,No,No,No,19,17-20,152.0,160.0,6,6,13.857142857142858,6,6,14.0,1.0,0,0.025
Graduate,Nursing,Male,Single,Daytime,No,Yes,No,No,No,18,17-20,128.8,140.0,7,6,13.391666666666666,8,8,12.4875,1.0,0,0.049
Dropout,Management,Male,Single,Daytime,Yes,Yes,No,Yes,No,18,17-20,152.8,150.0,5,4,12.75,5,0,0.0,0.0,1,0.977
Graduate,Equinculture,Male,Single,Daytime,No,Yes,No,Yes,No,22,21-24,150.0,150.0,5,4,14.5,5,5,14.6,1.0,0,0.129
Graduate,Social Service,Male,Single,Daytime,No,Yes,No,No,No,19,17-20,112.0,133.1,6,6,12.166666666666666,6,6,12.166666666666666,1.0,0,0.074
Dropout,Equinculture,Male,Single,Daytime,No,Yes,No,Yes,No,18,17-20,135.6,152.0,5,5,15.4,5,5,15.6,1.0,1,0.087
Dropout,Informatics Engineering,Male,Single,Daytime,No,No,Yes,No,No,31,30-39,134.4,133.1,5,2,13.333333333333334,5,2,16.0,0.4,1,0.995
Dropout,Management (evening),Male,Single,Evening,No,Yes,No,No,No,28,25-29,120.5,130.0,5,0,0.0,5,0,0.0,0.0,1,0.998
Dropout,Communication Design,Male,Single,Daytime,No,Yes,No,No,No,19,17-20,141.4,148.0,6,0,0.0,6,0,0.0,0.0,1,0.999
Graduate,Tourism,Male,Single,Daytime,No,Yes,No,No,No,20,17-20,145.2,148.0,6,6,13.714285714285714,6,6,14.714285714285714,1.0,0,0.076
Dropout,Social Service,Male,Divorced,Daytime,No,Yes,No,No,No,50,40+,140.0,130.0,6,4,12.25,6,0,0.0,0.0,1,0.997
Enrolled,Communication Design,Male,Single,Daytime,No,Yes,No,No,No,38,30-39,100.0,160.0,6,5,16.0,6,4,16.5,0.667,0,0.637
Dropout,Management (evening),Male,Married,Evening,No,Yes,No,Yes,No,31,30-39,140.0,130.0,5,1,11.0,5,1,13.0,0.2,1,0.982
Enrolled,Nursing,Male,Single,Daytime,No,Yes,No,Yes,No,27,25-29,126.0,110.0,7,7,14.085714285714284,7,7,14.085714285714284,1.0,0,0.037
Graduate,Social Service,Male,Single,Daytime,No,Yes,No,Yes,No,21,21-24,112.6,122.0,6,6,10.166666666666666,6,6,10.5,1.0,0,0.115
Dropout,Informatics Engineering,Male,Married,Daytime,No,Yes,No,No,No,34,30-39,106.8,110.0,5,1,10.0,5,0,0.0,0.0,1,0.998
Enrolled,Informatics Engineering,Male,Single,Daytime,No,Yes,No,Yes,No,19,17-20,121.6,129.0,5,0,0.0,5,1,10.0,0.2,0,0.982
Dropout,Management (evening),Male,Married,Evening,No,No,No,Yes,No,40,40+,120.0,110.0,5,2,10.5,5,3,10.666666666666666,0.6,1,0.992
Graduate,Animation & Multimedia Design,Male,Single,Daytime,Yes,Yes,No,Yes,No,18,17-20,160.6,170.0,0,0,0.0,0,0,0.0,,0,0.35
Dropout,Communication Design,Male,Married,Daytime,Yes,No,Yes,No,No,46,40+,130.0,110.0,6,0,0.0,6,0,0.0,0.0,1,1.0
Dropout,Social Service (evening),Male,Single,Evening,No,Yes,No,No,No,37,30-39,110.0,110.0,6,0,0.0,5,0,0.0,0.0,1,0.999
Dropout,Agronomy,Male,Single,Daytime,No,Yes,No,Yes,No,31,30-39,110.0,133.1,6,0,0.0,6,0,0.0,0.0,1,1.0
Graduate,Agronomy,Male,Single,Daytime,No,Yes,No,No,No,34,30-39,145.8,133.1,6,5,13.333333333333334,6,5,12.4,0.833,0,0.446
Dropout,Animation & Multimedia Design,Male,Single,Daytime,Yes,Yes,No,Yes,No,18,17-20,130.2,126.0,0,0,0.0,0,0,0.0,,1,0.361
Graduate,Advertising & Marketing,Male,Single,Daytime,Yes,Yes,No,No,No,18,17-20,122.3,137.0,6,6,13.571428571428571,6,6,14.333333333333334,1.0,0,0.027
Graduate,Communication Design,Male,Single,Daytime,Yes,Yes,No,Yes,No,19,17-20,125.4,117.0,6,6,12.833333333333334,6,6,11.166666666666666,1.0,0,0.065
Dropout,Management (evening),Male,Single,Evening,No,Yes,No,No,No,40,40+,130.0,100.0,5,4,10.25,8,5,11.2,0.625,1,0.715
Dropout,Equinculture,Male,Single,Daytime,No,Yes,No,No,No,25,25-29,150.0,120.0,6,0,0.0,6,0,0.0,0.0,1,0.999
Dropout,Informatics Engineering,Male,Single,Daytime,No,Yes,Yes,Yes,No,20,17-20,116.9,126.0,5,4,14.5,6,3,13.333333333333334,0.5,1,0.932
Enrolled,Informatics Engineering,Male,Single,Daytime,No,Yes,No,No,No,20,17-20,114.7,122.0,5,5,15.8,5,5,13.714285714285714,1.0,0,0.129
Dropout,Agronomy,Male,Single,Daytime,No,No,No,Yes,No,43,40+,95.8,111.0,6,0,0.0,6,0,0.0,0.0,1,1.0
Enrolled,Informatics Engineering,Male,Single,Daytime,No,Yes,No,Yes,No,18,17-20,133.1,139.0,5,4,12.5,5,3,14.666666666666666,0.6,0,0.491
Graduate,Agronomy,Male,Single,Daytime,No,Yes,No,No,No,35,30-39,150.0,150.0,18,18,11.666666666666666,13,12,11.5,0.923,0,0.098
Graduate,Management (evening),Male,Single,Evening,No,Yes,No,No,No,23,21-24,118.5,116.0,5,4,13.0,5,5,13.0,1.0,0,0.17
Graduate,Nursing,Male,Single,Daytime,No,Yes,No,No,No,19,17-20,131.1,130.0,7,7,12.12142857142857,9,8,11.50625,0.889,0,0.072
Graduate,Veterinary Nursing,Male,Single,Daytime,Yes,Yes,No,Yes,No,21,21-24,150.3,150.0,11,9,14.22222222222222,9,7,13.75,0.778,0,0.238
Enrolled,Advertising & Marketing,Male,Single,Daytime,No,Yes,No,No,No,19,17-20,120.5,132.0,6,4,12.5,6,4,13.25,0.667,0,0.698
Graduate,Informatics Engineering,Male,Single,Daytime,No,Yes,No,Yes,No,20,17-20,105.6,108.0,5,5,12.166666666666666,5,5,15.285714285714286,1.0,0,0.141
Dropout,Advertising & Marketing,Male,Single,Daytime,Yes,Yes,No,No,No,30,30-39,125.3,133.1,6,0,0.0,6,0,0.0,0.0,1,0.999
Graduate,Tourism,Male,Divorced,Daytime,No,Yes,No,Yes,No,44,40+,131.0,120.0,6,6,12.666666666666666,6,6,11.5,1.0,0,0.146
Graduate,Nursing,Male,Single,Daytime,No,Yes,No,No,No,19,17-20,127.0,146.0,8,7,13.614285714285714,8,7,13.614285714285714,0.875,0,0.087
Graduate,Equinculture,Male,Single,Daytime,No,Yes,No,Yes,No,22,21-24,150.0,150.0,18,12,12.857142857142858,12,10,14.3,0.833,0,0.624
Graduate,Equinculture,Male,Single,Daytime,No,Yes,No,No,No,18,17-20,149.2,160.0,5,4,14.0,5,5,14.2,1.0,0,0.119
Graduate,Advertising & Marketing,Male,Single,Daytime,Yes,Yes,No,Yes,No,21,21-24,121.5,125.0,6,4,14.75,6,5,11.8,0.833,0,0.33
Dropout,Veterinary Nursing,Male,Single,Daytime,No,Yes,No,No,No,18,17-20,137.3,125.0,6,0,0.0,6,0,0.0,0.0,1,0.996
Graduate,Advertising & Marketing,Male,Single,Daytime,No,Yes,No,Yes,No,18,17-20,119.6,122.0,6,6,13.625,6,6,14.285714285714286,1.0,0,0.108
Graduate,Animation & Multimedia Design,Male,Single,Daytime,No,Yes,No,No,No,19,17-20,141.5,138.0,0,0,0.0,0,0,0.0,,0,0.385
Dropout,Agronomy,Male,Single,Daytime,No,Yes,No,Yes,No,21,21-24,150.0,150.0,6,4,11.8,6,4,11.875,0.667,1,0.57
Graduate,Agronomy,Male,Single,Daytime,No,Yes,No,No,No,31,30-39,110.0,140.0,6,6,15.125,6,6,14.6,1.0,0,0.146
Dropout,Tourism,Male,Single,Daytime,No,Yes,No,Yes,No,21,21-24,110.2,113.0,6,4,11.5,6,2,10.5,0.333,1,0.942
Enrolled,Informatics Engineering,Male,Single,Daytime,No,Yes,Yes,No,No,24,21-24,110.3,139.0,5,1,10.0,5,1,11.0,0.2,0,0.996
Dropout,Journalism & Communication,Male,Single,Daytime,No,Yes,No,No,No,27,25-29,120.0,133.1,4,0,0.0,5,0,0.0,0.0,1,0.998
Graduate,Management,Male,Single,Daytime,No,Yes,No,Yes,No,20,17-20,114.2,118.0,5,3,10.333333333333334,5,5,12.8,1.0,0,0.398
Enrolled,Informatics Engineering,Male,Single,Daytime,No,Yes,No,Yes,No,22,21-24,140.0,140.0,5,0,0.0,5,2,11.666666666666666,0.4,0,0.926
Enrolled,Agronomy,Male,Single,Daytime,Yes,Yes,No,No,No,19,17-20,132.8,144.0,6,4,12.0,6,4,12.5,0.667,0,0.254
Graduate,Journalism & Communication,Male,Single,Daytime,No,Yes,No,Yes,No,19,17-20,121.5,125.0,6,6,13.833333333333334,6,6,14.5,1.0,0,0.083
Enrolled,Animation & Multimedia Design,Male,Single,Daytime,No,Yes,Yes,Yes,No,23,21-24,127.2,131.0,17,13,12.153846153846152,17,11,11.909090909090908,0.647,0,0.927
Graduate,Equinculture,Male,Single,Daytime,No,Yes,No,Yes,No,18,17-20,128.2,131.0,6,6,14.0,6,6,13.666666666666666,1.0,0,0.101
Enrolled,Journalism & Communication,Male,Single,Daytime,No,No,No,Yes,No,29,25-29,133.4,140.0,6,6,16.5,6,5,13.8,0.833,0,0.816
Dropout,Equinculture,Male,Single,Daytime,No,Yes,No,Yes,No,29,25-29,120.0,133.1,5,1,18.0,5,3,13.333333333333334,0.6,1,0.91
Enrolled,Agronomy,Male,Single,Daytime,No,Yes,No,No,No,20,17-20,140.0,140.0,6,6,11.285714285714286,6,5,11.77777777777778,0.833,0,0.25
Graduate,Animation & Multimedia Design,Male,Single,Daytime,Yes,Yes,No,Yes,No,19,17-20,136.9,139.0,0,0,0.0,0,0,0.0,,0,0.371
Enrolled,Animation & Multimedia Design,Male,Single,Daytime,No,Yes,No,Yes,No,22,21-24,117.0,125.0,0,0,0.0,0,0,0.0,,0,0.687
Enrolled,Advertising & Marketing,Male,Single,Daytime,No,Yes,No,Yes,No,20,17-20,110.7,117.0,6,5,14.0,6,6,12.0,1.0,0,0.243
Enrolled,Equinculture,Male,Single,Daytime,No,Yes,No,Yes,No,24,21-24,160.0,150.0,5,4,13.75,5,3,12.0,0.6,0,0.654
Dropout,Advertising & Marketing,Male,Single,Daytime,No,No,No,No,No,21,21-24,95.0,95.0,6,4,13.25,6,5,11.0,0.833,1,0.885
Graduate,Management,Male,Single,Daytime,Yes,Yes,No,No,No,25,25-29,148.8,150.0,5,4,14.25,5,4,14.75,0.8,0,0.253
Dropout,Management,Male,Single,Daytime,No,No,No,No,No,32,30-39,110.0,120.0,5,0,0.0,5,0,0.0,0.0,1,1.0
Dropout,Management (evening),Male,Single,Evening,No,No,No,No,No,26,25-29,133.9,136.0,12,8,11.25,8,3,11.333333333333334,0.375,1,0.998
Graduate,Equinculture,Male,Single,Daytime,Yes,Yes,No,Yes,No,18,17-20,125.7,133.0,6,6,13.5,6,6,12.5,1.0,0,0.038
Graduate,Tourism,Male,Single,Daytime,Yes,Yes,No,No,No,19,17-20,116.6,125.0,6,5,12.666666666666666,6,6,12.857142857142858,1.0,0,0.077
Graduate,Communication Design,Male,Single,Daytime,Yes,Yes,No,Yes,No,19,17-20,141.0,127.0,6,6,15.166666666666666,6,6,12.333333333333334,1.0,0,0.047
Dropout,Informatics Engineering,Male,Single,Daytime,No,Yes,No,No,No,27,25-29,130.0,130.0,6,6,13.166666666666666,5,5,15.142857142857142,1.0,1,0.1
Enrolled,Agronomy,Male,Single,Daytime,No,Yes,Yes,No,No,21,21-24,130.0,130.0,12,10,11.8,12,9,11.444444444444445,0.75,0,0.81
Enrolled,Informatics Engineering,Male,Single,Daytime,No,Yes,No,No,No,20,17-20,115.8,127.0,5,4,11.5,5,0,0.0,0.0,0,0.994
Graduate,Communication Design,Male,Single,Daytime,No,Yes,No,Yes,No,21,21-24,140.0,140.0,6,6,14.5,6,6,11.333333333333334,1.0,0,0.065
Enrolled,Journalism & Communication,Male,Single,Daytime,No,Yes,No,Yes,No,22,21-24,126.1,125.0,6,5,13.4,6,3,10.666666666666666,0.5,0,0.833
Graduate,Animation & Multimedia Design,Male,Single,Daytime,No,No,Yes,Yes,No,19,17-20,137.5,135.0,0,0,0.0,0,0,0.0,,0,0.97
Dropout,Management,Male,Single,Daytime,Yes,Yes,No,Yes,No,18,17-20,120.8,132.0,5,4,10.8,5,2,12.5,0.4,1,0.732
Dropout,Social Service,Male,Single,Daytime,No,Yes,No,No,No,28,25-29,136.5,110.0,5,0,0.0,5,0,0.0,0.0,1,0.999
Dropout,Agronomy,Male,Married,Daytime,No,No,Yes,No,No,25,25-29,122.0,130.0,10,6,11.428571428571429,7,4,12.0,0.571,1,0.995
Dropout,Agronomy,Male,Single,Daytime,No,Yes,No,No,No,25,25-29,130.0,130.0,14,8,12.5,13,10,11.6,0.769,1,0.892
Enrolled,Management,Male,Single,Daytime,No,Yes,No,No,No,18,17-20,126.3,135.0,5,2,13.5,5,3,12.333333333333334,0.6,0,0.838
Dropout,Tourism,Male,Single,Daytime,No,Yes,No,No,No,26,25-29,98.0,133.1,6,0,0.0,6,0,0.0,0.0,1,0.999
Graduate,Management,Male,Single,Daytime,Yes,Yes,No,Yes,No,18,17-20,121.0,135.0,5,5,12.75,5,5,11.5,1.0,0,0.118
Enrolled,Journalism & Communication,Male,Single,Daytime,No,Yes,No,Yes,No,22,21-24,124.2,128.0,6,3,11.333333333333334,6,3,12.333333333333334,0.5,0,0.86
Dropout,Agronomy,Male,Single,Daytime,No,Yes,No,No,No,25,25-29,130.0,140.0,6,0,0.0,6,0,0.0,0.0,1,1.0
Enrolled,Journalism & Communication,Male,Single,Daytime,No,Yes,No,Yes,No,19,17-20,136.1,135.0,6,5,11.4,6,5,12.4,0.833,0,0.338
Graduate,Journalism & Communication,Male,Single,Daytime,No,Yes,No,Yes,No,19,17-20,132.8,131.0,6,6,14.428571428571429,6,6,14.571428571428571,1.0,0,0.103
Graduate,Nursing,Male,Single,Daytime,No,Yes,No,No,No,19,17-20,126.3,131.0,7,7,12.492857142857144,8,8,11.7125,1.0,0,0.049
Dropout,Social Service (evening),Male,Divorced,Evening,No,Yes,No,No,No,45,40+,111.5,100.0,8,4,11.5,8,4,11.0,0.5,1,0.907
Graduate,Management (evening),Male,Married,Evening,No,Yes,No,No,No,52,40+,118.2,140.0,5,5,11.2,5,5,12.8,1.0,0,0.14
Dropout,Management,Male,Single,Daytime,No,No,No,Yes,No,20,17-20,115.6,124.0,5,3,12.0,5,3,11.0,0.6,1,0.964
Graduate,Nursing,Male,Single,Daytime,No,Yes,No,Yes,No,19,17-20,117.8,130.0,8,7,15.885714285714286,8,7,15.885714285714286,0.875,0,0.086
Dropout,Nursing,Male,Single,Daytime,No,No,Yes,No,No,21,21-24,127.0,142.0,7,4,12.94,7,4,11.58,0.571,1,0.993
Graduate,Social Service (evening),Male,Married,Evening,No,No,No,No,No,35,30-39,140.0,150.0,6,6,14.0,6,6,14.166666666666666,1.0,0,0.341
Graduate,Animation & Multimedia Design,Male,Married,Daytime,No,Yes,No,Yes,No,36,30-39,106.0,110.0,0,0,0.0,0,0,0.0,,0,0.54
Dropout,Nursing,Male,Divorced,Daytime,No,No,Yes,No,No,47,40+,151.0,110.0,7,0,0.0,8,0,0.0,0.0,1,1.0
Dropout,Management (evening),Male,Single,Evening,No,Yes,No,No,No,22,21-24,106.4,112.0,5,0,0.0,5,0,0.0,0.0,1,0.997
Dropout,Management (evening),Male,Married,Evening,No,Yes,No,Yes,No,41,40+,125.3,100.0,5,4,11.25,5,3,11.0,0.6,1,0.687
Dropout,Informatics Engineering,Male,Single,Daytime,No,Yes,No,No,No,26,25-29,130.0,130.0,5,0,0.0,5,0,0.0,0.0,1,0.996
Dropout,Social Service (evening),Female,Married,Evening,No,No,No,No,No,51,40+,116.0,133.1,6,4,11.25,6,0,0.0,0.0,1,0.999
Enrolled,Management (evening),Female,Married,Evening,No,Yes,No,No,No,43,40+,120.0,150.0,5,3,10.666666666666666,5,4,12.5,0.8,0,0.574
Graduate,Social Service (evening),Female,Married,Evening,No,Yes,No,Yes,No,41,40+,100.0,100.0,6,5,11.8,6,3,10.666666666666666,0.5,0,0.673
Graduate,Management,Male,Single,Daytime,No,Yes,No,Yes,No,23,21-24,118.5,130.0,10,8,11.625,10,10,11.181818181818182,1.0,0,0.077
Dropout,Social Service,Male,Single,Daytime,No,Yes,No,Yes,No,22,21-24,118.9,129.0,6,0,0.0,5,0,0.0,0.0,1,0.999
Dropout,Communication Design,Male,Single,Daytime,Yes,Yes,No,Yes,No,25,25-29,119.3,127.0,6,4,10.25,6,4,11.25,0.667,1,0.612
Graduate,Management (evening),Male,Single,Evening,No,Yes,No,Yes,No,25,25-29,135.8,140.0,15,15,10.8,14,14,11.357142857142858,1.0,0,0.065
Graduate,Animation & Multimedia Design,Male,Single,Daytime,Yes,No,No,Yes,No,22,21-24,130.0,130.0,12,11,12.545454545454543,11,11,12.666666666666666,1.0,0,0.018
Enrolled,Agronomy,Male,Single,Daytime,No,Yes,No,No,Yes,24,21-24,129.8,133.1,7,7,13.571428571428571,6,5,13.4,0.833,0,0.002
Dropout,Veterinary Nursing,Male,Single,Daytime,No,Yes,No,No,No,47,40+,150.0,140.0,6,0,0.0,6,0,0.0,0.0,1,0.999
Dropout,Management (evening),Male,Married,Evening,No,Yes,No,Yes,No,41,40+,111.9,133.1,5,0,0.0,5,0,0.0,0.0,1,0.998
Graduate,Agronomy,Male,Single,Daytime,No,Yes,No,Yes,No,43,40+,150.1,120.0,6,6,14.77777777777778,6,5,12.2,0.833,0,0.427
Dropout,Agronomy,Male,Single,Daytime,No,Yes,No,No,No,29,25-29,130.0,133.1,3,0,0.0,4,0,0.0,0.0,1,0.995
Dropout,Informatics Engineering,Male,Single,Daytime,No,Yes,No,No,No,30,30-39,128.0,120.0,2,0,0.0,2,0,0.0,0.0,1,0.968
Dropout,Management,Male,Single,Daytime,No,No,No,No,No,26,25-29,102.5,133.1,4,0,0.0,5,0,0.0,0.0,1,0.999
Dropout,Management (evening),Male,Single,Evening,No,No,No,No,No,27,25-29,102.5,133.1,5,0,0.0,5,0,0.0,0.0,1,1.0
Graduate,Advertising & Marketing,Male,Married,Daytime,Yes,Yes,No,No,No,36,30-39,110.0,100.0,5,5,11.4,5,5,11.6,1.0,0,0.072
Dropout,Agronomy,Male,Single,Daytime,No,Yes,No,No,No,29,25-29,114.0,133.1,9,6,11.666666666666666,7,6,10.857142857142858,0.857,1,0.497
Dropout,Informatics Engineering,Male,Single,Daytime,No,Yes,No,Yes,No,35,30-39,128.2,120.0,10,7,11.285714285714286,8,5,13.0,0.625,1,0.872
Graduate,Journalism & Communication,Male,Single,Daytime,Yes,Yes,No,No,No,18,17-20,116.5,128.0,6,4,11.5,6,5,12.6,0.833,0,0.21
Graduate,Management (evening),Male,Single,Evening,Yes,Yes,No,No,No,24,21-24,149.3,172.0,5,5,16.0,5,5,16.0,1.0,0,0.042
Dropout,Journalism & Communication,Male,Single,Daytime,Yes,Yes,No,Yes,No,18,17-20,134.1,146.0,6,6,12.5,6,6,12.666666666666666,1.0,1,0.041
Enrolled,Informatics Engineering,Male,Single,Daytime,No,Yes,No,Yes,No,18,17-20,126.6,135.0,5,4,12.0,5,3,13.0,0.6,0,0.42
Enrolled,Veterinary Nursing,Male,Married,Daytime,No,Yes,No,No,No,21,21-24,120.0,160.0,5,0,0.0,5,3,11.666666666666666,0.6,0,0.749
Graduate,Informatics Engineering,Male,Single,Daytime,No,Yes,No,Yes,No,21,21-24,133.5,150.0,5,5,13.0,5,5,12.6,1.0,0,0.175
Graduate,Agronomy,Male,Single,Daytime,No,Yes,No,No,No,32,30-39,110.0,130.0,18,13,13.714285714285714,12,12,12.083333333333334,1.0,0,0.147
Dropout,Informatics Engineering,Male,Single,Daytime,Yes,Yes,No,Yes,No,22,21-24,107.5,111.0,5,3,12.333333333333334,6,3,12.5,0.5,1,0.801
Dropout,Agronomy,Male,Single,Daytime,No,No,No,Yes,No,32,30-39,130.0,130.0,17,11,12.727272727272728,12,10,12.7,0.833,1,0.956
Dropout,Advertising & Marketing,Male,Single,Daytime,No,Yes,No,No,No,35,30-39,111.6,170.0,5,1,14.0,5,0,0.0,0.0,1,0.999
Dropout,Management,Male,Single,Daytime,No,No,No,Yes,No,23,21-24,101.0,133.1,5,0,0.0,5,0,0.0,0.0,1,1.0
Enrolled,Social Service (evening),Male,Single,Evening,No,Yes,No,No,No,39,30-39,108.3,100.0,6,5,11.4,6,3,11.0,0.5,0,0.67
Dropout,Advertising & Marketing,Male,Married,Daytime,No,Yes,No,No,No,35,30-39,128.2,120.0,5,0,0.0,5,1,10.0,0.2,1,0.982
Graduate,Agronomy,Male,Married,Daytime,No,Yes,No,No,No,32,30-39,150.0,110.0,6,6,18.875,12,12,17.692307692307693,1.0,0,0.036
Dropout,Basic Education,Male,Single,Daytime,No,Yes,No,No,No,20,17-20,142.8,133.1,6,0,0.0,6,0,0.0,0.0,1,0.999
Enrolled,Nursing,Male,Single,Daytime,No,Yes,No,No,No,34,30-39,100.0,120.0,7,6,11.333333333333334,7,4,12.6,0.571,0,0.746
Dropout,Management (evening),Male,Single,Evening,No,Yes,No,Yes,No,44,40+,150.0,150.0,7,7,13.5,5,5,16.2,1.0,1,0.081
Graduate,Tourism,Male,Married,Daytime,No,Yes,No,No,No,53,40+,156.5,133.1,11,2,15.0,9,3,10.0,0.333,0,0.997
Dropout,Informatics Engineering,Male,Single,Daytime,No,No,Yes,No,No,28,25-29,98.6,120.0,5,0,0.0,5,0,0.0,0.0,1,1.0
Dropout,Management (evening),Male,Single,Evening,No,Yes,No,No,No,31,30-39,130.0,130.0,9,9,14.22222222222222,5,5,12.8,1.0,1,0.327
Enrolled,Animation & Multimedia Design,Male,Single,Daytime,No,No,Yes,No,No,18,17-20,118.1,130.0,0,0,0.0,0,0,0.0,,0,0.951
Dropout,Agronomy,Male,Single,Daytime,No,No,Yes,No,No,44,40+,120.0,100.0,7,4,12.0,6,0,0.0,0.0,1,1.0
Graduate,Veterinary Nursing,Male,Single,Daytime,No,Yes,No,Yes,No,19,17-20,127.7,142.0,5,5,12.6,5,4,12.0,0.8,0,0.255
Enrolled,Animation & Multimedia Design,Male,Single,Daytime,No,Yes,No,No,Yes,21,21-24,130.0,130.0,12,12,15.083333333333334,11,11,13.083333333333334,1.0,0,0.001
Dropout,Informatics Engineering,Male,Single,Daytime,Yes,Yes,No,No,No,18,17-20,147.7,148.0,5,0,0.0,5,0,0.0,0.0,1,0.992
Graduate,Agronomy,Male,Single,Daytime,No,Yes,No,Yes,No,20,17-20,170.0,170.0,6,6,14.5,6,6,15.3,1.0,0,0.055
Graduate,Communication Design,Male,Single,Daytime,No,Yes,No,No,No,55,40+,110.2,110.0,6,6,14.5,6,6,13.5,1.0,0,0.167
Enrolled,Management,Male,Single,Daytime,No,Yes,No,No,No,27,25-29,146.4,166.0,5,3,10.0,5,1,13.0,0.2,0,0.906
Dropout,Informatics Engineering,Male,Single,Daytime,No,Yes,No,No,No,19,17-20,121.0,135.0,5,0,0.0,5,0,0.0,0.0,1,0.997
Graduate,Management,Male,Single,Daytime,No,Yes,No,No,No,18,17-20,129.9,133.0,5,5,11.6,5,5,13.2,1.0,0,0.074
Dropout,Journalism & Communication,Male,Married,Daytime,No,Yes,No,No,No,43,40+,132.0,133.1,6,4,11.75,6,0,0.0,0.0,1,0.998
Dropout,Tourism,Male,Single,Daytime,No,Yes,No,Yes,No,18,17-20,125.9,121.0,6,0,0.0,6,0,0.0,0.0,1,0.999
Dropout,Animation & Multimedia Design,Male,Single,Daytime,No,Yes,No,Yes,No,18,17-20,165.7,159.0,0,0,0.0,0,0,0.0,,1,0.484
Dropout,Tourism,Male,Single,Daytime,Yes,Yes,Yes,Yes,No,20,17-20,122.7,130.0,6,0,0.0,6,0,0.0,0.0,1,1.0
Dropout,Management (evening),Male,Married,Evening,No,No,Yes,No,No,29,25-29,141.4,121.0,5,4,11.25,5,4,11.8,0.8,1,0.966
Dropout,Equinculture,Male,Single,Daytime,No,Yes,Yes,Yes,No,44,40+,156.4,133.1,6,5,11.571428571428571,6,0,0.0,0.0,1,0.999
Enrolled,Informatics Engineering,Male,Single,Daytime,No,Yes,No,Yes,No,18,17-20,148.5,146.0,5,4,10.0,5,1,16.0,0.2,0,0.808
Enrolled,Agronomy,Male,Single,Daytime,Yes,Yes,No,No,No,20,17-20,140.0,140.0,6,5,13.833333333333334,6,6,12.3,1.0,0,0.041
Dropout,Communication Design,Male,Single,Daytime,No,Yes,No,Yes,No,20,17-20,131.7,125.0,6,4,12.75,9,3,12.666666666666666,0.333,1,0.989
Dropout,Management,Male,Married,Daytime,No,Yes,No,Yes,No,36,30-39,104.7,120.0,4,0,0.0,5,0,0.0,0.0,1,0.999
Enrolled,Equinculture,Male,Single,Daytime,No,Yes,No,Yes,No,19,17-20,150.0,150.0,6,5,11.6,6,2,11.0,0.333,0,0.894
Dropout,Veterinary Nursing,Male,Married,Daytime,No,No,No,No,No,29,25-29,110.0,110.0,5,0,0.0,5,0,0.0,0.0,1,0.999
Dropout,Advertising & Marketing,Male,Single,Daytime,No,Yes,No,Yes,No,18,17-20,129.1,120.0,6,4,11.25,6,3,10.333333333333334,0.5,1,0.845
Dropout,Agronomy,Male,Single,Daytime,No,No,No,No,No,24,21-24,120.0,133.1,6,0,0.0,6,0,0.0,0.0,1,1.0
Graduate,Journalism & Communication,Male,Single,Daytime,No,Yes,No,No,No,20,17-20,127.0,133.1,6,6,14.333333333333334,6,6,15.0,1.0,0,0.053
Dropout,Social Service (evening),Male,Married,Evening,No,No,Yes,No,No,45,40+,151.5,133.1,6,0,0.0,5,0,0.0,0.0,1,1.0
Graduate,Nursing,Male,Single,Daytime,Yes,Yes,No,Yes,No,28,25-29,126.8,130.0,23,20,13.5,23,20,13.5,0.87,0,0.016
Enrolled,Tourism,Male,Single,Daytime,No,Yes,No,Yes,No,23,21-24,140.8,160.0,6,6,12.666666666666666,6,5,12.2,0.833,0,0.145
Graduate,Nursing,Male,Single,Daytime,No,Yes,No,Yes,No,18,17-20,125.6,128.0,7,7,12.444285714285714,8,7,11.347142857142858,0.875,0,0.105
Dropout,Management,Male,Single,Daytime,No,Yes,No,Yes,No,23,21-24,127.8,140.0,5,3,10.666666666666666,5,3,11.333333333333334,0.6,1,0.688
Enrolled,Animation & Multimedia Design,Male,Single,Daytime,No,Yes,No,Yes,No,22,21-24,120.0,120.0,0,0,0.0,0,0,0.0,,0,0.582
Graduate,Communication Design,Male,Single,Daytime,Yes,Yes,No,No,No,22,21-24,131.3,140.0,6,6,12.666666666666666,6,5,12.4,0.833,0,0.102
Graduate,Management (evening),Male,Single,Evening,No,Yes,No,No,No,33,30-39,155.7,120.0,5,5,13.2,5,5,14.833333333333334,1.0,0,0.098
Graduate,Agronomy,Male,Single,Daytime,No,Yes,No,No,No,21,21-24,128.5,130.0,12,10,12.7,12,11,12.181818181818182,0.917,0,0.059
Graduate,Management,Male,Married,Daytime,No,Yes,No,No,No,45,40+,170.0,100.0,5,5,14.833333333333334,5,5,14.8,1.0,0,0.133
Dropout,Agronomy,Male,Married,Daytime,No,No,No,No,No,44,40+,100.0,133.1,10,4,11.5,7,1,12.0,0.143,1,1.0
Dropout,Advertising & Marketing,Male,Divorced,Daytime,No,Yes,No,No,No,42,40+,107.2,110.0,6,0,0.0,6,0,0.0,0.0,1,0.998
Dropout,Management,Male,Single,Daytime,No,Yes,No,Yes,No,20,17-20,139.3,147.0,5,0,0.0,5,0,0.0,0.0,1,0.998
Enrolled,Management,Male,Single,Daytime,No,Yes,No,Yes,No,20,17-20,123.2,133.0,5,3,12.666666666666666,5,2,12.5,0.4,0,0.862
Graduate,Tourism,Male,Single,Daytime,Yes,Yes,No,Yes,No,20,17-20,122.3,137.0,6,6,14.714285714285714,6,6,12.5,1.0,0,0.04
Enrolled,Journalism & Communication,Male,Single,Daytime,No,Yes,No,Yes,No,20,17-20,127.9,124.0,6,3,13.666666666666666,6,4,10.25,0.667,0,0.868
Enrolled,Management,Male,Single,Daytime,No,Yes,No,No,No,19,17-20,120.3,128.0,5,5,10.8,5,2,13.5,0.4,0,0.59
Dropout,Social Service (evening),Male,Single,Evening,No,No,Yes,No,No,26,25-29,128.5,120.0,8,4,10.5,10,7,10.428571428571429,0.7,1,0.997
Graduate,Agronomy,Male,Married,Daytime,No,Yes,No,No,No,31,30-39,150.0,133.1,6,6,15.0,6,5,12.5,0.833,0,0.234
Graduate,Journalism & Communication,Male,Single,Daytime,Yes,Yes,Yes,No,No,19,17-20,136.1,142.0,6,6,12.666666666666666,6,6,14.0,1.0,0,0.091
Graduate,Journalism & Communication,Male,Single,Daytime,No,Yes,No,Yes,No,28,25-29,128.0,100.0,6,6,13.166666666666666,6,6,13.666666666666666,1.0,0,0.06
Graduate,Animation & Multimedia Design,Male,Single,Daytime,Yes,Yes,No,Yes,No,20,17-20,158.1,149.0,0,0,0.0,0,0,0.0,,0,0.317
Graduate,Social Service (evening),Female,Married,Evening,No,Yes,No,Yes,No,43,40+,108.7,110.0,6,6,13.0,6,6,12.5,1.0,0,0.071
Dropout,Animation & Multimedia Design,Male,Single,Daytime,Yes,Yes,No,No,Yes,25,25-29,110.0,133.1,0,0,0.0,0,0,0.0,,1,0.715
Dropout,Social Service,Female,Single,Daytime,No,Yes,Yes,No,No,40,40+,120.0,133.1,6,2,10.0,6,1,15.0,0.167,1,0.996
Graduate,Veterinary Nursing,Female,Single,Daytime,No,Yes,No,No,Yes,20,17-20,150.0,150.0,6,6,13.333333333333334,6,5,13.375,0.833,0,0.009
Graduate,Social Service (evening),Female,Married,Evening,No,Yes,No,No,No,46,40+,113.0,133.1,6,3,12.333333333333334,6,6,13.333333333333334,1.0,0,0.254
Graduate,Biofuel Production Tech,Female,Single,Daytime,No,Yes,No,No,No,26,25-29,118.6,121.0,21,20,13.181818181818182,14,14,11.642857142857142,1.0,0,0.001
Graduate,Nursing,Female,Married,Daytime,Yes,Yes,No,No,No,34,30-39,148.8,133.1,7,6,12.513333333333334,8,7,13.071428571428571,0.875,0,0.059
Dropout,Basic Education,Female,Single,Daytime,No,Yes,No,Yes,No,19,17-20,120.3,122.0,6,0,0.0,6,0,0.0,0.0,1,0.999
Graduate,Nursing,Female,Single,Daytime,Yes,Yes,No,Yes,No,18,17-20,127.0,143.0,8,7,13.585714285714284,8,7,13.585714285714284,0.875,0,0.038
Graduate,Oral Hygiene,Female,Single,Daytime,No,Yes,No,Yes,No,18,17-20,113.8,123.0,7,7,11.155555555555557,8,8,11.425,1.0,0,0.028
Graduate,Social Service (evening),Male,Single,Evening,Yes,Yes,No,No,No,37,30-39,108.0,120.0,7,6,11.857142857142858,6,5,12.0,0.833,0,0.202
Graduate,Animation & Multimedia Design,Male,Single,Daytime,Yes,Yes,No,No,No,23,21-24,129.1,114.0,0,0,0.0,0,0,0.0,,0,0.236
Graduate,Communication Design,Male,Single,Daytime,No,Yes,No,No,No,26,25-29,135.9,114.0,14,14,14.0,13,13,13.615384615384617,1.0,0,0.013
Dropout,Journalism & Communication,Female,Single,Daytime,No,No,No,Yes,Yes,18,17-20,154.4,154.4,6,5,12.0,6,0,0.0,0.0,1,0.992
Enrolled,Nursing,Female,Single,Daytime,No,Yes,No,Yes,Yes,18,17-20,190.0,190.0,7,4,11.575,7,5,12.419999999999998,0.714,0,0.8
Graduate,Nursing,Female,Single,Daytime,No,Yes,No,Yes,No,19,17-20,132.5,136.0,7,7,13.198571428571428,8,8,13.0625,1.0,0,0.034
Graduate,Veterinary Nursing,Female,Single,Daytime,No,Yes,No,No,Yes,18,17-20,163.3,163.3,6,6,13.5,6,6,12.0,1.0,0,0.01
Dropout,Advertising & Marketing,Female,Single,Daytime,No,Yes,No,Yes,No,19,17-20,122.5,126.0,6,6,13.333333333333334,6,5,12.8,0.833,1,0.133
Enrolled,Informatics Engineering,Male,Single,Daytime,No,Yes,No,Yes,Yes,20,17-20,121.0,122.0,5,4,14.25,5,1,10.0,0.2,0,0.869
Graduate,Communication Design,Female,Single,Daytime,Yes,Yes,No,No,No,22,21-24,131.8,137.0,6,6,12.166666666666666,6,4,12.0,0.667,0,0.108
Graduate,Nursing,Female,Single,Daytime,Yes,Yes,No,Yes,No,18,17-20,135.0,139.0,8,7,12.214285714285714,8,7,12.214285714285714,0.875,0,0.04
Graduate,Tourism,Female,Single,Daytime,Yes,Yes,No,No,No,18,17-20,141.7,142.0,6,6,12.666666666666666,6,6,13.0,1.0,0,0.019
Graduate,Journalism & Communication,Female,Single,Daytime,Yes,Yes,No,Yes,No,18,17-20,131.3,133.1,6,6,12.285714285714286,6,6,13.5,1.0,0,0.023
Graduate,Tourism,Female,Single,Daytime,Yes,Yes,No,Yes,No,18,17-20,123.9,126.0,6,6,13.0,6,6,13.0,1.0,0,0.033
Graduate,Tourism,Female,Single,Daytime,No,Yes,No,Yes,No,18,17-20,126.1,131.0,6,6,12.142857142857142,6,6,11.166666666666666,1.0,0,0.064
Graduate,Nursing,Female,Single,Daytime,Yes,Yes,No,Yes,No,19,17-20,126.5,131.0,7,7,13.875714285714285,8,7,13.085714285714284,0.875,0,0.038
Dropout,Basic Education,Female,Single,Daytime,No,Yes,No,No,No,20,17-20,107.3,108.0,6,0,0.0,6,0,0.0,0.0,1,0.999
Dropout,Social Service,Female,Single,Daytime,Yes,Yes,No,Yes,No,19,17-20,95.0,133.1,6,6,11.666666666666666,6,0,0.0,0.0,1,0.974
Graduate,Veterinary Nursing,Female,Single,Daytime,No,Yes,No,Yes,No,18,17-20,116.1,122.0,6,6,13.153846153846152,6,3,11.0,0.5,0,0.608
Dropout,Communication Design,Female,Single,Daytime,Yes,Yes,No,Yes,No,18,17-20,134.6,143.0,6,6,14.5,6,6,12.833333333333334,1.0,1,0.036
Graduate,Nursing,Female,Single,Daytime,Yes,Yes,No,Yes,No,18,17-20,128.0,135.0,7,7,14.44142857142857,8,8,13.65625,1.0,0,0.016
Graduate,Journalism & Communication,Female,Single,Daytime,No,Yes,No,Yes,No,18,17-20,144.2,148.0,6,6,15.166666666666666,6,6,14.285714285714286,1.0,0,0.058
Graduate,Management,Female,Single,Daytime,Yes,Yes,No,No,No,18,17-20,129.5,134.0,5,5,11.6,5,4,12.625,0.8,0,0.073
Graduate,Journalism & Communication,Female,Single,Daytime,No,Yes,Yes,Yes,No,18,17-20,116.8,122.0,6,6,11.666666666666666,6,6,12.333333333333334,1.0,0,0.242
Graduate,Agronomy,Female,Single,Daytime,Yes,Yes,No,No,No,20,17-20,160.0,160.0,6,6,12.625,6,6,13.2,1.0,0,0.013
Graduate,Social Service,Female,Single,Daytime,Yes,Yes,No,Yes,No,19,17-20,127.1,126.0,6,3,12.666666666666666,6,6,11.0,1.0,0,0.186
Enrolled,Equinculture,Female,Single,Daytime,Yes,Yes,No,Yes,No,18,17-20,126.3,138.0,6,6,12.833333333333334,6,6,13.0,1.0,0,0.02
Graduate,Social Service,Female,Single,Daytime,Yes,Yes,No,Yes,No,19,17-20,112.9,115.0,6,6,11.857142857142858,6,6,13.142857142857142,1.0,0,0.026
Enrolled,Basic Education,Female,Single,Daytime,No,Yes,No,Yes,No,19,17-20,130.2,141.0,6,5,11.4,6,4,10.75,0.667,0,0.428
Enrolled,Equinculture,Female,Single,Daytime,No,Yes,No,No,Yes,19,17-20,100.0,100.0,5,5,14.857142857142858,5,5,15.142857142857142,1.0,0,0.014
Graduate,Advertising & Marketing,Female,Single,Daytime,No,Yes,No,No,No,19,17-20,121.6,130.0,6,6,14.714285714285714,6,6,15.833333333333334,1.0,0,0.035
Graduate,Advertising & Marketing,Female,Single,Daytime,No,Yes,Yes,No,Yes,20,17-20,130.0,130.0,6,6,13.5,6,5,13.0,0.833,0,0.12
Graduate,Equinculture,Female,Single,Daytime,Yes,Yes,No,Yes,No,18,17-20,121.7,135.0,5,4,11.5,5,5,12.4,1.0,0,0.094
Dropout,Management,Female,Single,Daytime,No,Yes,No,No,No,33,30-39,120.0,120.0,5,2,14.0,5,0,0.0,0.0,1,0.998
Dropout,Basic Education,Female,Single,Daytime,Yes,Yes,No,No,No,19,17-20,143.5,148.0,7,6,12.833333333333334,6,0,0.0,0.0,1,0.969
Graduate,Oral Hygiene,Female,Single,Daytime,Yes,Yes,No,No,No,18,17-20,128.3,136.0,7,7,13.428571428571429,8,8,14.75,1.0,0,0.008
Dropout,Communication Design,Female,Single,Daytime,No,Yes,No,No,No,19,17-20,111.9,108.0,6,0,0.0,6,0,0.0,0.0,1,0.998
Enrolled,Agronomy,Female,Single,Daytime,No,Yes,No,No,No,19,17-20,140.0,140.0,6,3,11.666666666666666,6,4,11.5,0.667,0,0.563
Graduate,Journalism & Communication,Female,Single,Daytime,No,Yes,No,Yes,No,18,17-20,137.6,153.0,6,6,16.0,6,6,14.333333333333334,1.0,0,0.081
Graduate,Social Service,Female,Single,Daytime,No,Yes,No,Yes,No,20,17-20,135.0,135.0,6,6,13.833333333333334,6,6,11.833333333333334,1.0,0,0.062
Graduate,Nursing,Female,Single,Daytime,No,Yes,No,Yes,No,19,17-20,133.8,146.0,8,8,13.2325,8,8,13.2325,1.0,0,0.009
Graduate,Journalism & Communication,Male,Single,Daytime,Yes,Yes,No,Yes,No,18,17-20,126.9,130.0,6,6,14.0,6,6,14.166666666666666,1.0,0,0.031
Dropout,Tourism,Male,Single,Daytime,Yes,Yes,Yes,Yes,No,19,17-20,106.7,113.0,6,2,10.0,6,0,0.0,0.0,1,1.0
Graduate,Social Service (evening),Female,Single,Evening,No,Yes,No,Yes,Yes,25,25-29,145.7,145.7,16,15,13.333333333333334,13,11,12.272727272727272,0.846,0,0.014
Enrolled,Communication Design,Female,Single,Daytime,Yes,Yes,No,Yes,No,20,17-20,153.1,145.0,6,6,12.5,6,6,14.333333333333334,1.0,0,0.023
Graduate,Social Service (evening),Female,Single,Evening,No,Yes,No,No,No,19,17-20,118.7,126.0,6,6,12.5,6,6,11.5,1.0,0,0.029
Dropout,Management (evening),Male,Single,Evening,No,Yes,Yes,Yes,No,33,30-39,161.8,160.0,5,2,10.5,5,0,0.0,0.0,1,0.999
Enrolled,Informatics Engineering,Male,Single,Daytime,No,Yes,Yes,Yes,No,18,17-20,124.9,134.0,5,3,10.666666666666666,5,3,11.333333333333334,0.6,0,0.78
Enrolled,Informatics Engineering,Male,Single,Daytime,No,Yes,No,Yes,No,18,17-20,150.8,163.0,5,4,10.5,5,2,10.5,0.4,0,0.62
Graduate,Management,Female,Single,Daytime,No,Yes,No,No,Yes,19,17-20,130.0,130.0,5,4,12.0,5,5,11.4,1.0,0,0.033
Enrolled,Animation & Multimedia Design,Female,Single,Daytime,No,Yes,No,Yes,No,18,17-20,163.6,165.0,0,0,0.0,0,0,0.0,,0,0.487
Enrolled,Management,Female,Single,Daytime,No,Yes,No,No,No,19,17-20,115.0,142.0,5,5,11.5,5,2,10.666666666666666,0.4,0,0.555
Dropout,Journalism & Communication,Female,Single,Daytime,No,Yes,No,Yes,No,18,17-20,136.8,156.0,6,6,14.0,6,6,13.5,1.0,1,0.07
Graduate,Basic Education,Female,Single,Daytime,No,Yes,No,Yes,No,18,17-20,130.9,141.0,6,6,13.5,6,5,12.6,0.833,0,0.132
Graduate,Nursing,Female,Single,Daytime,No,Yes,No,Yes,No,18,17-20,127.0,143.0,8,8,13.07375,8,8,13.07375,1.0,0,0.012
Dropout,Nursing,Female,Married,Daytime,No,Yes,No,No,No,37,30-39,120.0,133.1,7,2,10.75,7,0,0.0,0.0,1,0.999
Enrolled,Social Service,Female,Single,Daytime,No,Yes,No,No,No,20,17-20,126.0,133.0,6,1,12.0,5,0,0.0,0.0,0,0.998
Graduate,Tourism,Female,Single,Daytime,Yes,Yes,No,Yes,Yes,20,17-20,153.8,172.0,6,6,14.0,6,6,13.333333333333334,1.0,0,0.009
Graduate,Social Service,Male,Single,Daytime,No,Yes,No,No,Yes,21,21-24,140.0,140.0,6,6,12.333333333333334,6,6,13.428571428571429,1.0,0,0.01
Graduate,Nursing,Female,Single,Daytime,Yes,Yes,No,No,No,18,17-20,136.6,142.0,7,7,13.464285714285714,8,8,14.788888888888888,1.0,0,0.01
Enrolled,Social Service (evening),Female,Single,Evening,No,Yes,No,No,No,26,25-29,105.0,140.0,6,3,10.666666666666666,6,5,11.2,0.833,0,0.48
Enrolled,Management,Female,Single,Daytime,No,Yes,Yes,No,No,41,40+,139.4,133.1,5,5,11.6,5,5,12.2,1.0,0,0.227
Graduate,Journalism & Communication,Female,Single,Daytime,Yes,Yes,No,Yes,No,18,17-20,140.0,148.0,6,6,13.666666666666666,6,6,14.666666666666666,1.0,0,0.038
Graduate,Nursing,Female,Single,Daytime,No,Yes,Yes,No,No,18,17-20,130.8,137.0,8,8,14.4025,8,8,14.4025,1.0,0,0.016
Graduate,Nursing,Female,Single,Daytime,No,Yes,No,Yes,No,31,30-39,138.8,143.0,7,7,15.46875,8,8,16.3875,1.0,0,0.025
Graduate,Social Service,Female,Single,Daytime,No,Yes,Yes,No,No,23,21-24,110.0,133.1,6,6,12.625,6,6,14.166666666666666,1.0,0,0.118
Graduate,Nursing,Female,Single,Daytime,No,Yes,No,Yes,No,19,17-20,127.8,138.0,7,6,14.983333333333334,7,6,14.983333333333334,0.857,0,0.098
Graduate,Journalism & Communication,Female,Single,Daytime,Yes,Yes,No,Yes,No,20,17-20,134.2,138.0,6,6,15.0,6,6,13.0,1.0,0,0.039
Graduate,Social Service (evening),Female,Married,Evening,No,Yes,No,No,No,40,40+,143.0,150.0,9,9,15.88888888888889,7,7,14.142857142857142,1.0,0,0.054
Dropout,Veterinary Nursing,Female,Single,Daytime,No,Yes,Yes,Yes,No,32,30-39,120.0,120.0,6,4,11.5,6,3,11.0,0.5,1,0.936
Dropout,Tourism,Female,Single,Daytime,No,Yes,No,Yes,No,24,21-24,113.2,110.0,6,2,10.5,6,1,10.0,0.167,1,0.989
Graduate,Nursing,Female,Single,Daytime,No,Yes,No,Yes,No,18,17-20,135.8,146.0,7,6,13.983333333333334,7,6,13.983333333333334,0.857,0,0.091
Graduate,Social Service,Female,Single,Daytime,No,Yes,No,No,No,18,17-20,143.5,148.0,6,6,13.0,6,6,12.833333333333334,1.0,0,0.031
Graduate,Social Service,Female,Single,Daytime,Yes,Yes,No,Yes,No,18,17-20,148.9,145.0,6,6,13.666666666666666,6,6,13.0,1.0,0,0.022
Dropout,Agronomy,Female,Single,Daytime,No,No,No,Yes,No,27,25-29,115.6,133.1,6,0,0.0,6,0,0.0,0.0,1,1.0
Graduate,Management,Female,Single,Daytime,No,Yes,No,No,No,18,17-20,159.3,160.0,5,5,14.4,5,5,15.4,1.0,0,0.031
Enrolled,Management (evening),Female,Single,Evening,No,Yes,No,No,No,26,25-29,138.5,150.0,5,4,12.0,5,4,11.25,0.8,0,0.362
Graduate,Basic Education,Female,Single,Daytime,No,Yes,No,Yes,No,19,17-20,133.2,130.0,6,6,14.166666666666666,6,6,13.666666666666666,1.0,0,0.044
Graduate,Social Service (evening),Female,Single,Evening,No,Yes,No,Yes,No,19,17-20,117.6,120.0,6,5,12.2,6,6,12.0,1.0,0,0.069
Enrolled,Management,Female,Single,Daytime,No,Yes,No,Yes,No,21,21-24,108.7,115.0,5,3,12.0,5,3,12.666666666666666,0.6,0,0.561
Enrolled,Management,Female,Single,Daytime,No,Yes,No,Yes,No,24,21-24,106.0,133.1,5,2,10.5,5,1,11.0,0.2,0,0.974
Dropout,Basic Education,Female,Single,Daytime,No,Yes,No,No,No,20,17-20,122.6,120.0,6,3,12.333333333333334,6,2,10.5,0.333,1,0.926
Enrolled,Basic Education,Female,Single,Daytime,No,Yes,No,Yes,No,18,17-20,127.4,134.0,6,5,12.2,6,5,12.2,0.833,0,0.277
Dropout,Agronomy,Female,Single,Daytime,No,Yes,No,No,No,30,30-39,100.0,133.1,6,0,0.0,6,0,0.0,0.0,1,0.999
Enrolled,Basic Education,Female,Single,Daytime,No,No,Yes,Yes,No,22,21-24,95.0,133.1,7,6,11.5,7,6,13.166666666666666,0.857,0,0.851
Graduate,Management,Female,Single,Daytime,No,Yes,No,No,No,21,21-24,130.0,130.0,9,9,10.88888888888889,10,10,11.615384615384617,1.0,0,0.022
Dropout,Oral Hygiene,Female,Single,Daytime,No,Yes,No,No,No,26,25-29,122.8,120.0,7,6,12.166666666666666,8,8,11.675,1.0,1,0.071
Enrolled,Management,Female,Single,Daytime,No,Yes,No,Yes,No,23,21-24,115.0,115.0,5,2,10.0,5,1,12.0,0.2,0,0.937
Graduate,Communication Design,Female,Single,Daytime,Yes,Yes,No,No,No,18,17-20,145.9,135.0,6,6,12.666666666666666,6,6,12.166666666666666,1.0,0,0.022
Dropout,Communication Design,Female,Single,Daytime,No,Yes,Yes,Yes,No,21,21-24,143.0,133.1,6,5,11.4,6,5,12.2,0.833,1,0.39
Dropout,Animation & Multimedia Design,Female,Single,Daytime,Yes,Yes,No,No,No,18,17-20,100.0,145.0,0,0,0.0,0,0,0.0,,1,0.286
Enrolled,Veterinary Nursing,Female,Single,Daytime,No,Yes,No,Yes,No,21,21-24,121.3,130.0,5,2,13.0,5,4,12.0,0.8,0,0.466
Enrolled,Basic Education,Female,Single,Daytime,No,Yes,No,Yes,No,18,17-20,121.2,118.0,6,5,13.4,6,5,12.0,0.833,0,0.208
Dropout,Basic Education,Female,Single,Daytime,Yes,Yes,No,Yes,No,19,17-20,125.1,138.0,6,6,13.5,6,5,12.8,0.833,1,0.124
Enrolled,Tourism,Female,Single,Daytime,No,Yes,No,Yes,No,22,21-24,112.9,122.0,6,4,12.25,6,3,11.333333333333334,0.5,0,0.801
Graduate,Social Service,Female,Single,Daytime,No,Yes,No,Yes,No,19,17-20,120.8,126.0,6,6,12.285714285714286,6,6,12.833333333333334,1.0,0,0.072
Dropout,Veterinary Nursing,Female,Single,Daytime,No,No,No,Yes,No,19,17-20,114.0,121.0,5,0,0.0,5,0,0.0,0.0,1,0.999
Dropout,Social Service,Female,Single,Daytime,No,Yes,No,Yes,No,19,17-20,132.1,152.0,6,2,10.5,6,1,13.0,0.167,1,0.976
Graduate,Veterinary Nursing,Female,Married,Daytime,No,Yes,No,No,No,27,25-29,160.0,160.0,5,3,14.0,5,5,12.0,1.0,0,0.021
Graduate,Veterinary Nursing,Female,Single,Daytime,No,Yes,No,Yes,No,22,21-24,134.0,134.0,5,5,14.2,5,5,12.2,1.0,0,0.177
Dropout,Journalism & Communication,Female,Single,Daytime,No,Yes,No,Yes,No,18,17-20,124.2,128.0,6,5,13.0,6,6,13.142857142857142,1.0,1,0.132
Graduate,Tourism,Female,Single,Daytime,No,Yes,No,Yes,No,20,17-20,115.6,125.0,6,6,11.0,6,4,12.75,0.667,0,0.219
Dropout,Management (evening),Female,Married,Evening,No,Yes,No,No,No,34,30-39,128.2,130.0,8,3,11.0,7,2,10.0,0.286,1,0.99
Graduate,Nursing,Female,Single,Daytime,No,Yes,No,Yes,No,18,17-20,132.8,138.0,7,6,12.385714285714286,8,8,13.755555555555556,1.0,0,0.044
Graduate,Journalism & Communication,Male,Single,Daytime,No,Yes,No,Yes,No,20,17-20,123.1,121.0,6,4,14.75,6,4,12.25,0.667,0,0.721
Graduate,Equinculture,Female,Single,Daytime,No,Yes,No,Yes,Yes,20,17-20,125.6,134.0,5,5,16.166666666666668,5,5,15.833333333333334,1.0,0,0.026
Dropout,Management (evening),Male,Single,Evening,No,Yes,No,No,No,25,25-29,115.0,130.0,5,0,0.0,5,0,0.0,0.0,1,0.999
Dropout,Informatics Engineering,Male,Single,Daytime,No,Yes,No,Yes,No,18,17-20,123.6,126.0,5,5,12.4,5,3,13.0,0.6,1,0.466
Dropout,Equinculture,Male,Single,Daytime,No,No,No,No,No,18,17-20,141.7,148.0,6,5,11.6,6,4,13.0,0.667,1,0.863
Dropout,Basic Education,Female,Single,Daytime,Yes,Yes,No,Yes,No,18,17-20,139.0,160.0,6,5,12.2,6,0,0.0,0.0,1,0.979
Graduate,Tourism,Female,Single,Daytime,Yes,Yes,No,No,No,19,17-20,118.0,118.0,6,5,11.0,6,5,12.8,0.833,0,0.078
Dropout,Basic Education,Female,Single,Daytime,Yes,Yes,No,Yes,No,19,17-20,142.0,150.0,6,6,12.333333333333334,6,5,12.4,0.833,1,0.087
Graduate,Social Service,Female,Single,Daytime,Yes,Yes,No,No,No,21,21-24,143.4,140.0,6,6,14.833333333333334,6,6,12.571428571428571,1.0,0,0.088
Enrolled,Communication Design,Female,Single,Daytime,No,Yes,No,No,No,29,25-29,115.9,100.0,10,9,11.555555555555555,11,10,11.9,0.909,0,0.275
Graduate,Communication Design,Female,Single,Daytime,Yes,Yes,No,Yes,No,20,17-20,105.1,110.0,6,6,12.0,6,6,11.833333333333334,1.0,0,0.025
Graduate,Social Service (evening),Female,Single,Evening,Yes,Yes,Yes,Yes,No,21,21-24,138.0,140.0,13,11,12.727272727272728,11,10,12.6,0.909,0,0.16
Dropout,Management (evening),Female,Single,Evening,No,Yes,No,No,Yes,34,30-39,114.7,133.1,2,2,10.5,1,1,11.0,1.0,1,0.406
Graduate,Journalism & Communication,Female,Single,Daytime,No,Yes,No,Yes,Yes,20,17-20,130.5,140.0,6,6,12.333333333333334,6,6,12.0,1.0,0,0.008
Dropout,Management (evening),Male,Single,Evening,No,Yes,No,No,No,24,21-24,134.3,110.0,5,0,0.0,5,1,12.0,0.2,1,0.979
Graduate,Nursing,Male,Single,Daytime,No,Yes,No,No,No,18,17-20,137.5,148.0,7,7,14.842857142857143,8,8,14.38888888888889,1.0,0,0.033
Enrolled,Nursing,Male,Single,Daytime,No,Yes,No,No,No,19,17-20,125.3,137.0,7,7,12.2,7,7,12.2,1.0,0,0.023
Enrolled,Management,Male,Single,Daytime,Yes,Yes,No,No,No,18,17-20,111.3,120.0,5,4,10.8,5,4,11.75,0.8,0,0.209
Enrolled,Management (evening),Male,Single,Evening,No,Yes,No,No,No,28,25-29,144.8,120.0,5,4,12.75,5,5,14.333333333333334,1.0,0,0.252
Dropout,Management (evening),Male,Single,Evening,No,Yes,No,No,No,28,25-29,152.1,130.0,5,2,11.0,5,1,12.0,0.2,1,0.98
Dropout,Tourism,Male,Single,Daytime,No,Yes,No,No,No,20,17-20,126.1,132.0,6,4,10.75,6,0,0.0,0.0,1,0.994
Graduate,Nursing,Male,Single,Daytime,No,Yes,No,Yes,No,22,21-24,136.0,130.0,8,8,12.55375,8,8,12.55375,1.0,0,0.019
Graduate,Nursing,Male,Single,Daytime,No,Yes,No,Yes,No,19,17-20,124.3,128.0,8,7,12.665714285714284,8,7,12.665714285714284,0.875,0,0.134
Enrolled,Advertising & Marketing,Male,Single,Daytime,No,Yes,No,Yes,No,20,17-20,129.9,132.0,6,6,12.714285714285714,6,4,13.0,0.667,0,0.37
Dropout,Oral Hygiene,Male,Single,Daytime,No,Yes,No,No,No,26,25-29,136.1,133.1,7,2,11.75,5,0,0.0,0.0,1,0.999
Dropout,Tourism,Male,Single,Daytime,No,No,No,Yes,No,21,21-24,115.1,120.0,6,3,11.0,6,0,0.0,0.0,1,1.0
Graduate,Animation & Multimedia Design,Male,Single,Daytime,No,Yes,No,Yes,No,18,17-20,143.6,145.0,0,0,0.0,0,0,0.0,,0,0.62
Graduate,Management,Male,Single,Daytime,No,Yes,No,Yes,No,18,17-20,115.8,127.0,5,5,13.4,5,5,12.2,1.0,0,0.154
Graduate,Animation & Multimedia Design,Male,Single,Daytime,No,Yes,No,Yes,No,22,21-24,149.0,135.0,17,17,12.578947368421051,17,17,12.117647058823527,1.0,0,0.004
Dropout,Informatics Engineering,Male,Married,Daytime,No,Yes,No,No,No,36,30-39,100.0,133.1,5,0,0.0,5,0,0.0,0.0,1,0.998
Graduate,Journalism & Communication,Male,Single,Daytime,Yes,Yes,No,Yes,No,20,17-20,133.4,125.0,6,6,12.0,6,6,11.5,1.0,0,0.058
Dropout,Advertising & Marketing,Male,Single,Daytime,No,Yes,No,No,No,20,17-20,122.8,127.0,6,3,12.333333333333334,6,0,0.0,0.0,1,0.998
Dropout,Management (evening),Male,Single,Evening,No,Yes,No,No,No,25,25-29,151.2,133.1,5,4,11.5,5,3,13.5,0.6,1,0.718
Graduate,Agronomy,Male,Single,Daytime,No,Yes,No,No,No,35,30-39,137.0,150.0,6,5,12.8,6,5,13.833333333333334,0.833,0,0.442
Dropout,Animation & Multimedia Design,Male,Single,Daytime,No,Yes,No,No,No,22,21-24,118.0,133.1,0,0,0.0,0,0,0.0,,1,0.434
Enrolled,Communication Design,Male,Single,Daytime,No,Yes,No,No,No,26,25-29,126.4,150.0,7,7,13.285714285714286,8,7,12.142857142857142,0.875,0,0.312
Dropout,Agronomy,Male,Single,Daytime,No,No,Yes,No,No,20,17-20,130.0,130.0,6,4,11.8,6,2,12.0,0.333,1,0.996
Dropout,Social Service (evening),Male,Single,Evening,No,Yes,No,No,No,50,40+,112.5,133.1,13,6,11.333333333333334,11,2,13.5,0.182,1,1.0
Dropout,Nursing,Male,Single,Daytime,No,Yes,No,No,No,20,17-20,118.3,125.0,8,5,12.002,8,5,12.002,0.625,1,0.496
Enrolled,Nursing,Male,Single,Daytime,No,Yes,No,No,No,20,17-20,121.4,127.0,7,5,13.976666666666668,8,8,13.22222222222222,1.0,0,0.117
Dropout,Agronomy,Male,Single,Daytime,No,No,No,No,No,35,30-39,140.0,140.0,6,5,15.2,6,1,11.0,0.167,1,0.996
Graduate,Advertising & Marketing,Male,Single,Daytime,Yes,Yes,No,No,No,19,17-20,109.0,110.0,6,6,13.142857142857142,6,6,14.166666666666666,1.0,0,0.027
Dropout,Management,Male,Married,Daytime,No,Yes,No,No,No,43,40+,110.0,133.1,5,0,0.0,5,0,0.0,0.0,1,0.998
Graduate,Nursing,Male,Single,Daytime,No,Yes,No,No,No,19,17-20,119.8,124.0,8,7,13.867142857142856,8,7,13.867142857142856,0.875,0,0.082
Graduate,Nursing,Male,Single,Daytime,No,Yes,No,No,No,25,25-29,130.0,114.0,8,6,12.675,8,6,12.675,0.75,0,0.33
Graduate,Animation & Multimedia Design,Male,Single,Daytime,No,Yes,No,Yes,No,19,17-20,167.3,155.0,0,0,0.0,0,0,0.0,,0,0.619
Enrolled,Basic Education,Male,Single,Daytime,Yes,Yes,No,Yes,No,20,17-20,111.9,114.0,6,6,12.0,6,6,12.5,1.0,0,0.035
Dropout,Animation & Multimedia Design,Male,Single,Daytime,No,Yes,No,Yes,No,22,21-24,136.0,133.1,0,0,0.0,0,0,0.0,,1,0.534
Dropout,Tourism,Male,Single,Daytime,Yes,Yes,No,No,No,19,17-20,124.0,125.0,6,6,11.0,6,5,12.2,0.833,1,0.058
Dropout,Management (evening),Male,Married,Evening,No,Yes,No,No,No,32,30-39,132.9,120.0,5,4,10.75,5,4,11.333333333333334,0.8,1,0.524
Graduate,Journalism & Communication,Male,Married,Daytime,No,Yes,No,Yes,No,57,40+,154.0,100.0,6,5,14.2,6,6,14.166666666666666,1.0,0,0.124
Dropout,Nursing,Male,Single,Daytime,No,No,No,No,No,20,17-20,115.0,133.1,7,4,12.6,7,4,11.575,0.571,1,0.981
Dropout,Management (evening),Male,Single,Evening,No,No,No,Yes,No,38,30-39,96.0,120.0,5,0,0.0,5,0,0.0,0.0,1,1.0
Graduate,Management (evening),Male,Married,Evening,No,Yes,No,No,No,45,40+,168.2,120.0,5,5,14.0,5,5,14.166666666666666,1.0,0,0.21
Dropout,Journalism & Communication,Male,Married,Daytime,No,No,Yes,No,No,43,40+,140.0,110.0,6,2,10.0,6,4,12.25,0.667,1,0.997
Graduate,Communication Design,Male,Single,Daytime,No,Yes,No,Yes,No,19,17-20,137.4,144.0,6,6,13.833333333333334,6,6,13.125,1.0,0,0.12
Dropout,Management (evening),Male,Married,Evening,No,No,No,No,No,49,40+,150.0,133.1,5,2,11.0,5,1,11.0,0.2,1,0.998
Enrolled,Nursing,Male,Married,Daytime,No,Yes,No,Yes,No,43,40+,100.5,133.1,8,7,11.635714285714286,8,7,11.635714285714286,0.875,0,0.153
Dropout,Social Service (evening),Male,Single,Evening,No,Yes,No,No,No,34,30-39,148.5,133.1,6,4,12.25,5,0,0.0,0.0,1,0.992
Enrolled,Informatics Engineering,Male,Single,Daytime,No,Yes,Yes,Yes,No,18,17-20,123.3,138.0,5,4,12.5,5,5,11.285714285714286,1.0,0,0.677
Graduate,Management (evening),Male,Married,Evening,No,Yes,No,No,No,43,40+,138.7,120.0,5,5,13.8,5,5,13.666666666666666,1.0,0,0.17
Dropout,Tourism,Male,Single,Daytime,No,Yes,No,No,No,21,21-24,117.2,120.0,6,3,12.0,6,1,11.0,0.167,1,0.979
Enrolled,Management (evening),Male,Married,Evening,No,Yes,No,No,No,40,40+,114.3,160.0,5,3,11.0,5,4,12.5,0.8,0,0.395
Graduate,Advertising & Marketing,Male,Single,Daytime,Yes,Yes,No,Yes,No,19,17-20,125.3,134.0,6,4,13.75,6,6,11.555555555555555,1.0,0,0.171
Enrolled,Tourism,Male,Single,Daytime,No,Yes,No,No,No,27,25-29,97.0,133.1,6,6,10.666666666666666,6,4,11.25,0.667,0,0.321
Dropout,Oral Hygiene,Male,Married,Daytime,No,Yes,No,No,No,43,40+,140.0,110.0,7,0,0.0,8,2,13.15,0.25,1,0.997
Graduate,Management (evening),Male,Single,Evening,No,Yes,No,No,No,31,30-39,124.0,130.0,5,5,13.833333333333334,5,5,15.4,1.0,0,0.132
Enrolled,Agronomy,Male,Single,Daytime,No,Yes,Yes,Yes,No,26,25-29,140.0,140.0,6,0,0.0,6,0,0.0,0.0,0,0.999
Graduate,Management (evening),Male,Single,Evening,No,Yes,No,No,No,34,30-39,127.0,150.0,5,5,15.8,5,5,16.8,1.0,0,0.037
Graduate,Nursing,Male,Divorced,Daytime,No,Yes,No,No,No,30,30-39,110.0,100.0,14,12,12.52608695652174,14,12,12.52608695652174,0.857,0,0.186
Dropout,Nursing,Male,Married,Daytime,No,Yes,No,No,No,36,30-39,170.0,133.1,7,6,12.783333333333331,8,0,0.0,0.0,1,0.997
Dropout,Management (evening),Male,Single,Evening,No,No,Yes,No,No,46,40+,120.0,120.0,5,0,0.0,5,1,10.0,0.2,1,1.0
Graduate,Veterinary Nursing,Male,Single,Daytime,No,Yes,No,No,No,22,21-24,130.0,133.1,5,3,13.0,5,3,10.666666666666666,0.6,0,0.708
Dropout,Agronomy,Male,Single,Daytime,No,Yes,No,No,No,27,25-29,130.0,130.0,6,0,0.0,6,0,0.0,0.0,1,0.999
Enrolled,Informatics Engineering,Male,Single,Daytime,No,Yes,No,Yes,No,20,17-20,122.5,126.0,5,5,10.8,5,3,12.0,0.6,0,0.271
Enrolled,Management,Male,Single,Daytime,No,Yes,No,No,No,20,17-20,115.7,130.0,5,5,11.0,5,3,10.0,0.6,0,0.473
Dropout,Informatics Engineering,Male,Single,Daytime,No,No,Yes,No,No,31,30-39,120.0,140.0,4,0,0.0,5,0,0.0,0.0,1,1.0
Enrolled,Informatics Engineering,Male,Single,Daytime,No,Yes,Yes,Yes,No,20,17-20,166.0,140.0,5,0,0.0,5,0,0.0,0.0,0,0.999
Dropout,Journalism & Communication,Male,Single,Daytime,No,No,No,Yes,No,21,21-24,132.8,145.0,6,2,12.0,6,0,0.0,0.0,1,1.0
Dropout,Management,Male,Single,Daytime,No,Yes,No,No,No,21,21-24,100.0,133.1,5,4,10.75,5,2,11.0,0.4,1,0.737
Graduate,Management,Male,Single,Daytime,No,Yes,No,No,No,19,17-20,121.8,127.0,5,5,11.6,5,4,13.5,0.8,0,0.148
Graduate,Management,Male,Single,Daytime,Yes,Yes,No,Yes,No,20,17-20,109.5,114.0,5,5,11.8,5,4,11.6,0.8,0,0.203
Graduate,Agronomy,Male,Single,Daytime,No,Yes,No,No,No,18,17-20,138.3,140.0,6,6,16.0,6,6,15.166666666666666,1.0,0,0.064
Graduate,Journalism & Communication,Male,Single,Daytime,Yes,Yes,No,No,No,18,17-20,131.6,140.0,6,6,12.666666666666666,6,6,11.5,1.0,0,0.05
Enrolled,Nursing,Male,Single,Daytime,No,Yes,Yes,No,No,30,30-39,125.3,120.0,7,4,14.4,7,6,13.5,0.857,0,0.616
Dropout,Tourism,Male,Single,Daytime,No,No,Yes,No,No,34,30-39,101.5,133.1,6,0,0.0,6,0,0.0,0.0,1,1.0
Enrolled,Advertising & Marketing,Male,Single,Daytime,No,No,Yes,No,No,21,21-24,109.1,115.0,6,4,12.25,6,4,13.4,0.667,0,0.946
Dropout,Communication Design,Male,Single,Daytime,No,Yes,No,No,No,20,17-20,123.9,123.9,7,5,12.6,9,8,12.75,0.889,1,0.272
Graduate,Nursing,Male,Single,Daytime,No,Yes,No,No,No,18,17-20,143.0,157.0,8,7,13.4,8,7,13.4,0.875,0,0.059
Dropout,Animation & Multimedia Design,Male,Single,Daytime,No,Yes,Yes,Yes,No,21,21-24,126.3,127.0,0,0,0.0,0,0,0.0,,1,0.861
Dropout,Agronomy,Male,Married,Daytime,No,Yes,No,No,No,26,25-29,113.3,120.0,6,1,10.0,6,0,0.0,0.0,1,0.999
Dropout,Informatics Engineering,Male,Single,Daytime,No,Yes,Yes,Yes,No,20,17-20,119.9,130.0,5,0,0.0,5,0,0.0,0.0,1,0.998
Dropout,Agronomy,Male,Single,Daytime,No,Yes,No,No,No,25,25-29,140.0,140.0,6,3,11.25,6,4,11.2,0.667,1,0.667
Enrolled,Advertising & Marketing,Male,Single,Daytime,No,Yes,No,No,No,19,17-20,108.0,109.0,5,0,0.0,5,0,0.0,0.0,0,0.997
Dropout,Management,Male,Single,Daytime,No,Yes,No,Yes,No,24,21-24,100.0,143.0,5,3,10.666666666666666,5,1,14.0,0.2,1,0.935
Graduate,Equinculture,Male,Single,Daytime,No,Yes,No,No,No,20,17-20,132.4,125.0,5,4,11.75,5,5,13.4,1.0,0,0.116
Dropout,Management,Male,Single,Daytime,No,Yes,No,No,No,20,17-20,137.1,136.0,5,0,0.0,5,0,0.0,0.0,1,0.997
Graduate,Communication Design,Female,Single,Daytime,No,Yes,No,Yes,No,18,17-20,138.1,157.0,6,6,12.666666666666666,6,6,14.125,1.0,0,0.051
Enrolled,Oral Hygiene,Female,Divorced,Daytime,No,Yes,No,No,No,25,25-29,130.0,160.0,7,7,11.95,8,7,12.042857142857144,0.875,0,0.052
Graduate,Tourism,Female,Single,Daytime,No,Yes,No,Yes,No,22,21-24,109.7,116.0,6,5,14.0,6,6,15.666666666666666,1.0,0,0.085
Dropout,Social Service (evening),Female,Single,Evening,No,No,No,No,No,41,40+,128.2,113.0,6,0,0.0,6,0,0.0,0.0,1,0.999
Dropout,Management,Female,Single,Daytime,Yes,Yes,Yes,No,No,19,17-20,117.8,130.0,5,2,11.5,5,0,0.0,0.0,1,0.997
Graduate,Equinculture,Female,Single,Daytime,No,Yes,No,Yes,No,21,21-24,150.0,150.0,6,6,12.0,6,5,12.8,0.833,0,0.217
Dropout,Veterinary Nursing,Female,Single,Daytime,No,Yes,Yes,Yes,No,30,30-39,160.0,110.0,6,6,16.428571428571427,6,6,16.666666666666668,1.0,1,0.221
Graduate,Nursing,Female,Single,Daytime,Yes,Yes,No,Yes,No,21,21-24,104.5,101.0,7,5,13.336000000000002,8,7,13.207142857142856,0.875,0,0.109
Enrolled,Oral Hygiene,Female,Married,Daytime,Yes,Yes,No,No,No,26,25-29,112.8,110.0,7,0,0.0,8,0,0.0,0.0,0,0.997
Graduate,Advertising & Marketing,Female,Single,Daytime,No,Yes,No,No,Yes,21,21-24,100.0,133.1,7,7,14.666666666666666,6,6,14.0,1.0,0,0.025
Graduate,Nursing,Female,Single,Daytime,No,Yes,No,Yes,No,18,17-20,132.5,138.0,8,7,14.115714285714288,8,7,14.115714285714288,0.875,0,0.069
Graduate,Veterinary Nursing,Female,Single,Daytime,Yes,Yes,No,Yes,No,19,17-20,123.3,138.0,6,6,14.857142857142858,6,6,13.11111111111111,1.0,0,0.047
Graduate,Veterinary Nursing,Female,Single,Daytime,Yes,Yes,No,Yes,No,18,17-20,128.9,141.0,6,6,13.833333333333334,6,6,13.714285714285714,1.0,0,0.02
Enrolled,Management,Female,Single,Daytime,No,Yes,No,Yes,No,19,17-20,128.3,129.0,5,3,11.0,5,4,11.75,0.8,0,0.539
Enrolled,Veterinary Nursing,Female,Single,Daytime,No,Yes,No,No,No,21,21-24,100.0,127.0,6,4,11.75,6,3,13.666666666666666,0.5,0,0.787
Dropout,Management,Female,Single,Daytime,Yes,Yes,No,Yes,No,18,17-20,120.1,133.0,5,2,10.0,5,2,12.0,0.4,1,0.902
Graduate,Nursing,Female,Single,Daytime,Yes,Yes,No,Yes,No,24,21-24,160.0,100.0,8,6,12.415,8,6,12.415,0.75,0,0.205
Enrolled,Equinculture,Female,Single,Daytime,No,Yes,No,Yes,No,21,21-24,123.0,138.0,5,1,11.0,5,2,10.5,0.4,0,0.963
Graduate,Veterinary Nursing,Female,Single,Daytime,No,Yes,No,Yes,No,23,21-24,150.0,150.0,6,5,14.428571428571429,6,6,13.428571428571429,1.0,0,0.132
Graduate,Nursing,Female,Single,Daytime,Yes,Yes,No,Yes,No,18,17-20,124.0,129.0,8,7,14.312857142857142,8,7,14.312857142857142,0.875,0,0.04
Enrolled,Veterinary Nursing,Female,Single,Daytime,No,No,No,No,No,26,25-29,120.0,130.0,6,6,15.428571428571429,6,5,14.5,0.833,0,0.655
Graduate,Equinculture,Female,Single,Daytime,No,Yes,No,Yes,No,20,17-20,120.4,133.0,5,4,12.0,5,5,13.4,1.0,0,0.096
Graduate,Social Service,Female,Single,Daytime,No,Yes,No,No,No,18,17-20,131.6,133.0,6,6,13.833333333333334,6,6,13.714285714285714,1.0,0,0.04
Graduate,Social Service,Female,Single,Daytime,No,Yes,No,Yes,No,20,17-20,104.2,107.0,6,6,12.166666666666666,6,6,12.142857142857142,1.0,0,0.063
Enrolled,Nursing,Female,Single,Daytime,No,Yes,No,Yes,No,20,17-20,122.0,131.0,8,7,14.014285714285714,8,7,14.014285714285714,0.875,0,0.066
Enrolled,Social Service,Female,Single,Daytime,No,Yes,No,Yes,No,18,17-20,110.7,118.0,6,2,10.333333333333334,6,3,13.333333333333334,0.5,0,0.875
Graduate,Journalism & Communication,Female,Single,Daytime,Yes,Yes,No,Yes,No,22,21-24,121.7,136.0,6,5,13.2,6,5,13.6,0.833,0,0.147
Graduate,Nursing,Female,Single,Daytime,No,Yes,Yes,Yes,No,20,17-20,126.0,125.0,7,6,15.4,7,6,15.4,0.857,0,0.21
Graduate,Nursing,Female,Single,Daytime,Yes,Yes,No,Yes,No,19,17-20,128.4,137.0,7,7,13.385714285714286,8,8,15.925,1.0,0,0.01
Dropout,Equinculture,Female,Single,Daytime,No,Yes,Yes,Yes,No,18,17-20,134.9,144.0,6,6,10.857142857142858,6,4,11.0,0.667,1,0.624
Graduate,Management,Female,Single,Daytime,No,Yes,No,No,No,18,17-20,143.9,146.0,5,5,11.333333333333334,5,5,12.0,1.0,0,0.095
Graduate,Veterinary Nursing,Female,Single,Daytime,Yes,Yes,No,Yes,No,19,17-20,145.0,145.0,5,4,14.5,5,5,13.6,1.0,0,0.111
Graduate,Communication Design,Female,Single,Daytime,Yes,Yes,No,Yes,No,19,17-20,132.0,126.0,6,6,14.166666666666666,6,6,12.375,1.0,0,0.026
Graduate,Social Service (evening),Female,Single,Evening,No,Yes,No,No,No,24,21-24,136.1,141.0,6,6,12.833333333333334,6,6,12.0,1.0,0,0.03
Graduate,Social Service,Female,Single,Daytime,No,Yes,No,No,No,21,21-24,138.9,141.0,6,6,13.333333333333334,6,6,14.5,1.0,0,0.03
Graduate,Social Service,Female,Single,Daytime,Yes,Yes,No,Yes,No,20,17-20,102.0,133.1,6,6,13.666666666666666,6,6,14.571428571428571,1.0,0,0.03
Dropout,Tourism,Female,Single,Daytime,Yes,No,Yes,No,No,28,25-29,123.0,133.1,6,6,10.833333333333334,6,5,11.0,0.833,1,0.792
Graduate,Basic Education,Female,Single,Daytime,No,Yes,No,Yes,No,21,21-24,137.5,127.0,6,6,13.428571428571429,6,6,13.142857142857142,1.0,0,0.052
Enrolled,Nursing,Male,Single,Daytime,No,Yes,Yes,Yes,No,20,17-20,102.2,106.0,7,7,12.401428571428571,8,6,11.808333333333332,0.75,0,0.193
Dropout,Agronomy,Male,Single,Daytime,No,No,No,No,No,36,30-39,105.3,130.0,6,0,0.0,6,0,0.0,0.0,1,1.0
Dropout,Management (evening),Male,Married,Evening,No,No,No,No,No,42,40+,130.0,110.0,4,0,0.0,5,0,0.0,0.0,1,1.0
Dropout,Management (evening),Male,Married,Evening,No,Yes,No,No,No,47,40+,122.5,150.0,5,4,11.5,5,5,11.6,1.0,1,0.248
Dropout,Informatics Engineering,Male,Single,Daytime,No,No,No,No,No,25,25-29,112.0,160.0,5,0,0.0,5,0,0.0,0.0,1,1.0
Graduate,Advertising & Marketing,Male,Single,Daytime,Yes,Yes,No,No,No,25,25-29,110.0,170.0,6,6,14.142857142857142,6,6,13.5,1.0,0,0.036
Dropout,Social Service (evening),Male,Married,Evening,No,Yes,No,No,No,48,40+,149.5,133.1,6,0,0.0,5,0,0.0,0.0,1,0.998
Graduate,Management (evening),Male,Single,Evening,Yes,Yes,No,No,No,32,30-39,141.0,120.0,10,10,13.8,10,10,12.8,1.0,0,0.026
Dropout,Management (evening),Male,Single,Evening,No,Yes,No,No,No,38,30-39,130.0,130.0,10,10,13.6,10,5,13.6,0.5,1,0.802
Graduate,Social Service,Male,Single,Daytime,No,Yes,No,No,No,37,30-39,130.0,130.0,16,15,11.733333333333333,11,9,11.88888888888889,0.818,0,0.118
Dropout,Management,Male,Single,Daytime,No,No,No,No,No,26,25-29,104.0,120.0,5,1,10.0,5,1,10.0,0.2,1,0.999
Dropout,Veterinary Nursing,Male,Single,Daytime,No,Yes,No,No,No,23,21-24,110.0,110.0,6,0,0.0,6,0,0.0,0.0,1,0.999
Enrolled,Agronomy,Male,Single,Daytime,No,Yes,No,No,No,23,21-24,120.0,120.0,6,0,0.0,6,0,0.0,0.0,0,0.999
Enrolled,Agronomy,Male,Single,Daytime,No,Yes,No,No,No,20,17-20,130.0,130.0,6,4,10.8,6,4,12.0,0.667,0,0.493
Dropout,Nursing,Male,Single,Daytime,No,Yes,No,Yes,No,26,25-29,127.0,150.0,7,6,13.046666666666669,8,7,13.30625,0.875,1,0.301
Enrolled,Social Service (evening),Female,Single,Evening,No,Yes,No,No,No,45,40+,100.0,120.0,9,8,11.0,7,6,10.833333333333334,0.857,0,0.335
Enrolled,Social Service (evening),Female,Single,Evening,Yes,Yes,No,Yes,No,26,25-29,111.0,100.0,6,3,12.333333333333334,6,3,11.666666666666666,0.5,0,0.648
Graduate,Social Service (evening),Female,Single,Evening,No,Yes,No,No,No,26,25-29,130.0,133.1,11,10,11.8,7,7,13.285714285714286,1.0,0,0.038
Enrolled,Management (evening),Female,Single,Evening,No,Yes,No,No,No,25,25-29,130.1,130.0,5,3,11.0,5,3,11.25,0.6,0,0.702
Graduate,Nursing,Female,Single,Daytime,No,Yes,No,Yes,No,18,17-20,127.5,145.0,8,8,13.11,8,8,13.11,1.0,0,0.018
Graduate,Nursing,Female,Single,Daytime,No,Yes,No,Yes,No,27,25-29,130.0,130.0,8,7,14.414285714285716,8,7,14.414285714285716,0.875,0,0.07
Dropout,Social Service (evening),Female,Legally separated,Evening,No,No,No,No,No,24,21-24,115.0,115.0,5,0,0.0,5,0,0.0,0.0,1,0.999
Graduate,Management,Female,Single,Daytime,No,Yes,No,Yes,No,20,17-20,126.8,124.0,5,5,12.333333333333334,5,5,12.2,1.0,0,0.135
Dropout,Nursing,Female,Single,Daytime,Yes,Yes,No,Yes,No,18,17-20,116.7,124.0,7,0,0.0,7,1,10.0,0.143,1,0.991
Graduate,Oral Hygiene,Female,Single,Daytime,Yes,Yes,No,Yes,No,18,17-20,128.5,134.0,7,7,14.1,8,8,13.3125,1.0,0,0.013
Graduate,Nursing,Female,Single,Daytime,No,Yes,No,Yes,No,18,17-20,127.5,137.0,8,8,13.045,8,8,13.045,1.0,0,0.014
Enrolled,Nursing,Male,Single,Daytime,No,Yes,No,Yes,No,19,17-20,117.5,124.0,8,5,12.858,8,5,12.858,0.625,0,0.27
Graduate,Nursing,Female,Single,Daytime,Yes,Yes,No,Yes,No,19,17-20,148.8,136.0,8,8,14.2525,8,8,14.2525,1.0,0,0.009
Enrolled,Nursing,Female,Single,Daytime,Yes,Yes,No,No,No,19,17-20,120.2,126.0,7,5,14.06,7,7,11.242857142857142,1.0,0,0.074
Graduate,Nursing,Female,Single,Daytime,No,Yes,No,Yes,No,18,17-20,127.3,142.0,8,7,15.075714285714286,8,7,15.075714285714286,0.875,0,0.063
Enrolled,Animation & Multimedia Design,Female,Single,Daytime,Yes,Yes,No,Yes,No,18,17-20,136.1,141.0,0,0,0.0,0,0,0.0,,0,0.254
Enrolled,Advertising & Marketing,Female,Single,Daytime,No,Yes,No,Yes,No,19,17-20,122.4,129.0,5,4,13.75,6,5,12.6,0.833,0,0.378
Graduate,Agronomy,Female,Single,Daytime,No,Yes,No,Yes,No,23,21-24,130.0,130.0,17,17,13.15,12,12,13.214285714285714,1.0,0,0.005
Graduate,Social Service,Female,Single,Daytime,Yes,Yes,No,Yes,No,21,21-24,121.7,136.0,6,5,12.333333333333334,6,5,11.8,0.833,0,0.169
Graduate,Nursing,Female,Single,Daytime,Yes,Yes,No,Yes,No,18,17-20,122.7,137.0,7,7,13.778571428571428,8,8,13.122222222222222,1.0,0,0.018
Dropout,Basic Education,Female,Single,Daytime,No,No,Yes,Yes,No,20,17-20,129.2,125.0,6,3,10.333333333333334,6,1,11.0,0.167,1,0.999
Enrolled,Journalism & Communication,Female,Single,Daytime,No,Yes,No,Yes,No,23,21-24,105.0,119.0,6,3,11.333333333333334,6,2,11.0,0.333,0,0.966
Enrolled,Social Service,Female,Single,Daytime,No,Yes,No,Yes,No,20,17-20,129.9,132.0,6,5,13.2,6,6,12.666666666666666,1.0,0,0.092
Graduate,Communication Design,Female,Single,Daytime,Yes,Yes,No,No,No,18,17-20,136.3,152.0,6,6,13.571428571428571,6,6,12.375,1.0,0,0.024
Graduate,Social Service (evening),Female,Single,Evening,No,Yes,No,No,No,29,25-29,114.9,125.0,11,11,12.75,7,7,13.428571428571429,1.0,0,0.03
Dropout,Journalism & Communication,Male,Single,Daytime,No,Yes,No,Yes,No,28,25-29,102.0,133.1,6,3,13.0,6,1,12.0,0.167,1,0.99
Enrolled,Advertising & Marketing,Male,Single,Daytime,No,Yes,No,Yes,No,19,17-20,111.3,120.0,5,3,11.333333333333334,5,4,11.0,0.8,0,0.58
Dropout,Advertising & Marketing,Male,Single,Daytime,No,No,Yes,No,No,24,21-24,130.9,148.0,6,0,0.0,6,0,0.0,0.0,1,1.0
Dropout,Animation & Multimedia Design,Male,Single,Daytime,Yes,Yes,Yes,No,No,33,30-39,100.0,133.1,0,0,0.0,0,0,0.0,,1,0.732
Dropout,Management,Male,Single,Daytime,No,No,No,Yes,No,19,17-20,112.9,115.0,5,2,12.5,5,1,11.0,0.2,1,0.998
Graduate,Veterinary Nursing,Male,Single,Daytime,No,Yes,No,No,No,19,17-20,112.7,120.0,6,6,14.857142857142858,6,6,14.142857142857142,1.0,0,0.061
Graduate,Social Service (evening),Male,Divorced,Evening,No,Yes,No,No,No,37,30-39,143.0,133.1,9,8,12.0,7,7,11.571428571428571,1.0,0,0.063
Graduate,Animation & Multimedia Design,Male,Single,Daytime,Yes,No,Yes,Yes,No,18,17-20,155.1,168.0,0,0,0.0,0,0,0.0,,0,0.946
Enrolled,Management (evening),Male,Divorced,Evening,No,Yes,No,No,No,29,25-29,127.6,130.0,5,0,0.0,5,0,0.0,0.0,0,0.996
Graduate,Nursing,Male,Married,Daytime,No,Yes,No,No,No,37,30-39,146.6,133.1,7,7,12.828571428571427,8,8,12.6875,1.0,0,0.022
Dropout,Nursing,Male,Single,Daytime,No,Yes,No,No,No,36,30-39,141.0,137.0,7,0,0.0,8,0,0.0,0.0,1,1.0
Graduate,Advertising & Marketing,Male,Single,Daytime,No,Yes,No,Yes,No,19,17-20,120.6,123.0,6,6,13.333333333333334,6,5,14.0,0.833,0,0.13
Graduate,Nursing,Male,Single,Daytime,Yes,Yes,No,Yes,No,33,30-39,110.0,150.0,14,14,13.072857142857144,14,14,13.072857142857144,1.0,0,0.0
Dropout,Informatics Engineering,Male,Single,Daytime,No,No,No,No,No,34,30-39,108.6,120.0,7,5,12.0,7,3,11.0,0.429,1,0.996
Graduate,Tourism,Female,Single,Daytime,No,Yes,No,Yes,No,18,17-20,134.9,145.0,6,6,15.5,6,6,16.0,1.0,0,0.045
Dropout,Equinculture,Female,Single,Daytime,No,Yes,No,Yes,No,20,17-20,120.0,120.0,6,0,0.0,6,0,0.0,0.0,1,0.998
Graduate,Journalism & Communication,Female,Single,Daytime,Yes,Yes,No,No,No,19,17-20,141.3,142.0,6,6,14.714285714285714,6,6,15.166666666666666,1.0,0,0.018
Graduate,Veterinary Nursing,Female,Single,Daytime,No,Yes,No,Yes,No,20,17-20,135.6,147.0,6,6,16.714285714285715,6,6,15.333333333333334,1.0,0,0.065
Graduate,Social Service,Female,Single,Daytime,Yes,Yes,No,Yes,No,19,17-20,121.5,125.0,6,6,10.857142857142858,6,6,11.666666666666666,1.0,0,0.032
Graduate,Nursing,Female,Single,Daytime,No,Yes,No,Yes,No,19,17-20,125.0,126.0,7,6,11.658333333333331,8,6,12.416666666666666,0.75,0,0.254
Graduate,Journalism & Communication,Female,Single,Daytime,Yes,Yes,No,Yes,Yes,22,21-24,119.1,132.0,6,5,11.6,6,6,12.0,1.0,0,0.01
Enrolled,Advertising & Marketing,Female,Single,Daytime,No,Yes,No,Yes,No,18,17-20,126.6,122.0,6,6,14.625,6,6,14.142857142857142,1.0,0,0.063
Graduate,Journalism & Communication,Female,Single,Daytime,Yes,Yes,No,No,No,18,17-20,116.7,123.0,6,6,12.166666666666666,6,6,12.666666666666666,1.0,0,0.017
Enrolled,Nursing,Female,Single,Daytime,No,Yes,No,Yes,No,19,17-20,120.1,126.0,7,4,13.375,7,6,12.116666666666667,0.857,0,0.285
Graduate,Basic Education,Female,Single,Daytime,Yes,Yes,No,No,No,19,17-20,124.9,128.0,6,6,12.5,6,6,12.833333333333334,1.0,0,0.017
Dropout,Nursing,Female,Single,Daytime,No,No,Yes,Yes,No,31,30-39,114.0,100.0,7,5,12.56,7,5,12.56,0.714,1,0.981
Graduate,Nursing,Female,Single,Daytime,No,Yes,No,Yes,No,18,17-20,131.1,140.0,7,7,13.19,8,8,14.23125,1.0,0,0.029
Graduate,Social Service,Female,Single,Daytime,Yes,Yes,Yes,No,No,19,17-20,129.3,145.0,6,3,11.0,6,4,11.25,0.667,0,0.714
Graduate,Animation & Multimedia Design,Female,Single,Daytime,No,Yes,No,Yes,No,18,17-20,129.7,143.0,0,0,0.0,0,0,0.0,,0,0.452
Graduate,Social Service,Female,Single,Daytime,Yes,Yes,No,No,No,19,17-20,120.8,132.0,6,5,11.6,6,6,11.714285714285714,1.0,0,0.046
Graduate,Nursing,Female,Single,Daytime,No,Yes,No,No,No,19,17-20,135.0,130.0,7,6,14.266666666666666,7,6,14.266666666666666,0.857,0,0.056
Enrolled,Management,Female,Single,Daytime,Yes,Yes,No,No,No,19,17-20,117.8,129.0,5,4,11.0,5,4,13.857142857142858,0.8,0,0.101
Graduate,Social Service (evening),Female,Married,Evening,No,Yes,No,No,No,30,30-39,130.0,124.4,10,9,12.666666666666666,7,7,12.428571428571429,1.0,0,0.054
Enrolled,Journalism & Communication,Female,Single,Daytime,No,Yes,No,Yes,No,18,17-20,117.6,127.0,6,0,0.0,6,3,11.0,0.5,0,0.973
Graduate,Nursing,Female,Single,Daytime,No,Yes,No,Yes,No,18,17-20,130.8,144.0,8,7,12.771428571428572,8,7,12.771428571428572,0.875,0,0.111
Dropout,Veterinary Nursing,Female,Single,Daytime,No,Yes,No,Yes,No,21,21-24,111.9,121.0,5,0,0.0,5,0,0.0,0.0,1,0.996
Graduate,Social Service,Female,Single,Daytime,Yes,Yes,No,No,No,19,17-20,145.9,150.0,6,6,15.5,6,6,13.571428571428571,1.0,0,0.06
Enrolled,Advertising & Marketing,Female,Single,Daytime,Yes,Yes,No,Yes,No,19,17-20,109.1,115.0,6,6,13.285714285714286,6,5,14.6,0.833,0,0.08
Enrolled,Nursing,Female,Single,Daytime,No,Yes,No,Yes,No,19,17-20,120.3,125.0,7,5,11.716666666666669,7,5,13.7,0.714,0,0.439
Dropout,Equinculture,Female,Single,Daytime,No,Yes,No,Yes,No,19,17-20,113.5,117.0,6,6,11.333333333333334,6,4,13.75,0.667,1,0.237
Graduate,Advertising & Marketing,Female,Single,Daytime,Yes,Yes,No,Yes,No,19,17-20,135.4,121.0,6,6,13.333333333333334,6,5,13.4,0.833,0,0.058
Graduate,Management (evening),Female,Married,Evening,Yes,Yes,No,No,No,39,30-39,130.2,140.0,5,4,12.333333333333334,5,2,10.0,0.4,0,0.634
Enrolled,Communication Design,Female,Single,Daytime,No,Yes,No,Yes,No,18,17-20,136.4,129.0,6,6,12.333333333333334,6,6,12.833333333333334,1.0,0,0.038
Dropout,Animation & Multimedia Design,Female,Single,Daytime,No,Yes,No,Yes,No,20,17-20,126.9,130.0,0,0,0.0,0,0,0.0,,1,0.479
Graduate,Management,Female,Single,Daytime,No,Yes,No,Yes,No,19,17-20,119.8,131.0,5,5,12.6,5,4,11.6,0.8,0,0.261
Enrolled,Management,Female,Single,Daytime,No,Yes,No,Yes,No,18,17-20,124.4,137.0,5,5,12.6,5,4,11.0,0.8,0,0.285
Enrolled,Agronomy,Female,Married,Daytime,No,No,Yes,No,No,34,30-39,120.0,150.0,6,6,14.333333333333334,6,6,12.833333333333334,1.0,0,0.813
Enrolled,Advertising & Marketing,Female,Single,Daytime,No,Yes,No,No,No,22,21-24,111.8,117.0,5,3,12.0,5,2,11.0,0.4,0,0.745
Graduate,Veterinary Nursing,Female,Single,Daytime,No,Yes,No,Yes,No,24,21-24,130.0,133.1,6,6,14.857142857142858,6,5,13.6,0.833,0,0.214
Graduate,Management,Female,Married,Daytime,No,Yes,No,No,No,34,30-39,138.0,130.0,15,12,11.916666666666666,13,11,13.181818181818182,0.846,0,0.333
Dropout,Management (evening),Female,Married,Evening,No,Yes,No,Yes,No,46,40+,114.6,110.0,5,0,0.0,5,0,0.0,0.0,1,0.998
Enrolled,Management,Female,Married,Daytime,No,Yes,No,No,No,50,40+,108.0,140.0,5,3,13.333333333333334,5,5,12.2,1.0,0,0.345
Dropout,Management (evening),Female,Single,Evening,No,No,No,No,No,37,30-39,140.0,140.0,5,0,0.0,5,0,0.0,0.0,1,1.0
Graduate,Veterinary Nursing,Female,Single,Daytime,No,Yes,No,Yes,No,18,17-20,134.7,148.0,6,6,17.0,6,6,15.5,1.0,0,0.052
Enrolled,Veterinary Nursing,Female,Single,Daytime,Yes,Yes,No,No,No,25,25-29,110.0,130.0,6,3,11.666666666666666,6,2,11.333333333333334,0.333,0,0.898
Graduate,Agronomy,Female,Married,Daytime,No,Yes,No,No,No,46,40+,104.8,140.0,19,19,12.210526315789474,13,13,11.384615384615383,1.0,0,0.019
Graduate,Communication Design,Female,Married,Daytime,Yes,Yes,No,No,No,30,30-39,126.5,160.0,6,6,13.0,6,5,12.857142857142858,0.833,0,0.086
Dropout,Management (evening),Female,Divorced,Evening,No,No,Yes,No,No,37,30-39,118.1,130.0,5,0,0.0,5,0,0.0,0.0,1,1.0
Enrolled,Management (evening),Female,Married,Evening,No,Yes,No,No,No,50,40+,119.9,120.0,5,2,10.5,5,3,11.0,0.6,0,0.876
Graduate,Agronomy,Female,Single,Daytime,No,Yes,No,Yes,No,20,17-20,160.0,160.0,6,6,13.571428571428571,6,6,12.714285714285714,1.0,0,0.036
Dropout,Oral Hygiene,Female,Married,Daytime,No,Yes,No,No,No,39,30-39,100.5,133.1,3,1,14.0,2,0,0.0,0.0,1,0.975
Dropout,Journalism & Communication,Female,Married,Daytime,No,No,No,No,No,53,40+,110.0,133.1,5,0,0.0,4,0,0.0,0.0,1,1.0
Dropout,Management,Female,Married,Daytime,No,Yes,No,Yes,No,54,40+,100.0,100.0,15,13,12.461538461538462,13,10,11.1,0.769,1,0.73
Graduate,Veterinary Nursing,Female,Single,Daytime,No,Yes,No,Yes,No,19,17-20,140.0,140.0,6,4,14.4,6,5,13.0,0.833,0,0.277
Dropout,Journalism & Communication,Female,Single,Daytime,No,No,No,Yes,No,20,17-20,109.0,109.0,6,0,0.0,6,0,0.0,0.0,1,1.0
Graduate,Journalism & Communication,Female,Single,Daytime,No,Yes,Yes,Yes,No,18,17-20,120.9,130.0,6,6,14.333333333333334,6,6,14.166666666666666,1.0,0,0.13
Graduate,Agronomy,Female,Single,Daytime,No,Yes,Yes,No,No,21,21-24,125.8,130.0,13,11,11.909090909090908,11,11,10.727272727272728,1.0,0,0.037
Graduate,Communication Design,Female,Single,Daytime,No,Yes,No,Yes,No,18,17-20,161.2,164.0,6,6,13.714285714285714,6,6,14.375,1.0,0,0.065
Dropout,Nursing,Female,Single,Daytime,No,Yes,Yes,Yes,No,19,17-20,122.0,125.0,7,0,0.0,8,0,0.0,0.0,1,1.0
Dropout,Nursing,Female,Single,Daytime,Yes,Yes,No,Yes,No,18,17-20,127.9,137.0,7,5,13.46,7,7,12.2375,1.0,1,0.073
Graduate,Journalism & Communication,Female,Single,Daytime,No,Yes,No,Yes,No,19,17-20,135.8,133.0,6,6,15.0,6,6,13.333333333333334,1.0,0,0.068
Dropout,Animation & Multimedia Design,Female,Single,Daytime,Yes,Yes,No,Yes,No,18,17-20,149.7,163.0,0,0,0.0,0,0,0.0,,1,0.334
Graduate,Advertising & Marketing,Female,Single,Daytime,No,Yes,No,Yes,No,19,17-20,137.3,160.0,6,5,13.4,6,5,12.8,0.833,0,0.233
Enrolled,Social Service (evening),Female,Divorced,Evening,No,Yes,No,Yes,No,48,40+,106.0,133.1,6,5,13.0,6,4,12.5,0.667,0,0.362
Graduate,Social Service,Female,Divorced,Daytime,No,Yes,Yes,No,No,34,30-39,110.0,120.0,6,4,11.25,6,4,13.75,0.667,0,0.755
Graduate,Veterinary Nursing,Female,Single,Daytime,No,Yes,No,No,No,18,17-20,146.4,140.0,5,5,12.6,5,5,11.6,1.0,0,0.056
Graduate,Social Service (evening),Female,Married,Evening,No,Yes,No,No,No,50,40+,121.0,140.0,6,6,12.666666666666666,6,6,11.833333333333334,1.0,0,0.075
Graduate,Basic Education,Female,Single,Daytime,No,Yes,Yes,No,No,41,40+,125.2,140.0,21,21,12.333333333333334,19,19,12.105263157894736,1.0,0,0.07
Dropout,Journalism & Communication,Female,Single,Daytime,Yes,Yes,No,Yes,No,22,21-24,119.6,115.0,6,5,12.0,6,5,11.0,0.833,1,0.162
Graduate,Management,Female,Divorced,Daytime,No,Yes,No,No,No,43,40+,142.8,140.0,5,5,16.4,5,5,16.6,1.0,0,0.046
Dropout,Social Service (evening),Female,Married,Evening,No,Yes,No,No,No,50,40+,123.5,133.1,1,0,0.0,6,0,0.0,0.0,1,0.985
Graduate,Agronomy,Female,Single,Daytime,No,Yes,No,No,No,60,40+,100.0,133.1,6,6,12.75,6,4,14.75,0.667,0,0.378
Enrolled,Management,Female,Married,Daytime,No,Yes,No,No,No,41,40+,140.0,110.0,5,4,14.5,5,5,13.0,1.0,0,0.166
Graduate,Management (evening),Female,Married,Evening,No,Yes,No,No,No,47,40+,150.3,133.1,5,5,14.8,5,5,14.4,1.0,0,0.064
Graduate,Animation & Multimedia Design,Female,Single,Daytime,No,Yes,No,No,No,22,21-24,128.2,116.0,17,17,10.36842105263158,17,17,11.5,1.0,0,0.001
Dropout,Nursing,Female,Married,Daytime,No,Yes,No,No,No,41,40+,114.3,110.0,7,0,0.0,8,0,0.0,0.0,1,1.0
Enrolled,Management (evening),Female,Married,Evening,No,Yes,No,No,No,28,25-29,117.3,140.0,10,6,10.666666666666666,10,9,11.333333333333334,0.9,0,0.45
Graduate,Tourism,Female,Facto union,Daytime,No,Yes,No,No,No,32,30-39,120.0,120.0,15,13,12.692307692307692,15,13,12.384615384615383,0.867,0,0.114
Dropout,Management (evening),Female,Married,Evening,No,Yes,No,Yes,No,50,40+,110.7,133.1,5,0,0.0,5,0,0.0,0.0,1,0.996
Enrolled,Management,Female,Single,Daytime,No,Yes,No,No,No,53,40+,118.0,160.0,15,15,11.8,13,12,11.666666666666666,0.923,0,0.137
Dropout,Oral Hygiene,Female,Single,Daytime,No,No,Yes,No,Yes,54,40+,169.2,133.1,7,0,0.0,5,0,0.0,0.0,1,1.0
Enrolled,Social Service (evening),Female,Single,Evening,No,Yes,No,No,No,49,40+,106.8,120.0,6,5,12.333333333333334,6,4,11.5,0.667,0,0.601
Dropout,Basic Education,Female,Married,Daytime,No,Yes,No,No,No,34,30-39,100.0,133.1,12,11,13.0,13,8,11.875,0.615,1,0.671
Dropout,Social Service (evening),Female,Divorced,Evening,No,Yes,No,No,No,45,40+,144.5,133.1,6,4,12.5,6,3,11.666666666666666,0.5,1,0.763
Graduate,Social Service (evening),Female,Divorced,Evening,Yes,Yes,No,No,No,47,40+,134.5,133.1,6,5,12.2,6,4,11.25,0.667,0,0.175
Enrolled,Social Service,Female,Single,Daytime,No,Yes,No,Yes,No,22,21-24,114.3,122.0,10,8,11.0,7,5,11.2,0.714,0,0.588
Dropout,Management (evening),Female,Married,Evening,No,Yes,No,No,No,33,30-39,113.4,133.1,5,1,10.0,5,2,12.0,0.4,1,0.964
Graduate,Social Service (evening),Female,Married,Evening,Yes,Yes,No,No,No,43,40+,128.0,140.0,6,6,12.333333333333334,6,6,11.5,1.0,0,0.03
Graduate,Agronomy,Female,Single,Daytime,No,Yes,No,No,No,54,40+,120.0,120.0,13,13,14.307692307692308,12,12,15.23076923076923,1.0,0,0.022
Graduate,Social Service (evening),Female,Single,Evening,No,Yes,No,No,No,39,30-39,147.5,130.0,11,11,14.454545454545457,8,8,13.5,1.0,0,0.055
Graduate,Management (evening),Female,Married,Evening,No,Yes,No,No,No,39,30-39,120.7,120.0,5,5,11.0,5,5,13.2,1.0,0,0.072
Graduate,Basic Education,Female,Single,Daytime,Yes,Yes,No,No,No,18,17-20,153.7,153.0,6,6,13.142857142857142,6,6,12.833333333333334,1.0,0,0.017
Graduate,Social Service,Female,Single,Daytime,Yes,Yes,No,No,No,19,17-20,121.9,131.0,6,6,13.75,6,6,11.857142857142858,1.0,0,0.032
Graduate,Advertising & Marketing,Female,Single,Daytime,Yes,Yes,No,Yes,No,18,17-20,119.4,126.0,6,6,14.0,6,5,13.8,0.833,0,0.079
Graduate,Social Service (evening),Female,Married,Evening,No,Yes,No,No,No,44,40+,157.8,110.0,8,8,13.75,6,6,12.5,1.0,0,0.07
Dropout,Management (evening),Female,Single,Evening,No,Yes,No,No,No,27,25-29,154.0,150.0,5,0,0.0,5,0,0.0,0.0,1,0.998
Graduate,Advertising & Marketing,Female,Single,Daytime,Yes,Yes,No,Yes,No,18,17-20,135.9,131.0,6,6,13.166666666666666,6,6,12.428571428571429,1.0,0,0.027
Dropout,Social Service (evening),Female,Married,Evening,No,Yes,No,No,No,45,40+,130.0,130.0,12,9,12.444444444444445,7,6,12.0,0.857,1,0.325
Graduate,Basic Education,Female,Single,Daytime,No,Yes,No,Yes,No,20,17-20,118.9,122.0,6,6,12.666666666666666,6,5,13.0,0.833,0,0.114
Graduate,Social Service (evening),Female,Married,Evening,No,Yes,No,No,No,40,40+,152.4,151.0,6,6,11.333333333333334,6,6,10.5,1.0,0,0.045
Enrolled,Management (evening),Female,Single,Evening,No,Yes,No,No,No,40,40+,147.8,120.0,5,4,11.25,5,5,12.0,1.0,0,0.269
Graduate,Nursing,Female,Single,Daytime,No,Yes,No,No,No,18,17-20,100.0,136.0,7,7,13.6125,8,8,14.575,1.0,0,0.027
Graduate,Nursing,Female,Single,Daytime,No,Yes,No,Yes,No,21,21-24,129.0,140.0,8,7,12.414285714285716,8,7,12.414285714285716,0.875,0,0.094
Graduate,Animation & Multimedia Design,Female,Single,Daytime,No,Yes,No,Yes,No,20,17-20,148.9,131.0,0,0,0.0,0,0,0.0,,0,0.434
Enrolled,Management (evening),Female,Married,Evening,No,Yes,No,No,No,36,30-39,120.0,120.0,12,11,11.5,12,12,11.4375,1.0,0,0.059
Dropout,Social Service (evening),Female,Married,Evening,No,Yes,No,No,No,27,25-29,170.0,170.0,5,0,0.0,6,0,0.0,0.0,1,0.995
Graduate,Oral Hygiene,Female,Married,Daytime,No,Yes,No,No,Yes,32,30-39,130.0,100.0,7,7,11.0,8,8,13.125,1.0,0,0.001
Graduate,Social Service,Female,Single,Daytime,Yes,Yes,No,Yes,No,18,17-20,119.2,116.0,6,6,14.0,6,6,13.5,1.0,0,0.028
Dropout,Social Service (evening),Female,Single,Evening,No,Yes,No,No,No,37,30-39,129.0,133.1,6,4,12.0,6,3,12.0,0.5,1,0.818
Graduate,Journalism & Communication,Female,Single,Daytime,No,Yes,No,Yes,No,19,17-20,132.5,136.0,6,6,12.5,6,6,12.5,1.0,0,0.073
Graduate,Social Service (evening),Female,Divorced,Evening,Yes,Yes,No,No,No,41,40+,115.0,160.0,6,6,11.333333333333334,6,6,11.333333333333334,1.0,0,0.024
Graduate,Nursing,Female,Married,Daytime,Yes,Yes,No,No,No,18,17-20,128.0,140.0,7,6,14.066666666666668,7,6,14.066666666666668,0.857,0,0.022
Graduate,Veterinary Nursing,Female,Single,Daytime,No,Yes,No,No,No,21,21-24,125.1,130.0,9,8,13.555555555555555,7,7,13.571428571428571,1.0,0,0.024
Dropout,Agronomy,Female,Single,Daytime,No,No,Yes,Yes,No,23,21-24,140.0,140.0,6,5,11.6,6,4,12.25,0.667,1,0.976
Dropout,Journalism & Communication,Female,Single,Daytime,No,Yes,No,Yes,No,18,17-20,120.9,123.0,6,0,0.0,6,0,0.0,0.0,1,0.999
Graduate,Nursing,Female,Single,Daytime,No,Yes,No,Yes,No,18,17-20,135.3,143.0,8,8,13.27625,8,8,13.27625,1.0,0,0.016
Dropout,Veterinary Nursing,Female,Single,Daytime,No,Yes,No,No,No,21,21-24,125.2,133.1,6,0,0.0,6,0,0.0,0.0,1,0.996
Graduate,Social Service,Female,Single,Daytime,No,Yes,No,Yes,No,19,17-20,135.7,136.0,6,6,14.375,6,6,14.75,1.0,0,0.037
Dropout,Management,Female,Legally separated,Daytime,No,Yes,No,No,No,47,40+,110.0,133.1,5,0,0.0,5,0,0.0,0.0,1,0.994
Enrolled,Social Service (evening),Female,Legally separated,Evening,Yes,Yes,No,No,No,48,40+,119.0,133.1,6,6,10.666666666666666,6,5,11.8,0.833,0,0.036
Graduate,Social Service (evening),Female,Married,Evening,No,Yes,No,No,No,39,30-39,110.0,110.0,13,12,13.416666666666666,10,10,14.5,1.0,0,0.034
Graduate,Nursing,Female,Single,Daytime,No,Yes,No,Yes,No,19,17-20,115.2,118.0,7,6,12.97166666666667,8,7,12.321428571428571,0.875,0,0.11
Dropout,Management (evening),Female,Single,Evening,No,Yes,No,No,No,38,30-39,112.9,110.0,15,14,10.928571428571429,14,12,11.833333333333334,0.857,1,0.287
Dropout,Agronomy,Female,Facto union,Daytime,No,No,Yes,No,No,27,25-29,119.4,133.1,6,0,0.0,6,0,0.0,0.0,1,1.0
Graduate,Animation & Multimedia Design,Female,Single,Daytime,Yes,Yes,No,Yes,No,18,17-20,152.9,162.0,0,0,0.0,0,0,0.0,,0,0.299
Enrolled,Social Service (evening),Female,Single,Evening,No,Yes,No,No,No,34,30-39,117.5,155.0,6,4,13.25,6,0,0.0,0.0,0,0.994
Dropout,Social Service,Female,Married,Daytime,No,Yes,No,No,No,48,40+,98.5,133.1,6,6,11.333333333333334,6,5,12.4,0.833,1,0.18
Dropout,Advertising & Marketing,Female,Single,Daytime,No,Yes,No,No,No,25,25-29,108.0,150.0,5,1,11.0,5,0,0.0,0.0,1,0.997
Graduate,Nursing,Female,Married,Daytime,Yes,Yes,No,No,No,32,30-39,120.0,133.1,8,7,12.757142857142856,8,7,12.757142857142856,0.875,0,0.032
Graduate,Journalism & Communication,Female,Single,Daytime,Yes,Yes,No,No,No,18,17-20,150.2,154.0,6,6,14.5,6,6,14.666666666666666,1.0,0,0.02
Graduate,Social Service (evening),Female,Single,Evening,No,Yes,Yes,No,No,20,17-20,139.2,140.0,6,6,13.833333333333334,6,6,14.571428571428571,1.0,0,0.127
Graduate,Management,Female,Single,Daytime,No,Yes,No,Yes,No,20,17-20,130.0,158.0,5,4,11.25,5,5,10.4,1.0,0,0.144
Dropout,Animation & Multimedia Design,Female,Single,Daytime,No,Yes,No,Yes,No,20,17-20,115.7,122.0,0,0,0.0,0,0,0.0,,1,0.378
Enrolled,Nursing,Female,Single,Daytime,No,Yes,No,Yes,No,19,17-20,127.0,136.0,8,1,13.67,8,1,13.67,0.125,0,0.933
Dropout,Management (evening),Female,Single,Evening,No,Yes,No,Yes,No,39,30-39,118.1,133.1,5,0,0.0,5,2,12.5,0.4,1,0.919
Dropout,Equinculture,Female,Single,Daytime,No,Yes,Yes,Yes,No,29,25-29,119.1,132.0,5,1,13.0,5,0,0.0,0.0,1,0.994
Dropout,Management (evening),Female,Single,Evening,No,Yes,Yes,No,No,36,30-39,111.9,130.0,5,0,0.0,5,0,0.0,0.0,1,0.999
Graduate,Nursing,Female,Single,Daytime,No,Yes,No,Yes,No,18,17-20,130.5,144.0,8,7,11.971428571428572,8,7,11.971428571428572,0.875,0,0.099
Dropout,Social Service (evening),Female,Married,Evening,No,Yes,No,No,No,51,40+,135.0,133.1,6,0,0.0,6,0,0.0,0.0,1,0.999
Dropout,Journalism & Communication,Female,Single,Daytime,No,Yes,Yes,No,Yes,23,21-24,130.0,133.1,6,1,16.0,6,4,12.25,0.667,1,0.686
Dropout,Veterinary Nursing,Female,Single,Daytime,No,Yes,No,Yes,No,21,21-24,150.0,150.0,6,0,0.0,6,0,0.0,0.0,1,0.999
Dropout,Basic Education,Female,Single,Daytime,No,No,No,Yes,No,28,25-29,150.2,150.0,6,4,12.75,5,0,0.0,0.0,1,0.998
Enrolled,Management (evening),Female,Married,Evening,No,Yes,No,No,No,34,30-39,127.1,110.0,5,4,11.0,5,4,10.75,0.8,0,0.272
Dropout,Social Service (evening),Female,Single,Evening,No,Yes,No,No,No,41,40+,107.5,100.0,2,0,0.0,6,0,0.0,0.0,1,0.996
Graduate,Social Service (evening),Female,Divorced,Evening,Yes,Yes,No,No,No,43,40+,130.0,100.0,6,5,12.2,6,6,12.333333333333334,1.0,0,0.023
Enrolled,Oral Hygiene,Female,Married,Daytime,No,Yes,No,Yes,Yes,28,25-29,152.8,133.1,7,7,12.428571428571429,8,8,12.3,1.0,0,0.211
Graduate,Animation & Multimedia Design,Female,Single,Daytime,Yes,Yes,No,No,No,19,17-20,160.1,145.0,12,12,14.5,11,11,13.583333333333334,1.0,0,0.001
Graduate,Agronomy,Female,Single,Daytime,No,Yes,No,No,No,26,25-29,140.0,130.0,12,6,13.0,12,11,13.833333333333334,0.917,0,0.45
Graduate,Nursing,Female,Single,Daytime,No,Yes,No,Yes,No,18,17-20,110.7,118.0,7,7,11.714285714285714,8,8,12.75,1.0,0,0.032
Dropout,Basic Education,Female,Married,Daytime,No,Yes,No,No,No,45,40+,138.3,133.1,7,4,10.25,7,3,13.0,0.429,1,0.912
Dropout,Basic Education,Female,Single,Daytime,No,Yes,No,No,No,19,17-20,150.0,150.0,6,0,0.0,6,0,0.0,0.0,1,0.996
Graduate,Advertising & Marketing,Female,Single,Daytime,No,Yes,No,No,No,20,17-20,112.3,113.0,6,6,12.375,6,6,13.142857142857142,1.0,0,0.065
Graduate,Basic Education,Female,Single,Daytime,No,Yes,No,No,No,18,17-20,122.0,136.0,6,6,12.666666666666666,6,6,12.0,1.0,0,0.037
Dropout,Veterinary Nursing,Female,Single,Daytime,No,Yes,No,Yes,No,27,25-29,141.7,140.0,6,3,10.5,6,1,12.0,0.167,1,0.986
Graduate,Agronomy,Female,Married,Daytime,No,Yes,No,No,No,20,17-20,118.4,131.0,6,6,14.125,6,5,12.6,0.833,0,0.1
Graduate,Veterinary Nursing,Female,Single,Daytime,No,Yes,No,Yes,No,18,17-20,128.7,138.0,6,6,14.666666666666666,6,6,13.833333333333334,1.0,0,0.066
Enrolled,Advertising & Marketing,Female,Married,Daytime,No,Yes,No,No,No,35,30-39,100.0,100.0,5,5,11.4,5,3,12.333333333333334,0.6,0,0.366
Dropout,Animation & Multimedia Design,Female,Single,Daytime,No,Yes,No,No,No,26,25-29,100.8,140.0,0,0,0.0,0,0,0.0,,1,0.666
Graduate,Social Service,Female,Divorced,Daytime,Yes,Yes,No,Yes,No,39,30-39,125.5,120.0,6,6,14.0,6,5,14.8,0.833,0,0.056
Graduate,Animation & Multimedia Design,Female,Single,Daytime,No,Yes,No,Yes,No,18,17-20,124.0,139.0,0,0,0.0,0,0,0.0,,0,0.352
Dropout,Nursing,Female,Single,Daytime,No,Yes,No,No,No,36,30-39,130.0,130.0,7,0,0.0,7,0,0.0,0.0,1,0.987
Graduate,Social Service (evening),Female,Married,Evening,No,Yes,No,No,No,38,30-39,160.5,110.0,11,11,12.636363636363637,8,8,11.0,1.0,0,0.063
Dropout,Basic Education,Female,Married,Daytime,No,Yes,No,No,No,45,40+,100.0,133.1,6,3,12.333333333333334,6,2,11.0,0.333,1,0.95
Graduate,Tourism,Female,Facto union,Daytime,No,Yes,No,No,No,62,40+,103.0,133.1,6,6,15.0,6,6,12.833333333333334,1.0,0,0.11
Graduate,Advertising & Marketing,Female,Single,Daytime,Yes,Yes,No,Yes,No,20,17-20,103.0,133.1,6,4,11.75,6,6,12.666666666666666,1.0,0,0.112
Graduate,Nursing,Female,Single,Daytime,No,Yes,No,Yes,No,18,17-20,131.5,139.0,8,7,14.13714285714286,8,7,14.13714285714286,0.875,0,0.054
Dropout,Communication Design,Female,Single,Daytime,No,Yes,No,No,No,18,17-20,121.4,134.0,6,2,12.0,6,1,11.0,0.167,1,0.975
Graduate,Management (evening),Female,Married,Evening,No,Yes,No,No,No,23,21-24,137.3,160.0,5,5,10.8,5,4,11.5,0.8,0,0.134
Dropout,Communication Design,Female,Single,Daytime,Yes,Yes,Yes,Yes,No,19,17-20,138.4,124.0,6,6,13.285714285714286,6,6,12.5,1.0,1,0.097
Graduate,Management,Female,Single,Daytime,Yes,Yes,Yes,Yes,No,19,17-20,131.1,137.0,5,5,13.6,5,5,12.6,1.0,0,0.159
Graduate,Nursing,Female,Single,Daytime,No,Yes,No,No,No,18,17-20,100.0,157.0,7,7,13.55,8,8,14.1875,1.0,0,0.03
Enrolled,Nursing,Female,Single,Daytime,No,Yes,No,Yes,No,18,17-20,133.0,138.0,8,0,0.0,8,0,0.0,0.0,0,0.997
Graduate,Social Service (evening),Female,Single,Evening,No,Yes,No,No,No,41,40+,100.0,100.0,6,4,13.5,6,6,11.166666666666666,1.0,0,0.144
Graduate,Advertising & Marketing,Female,Single,Daytime,Yes,Yes,No,No,No,51,40+,159.0,130.0,6,5,11.6,6,5,14.2,0.833,0,0.212
Graduate,Social Service,Female,Single,Daytime,No,Yes,No,Yes,No,24,21-24,120.6,133.1,10,10,12.5,7,4,12.6,0.571,0,0.642
Dropout,Management (evening),Female,Single,Evening,No,Yes,No,No,No,25,25-29,134.0,120.0,5,1,11.0,5,2,12.666666666666666,0.4,1,0.925
Enrolled,Veterinary Nursing,Female,Single,Daytime,No,Yes,No,No,No,18,17-20,139.4,150.0,5,3,12.0,5,4,13.0,0.8,0,0.244
Graduate,Management,Female,Single,Daytime,No,Yes,No,Yes,No,20,17-20,116.5,128.0,5,4,11.6,5,3,12.333333333333334,0.6,0,0.536
Dropout,Animation & Multimedia Design,Female,Single,Daytime,No,Yes,No,Yes,No,19,17-20,113.9,124.0,0,0,0.0,0,0,0.0,,1,0.419
Graduate,Management (evening),Female,Facto union,Evening,No,Yes,No,No,No,41,40+,130.0,130.0,10,10,14.636363636363637,10,10,14.6,1.0,0,0.034
Graduate,Tourism,Female,Single,Daytime,Yes,Yes,No,Yes,No,19,17-20,129.9,132.0,6,6,13.0,6,6,12.166666666666666,1.0,0,0.026
Dropout,Basic Education,Female,Single,Daytime,No,Yes,No,No,No,28,25-29,133.7,133.1,18,14,12.785714285714286,17,16,13.875,0.941,1,0.161
Graduate,Communication Design,Female,Single,Daytime,No,Yes,No,Yes,No,21,21-24,124.8,129.0,6,6,14.5,6,5,12.0,0.833,0,0.189
Dropout,Veterinary Nursing,Female,Single,Daytime,No,No,No,Yes,No,22,21-24,133.6,135.0,5,4,14.6,5,4,12.75,0.8,1,0.669
Graduate,Journalism & Communication,Female,Single,Daytime,No,No,No,Yes,No,18,17-20,133.5,138.0,6,6,12.5,6,6,12.166666666666666,1.0,0,0.495
Graduate,Communication Design,Female,Single,Daytime,Yes,Yes,No,Yes,No,19,17-20,128.0,135.0,6,6,14.0,6,6,13.125,1.0,0,0.023
Graduate,Nursing,Female,Single,Daytime,Yes,Yes,No,Yes,No,19,17-20,127.2,131.0,7,7,13.801428571428572,8,8,14.575,1.0,0,0.013
Graduate,Basic Education,Female,Single,Daytime,No,No,Yes,No,No,25,25-29,150.0,150.0,6,6,14.428571428571429,6,6,13.666666666666666,1.0,0,0.697
Graduate,Nursing,Female,Single,Daytime,Yes,Yes,No,Yes,No,18,17-20,127.8,133.0,7,6,14.35,7,6,14.35,0.857,0,0.052
Graduate,Communication Design,Female,Single,Daytime,No,Yes,No,Yes,No,19,17-20,125.2,135.0,6,6,14.333333333333334,6,6,13.5,1.0,0,0.058
Enrolled,Basic Education,Female,Single,Daytime,No,Yes,No,Yes,No,20,17-20,110.0,118.0,6,4,12.25,6,4,11.5,0.667,0,0.725
Graduate,Social Service (evening),Female,Married,Evening,No,Yes,No,No,No,46,40+,100.0,100.0,6,6,13.333333333333334,6,6,11.833333333333334,1.0,0,0.04
Graduate,Animation & Multimedia Design,Female,Single,Daytime,No,No,No,Yes,No,19,17-20,151.4,158.0,12,12,13.0,11,11,13.25,1.0,0,0.028
Enrolled,Tourism,Female,Single,Daytime,No,Yes,No,Yes,No,18,17-20,125.1,137.0,6,4,11.75,6,5,11.2,0.833,0,0.33
Graduate,Equinculture,Female,Single,Daytime,Yes,Yes,No,Yes,No,18,17-20,163.3,172.0,6,6,14.5,6,4,13.0,0.667,0,0.177
Graduate,Nursing,Female,Single,Daytime,Yes,Yes,No,Yes,No,19,17-20,118.0,123.0,8,7,11.82,8,7,11.82,0.875,0,0.04
Dropout,Journalism & Communication,Female,Single,Daytime,No,Yes,No,Yes,No,20,17-20,140.2,144.0,6,0,0.0,6,0,0.0,0.0,1,0.999
Graduate,Social Service (evening),Female,Married,Evening,Yes,Yes,No,No,No,38,30-39,128.5,140.0,6,5,12.4,6,6,12.666666666666666,1.0,0,0.034
Graduate,Journalism & Communication,Female,Single,Daytime,No,Yes,No,Yes,No,18,17-20,131.5,136.0,6,6,12.571428571428571,6,6,11.857142857142858,1.0,0,0.069
Graduate,Nursing,Female,Single,Daytime,Yes,Yes,No,Yes,No,18,17-20,132.6,137.0,7,7,13.857142857142858,8,8,14.9,1.0,0,0.016
Graduate,Social Service,Female,Single,Daytime,No,Yes,No,Yes,No,18,17-20,122.1,128.0,6,5,11.833333333333334,6,5,13.8,0.833,0,0.265
Enrolled,Management,Female,Single,Daytime,No,Yes,No,No,No,20,17-20,112.0,120.0,5,4,11.0,5,4,11.5,0.8,0,0.331
Graduate,Equinculture,Female,Single,Daytime,No,Yes,No,Yes,No,19,17-20,133.0,130.0,6,6,14.666666666666666,6,6,13.666666666666666,1.0,0,0.058
Dropout,Social Service (evening),Female,Divorced,Evening,No,No,No,No,No,37,30-39,127.0,138.0,4,0,0.0,5,0,0.0,0.0,1,0.999
Enrolled,Nursing,Female,Single,Daytime,No,Yes,No,No,No,24,21-24,130.0,148.0,8,7,12.714285714285714,8,7,12.714285714285714,0.875,0,0.08
Graduate,Nursing,Female,Single,Daytime,No,Yes,No,Yes,No,19,17-20,136.4,139.0,7,7,13.422222222222224,8,7,12.18888888888889,0.875,0,0.086
Dropout,Journalism & Communication,Female,Single,Daytime,Yes,Yes,No,Yes,No,19,17-20,129.0,136.0,6,6,14.0,6,5,12.2,0.833,1,0.114
Dropout,Oral Hygiene,Female,Single,Daytime,Yes,Yes,No,Yes,No,19,17-20,119.0,126.0,7,7,12.142857142857142,8,8,13.375,1.0,1,0.017
Graduate,Management,Female,Single,Daytime,Yes,Yes,Yes,Yes,No,18,17-20,128.0,135.0,5,5,12.8,5,5,13.0,1.0,0,0.135
Graduate,Nursing,Female,Single,Daytime,Yes,Yes,No,Yes,No,18,17-20,117.1,122.0,7,7,14.572857142857142,8,8,14.955555555555556,1.0,0,0.011
Graduate,Management,Female,Single,Daytime,No,Yes,No,No,No,18,17-20,136.3,137.0,5,4,11.25,5,4,11.0,0.8,0,0.256
Enrolled,Management,Female,Single,Daytime,Yes,Yes,No,Yes,No,19,17-20,124.6,127.0,5,2,10.0,5,4,11.75,0.8,0,0.497
Dropout,Equinculture,Female,Single,Daytime,No,Yes,No,Yes,No,18,17-20,130.7,137.0,6,5,14.4,6,4,14.6,0.667,1,0.381
Graduate,Nursing,Female,Single,Daytime,No,Yes,No,Yes,No,20,17-20,115.2,125.0,7,7,12.982857142857142,8,8,14.4625,1.0,0,0.027
Graduate,Veterinary Nursing,Female,Single,Daytime,No,Yes,No,Yes,No,20,17-20,130.2,141.0,6,6,15.75,6,6,13.0,1.0,0,0.101
Dropout,Veterinary Nursing,Female,Single,Daytime,No,Yes,No,No,No,18,17-20,128.5,132.0,6,5,12.285714285714286,6,3,14.0,0.5,1,0.519
Graduate,Nursing,Female,Single,Daytime,No,Yes,No,Yes,No,20,17-20,95.0,133.1,7,6,13.755,8,7,13.571428571428571,0.875,0,0.126
Graduate,Advertising & Marketing,Female,Single,Daytime,Yes,Yes,No,Yes,No,18,17-20,119.4,132.0,6,6,13.833333333333334,6,6,13.5,1.0,0,0.036
Dropout,Nursing,Female,Single,Daytime,No,Yes,No,Yes,No,19,17-20,123.5,142.0,7,0,0.0,8,0,0.0,0.0,1,1.0
Graduate,Nursing,Female,Single,Daytime,No,Yes,No,Yes,No,18,17-20,133.9,136.0,7,7,14.711111111111112,8,8,14.627777777777778,1.0,0,0.035
Graduate,Veterinary Nursing,Female,Single,Daytime,No,Yes,No,Yes,No,20,17-20,145.2,150.0,11,11,14.615384615384617,9,9,13.7,1.0,0,0.019
Graduate,Nursing,Female,Single,Daytime,No,Yes,No,No,No,18,17-20,118.8,130.0,7,7,13.677142857142858,8,8,14.533333333333331,1.0,0,0.017
Graduate,Veterinary Nursing,Female,Single,Daytime,Yes,Yes,No,Yes,No,19,17-20,123.4,136.0,5,5,13.166666666666666,5,5,12.8,1.0,0,0.024
Graduate,Social Service,Female,Single,Daytime,No,Yes,No,Yes,No,19,17-20,123.0,138.0,6,5,10.8,6,5,11.333333333333334,0.833,0,0.355
Graduate,Equinculture,Female,Single,Daytime,No,Yes,No,No,No,19,17-20,118.4,131.0,5,3,12.0,5,5,12.833333333333334,1.0,0,0.181
Graduate,Nursing,Female,Single,Daytime,No,Yes,No,No,No,18,17-20,131.6,147.0,7,6,13.958333333333334,8,8,14.71875,1.0,0,0.03
Dropout,Basic Education,Female,Single,Daytime,No,Yes,No,Yes,No,19,17-20,122.3,140.0,6,4,13.0,6,4,12.25,0.667,1,0.646
Graduate,Animation & Multimedia Design,Female,Single,Daytime,Yes,Yes,No,Yes,No,24,21-24,151.7,152.0,0,0,0.0,0,0,0.0,,0,0.334
Graduate,Animation & Multimedia Design,Female,Single,Daytime,Yes,Yes,No,Yes,No,18,17-20,176.0,169.0,0,0,0.0,0,0,0.0,,0,0.244
Graduate,Nursing,Female,Single,Daytime,Yes,Yes,No,Yes,No,18,17-20,133.0,149.0,8,7,14.0,8,7,14.0,0.875,0,0.041
Enrolled,Journalism & Communication,Female,Single,Daytime,No,Yes,No,Yes,No,18,17-20,139.8,137.0,6,6,12.571428571428571,6,6,12.571428571428571,1.0,0,0.114
Dropout,Journalism & Communication,Female,Single,Daytime,No,Yes,No,Yes,No,19,17-20,119.6,122.0,6,4,12.0,6,3,11.333333333333334,0.5,1,0.847
Graduate,Social Service (evening),Female,Single,Evening,Yes,Yes,No,No,No,35,30-39,134.0,130.0,8,8,13.625,7,7,14.0,1.0,0,0.014
Graduate,Management,Female,Single,Daytime,No,Yes,No,Yes,No,19,17-20,132.0,145.0,5,4,12.5,5,4,10.0,0.8,0,0.337
Dropout,Basic Education,Female,Single,Daytime,No,Yes,No,No,No,28,25-29,130.0,130.0,15,14,12.428571428571429,14,11,11.909090909090908,0.786,1,0.27
Graduate,Nursing,Female,Single,Daytime,No,Yes,No,No,No,21,21-24,141.4,157.0,7,7,13.3875,8,8,15.9,1.0,0,0.059
Graduate,Nursing,Female,Single,Daytime,Yes,Yes,No,Yes,No,19,17-20,128.9,135.0,7,6,12.648333333333332,8,8,12.205555555555556,1.0,0,0.034
Graduate,Social Service,Female,Single,Daytime,No,Yes,No,Yes,No,19,17-20,118.1,123.0,6,6,14.0,6,6,13.333333333333334,1.0,0,0.053
Graduate,Veterinary Nursing,Female,Single,Daytime,No,Yes,No,No,No,18,17-20,130.6,139.0,5,5,12.8,5,5,11.857142857142858,1.0,0,0.036
Graduate,Tourism,Female,Single,Daytime,No,Yes,No,Yes,No,18,17-20,122.0,136.0,6,6,11.333333333333334,6,6,10.833333333333334,1.0,0,0.061
Dropout,Nursing,Female,Single,Daytime,No,No,No,Yes,No,19,17-20,123.0,135.0,7,0,0.0,8,0,0.0,0.0,1,1.0
Graduate,Advertising & Marketing,Female,Single,Daytime,Yes,Yes,No,Yes,No,20,17-20,126.7,126.0,6,6,14.166666666666666,6,6,13.0,1.0,0,0.033
Graduate,Journalism & Communication,Female,Single,Daytime,No,Yes,No,Yes,No,18,17-20,126.6,122.0,6,6,12.833333333333334,6,6,13.833333333333334,1.0,0,0.048
Dropout,Basic Education,Female,Single,Daytime,No,No,Yes,No,No,19,17-20,125.4,125.0,7,4,12.0,7,6,11.833333333333334,0.857,1,0.951
Dropout,Journalism & Communication,Female,Single,Daytime,Yes,Yes,No,Yes,No,20,17-20,136.1,134.0,6,6,13.0,6,6,13.142857142857142,1.0,1,0.031
Enrolled,Nursing,Female,Single,Daytime,No,Yes,No,Yes,No,18,17-20,128.8,130.0,7,6,13.39,8,7,12.757142857142856,0.875,0,0.153
Graduate,Advertising & Marketing,Female,Single,Daytime,No,No,No,Yes,No,18,17-20,111.1,110.0,6,6,12.333333333333334,6,5,13.6,0.833,0,0.563
Graduate,Communication Design,Female,Single,Daytime,Yes,Yes,No,No,No,21,21-24,135.9,131.0,6,6,12.571428571428571,6,6,11.625,1.0,0,0.027
Graduate,Tourism,Female,Single,Daytime,Yes,Yes,No,Yes,No,19,17-20,119.6,122.0,6,6,12.333333333333334,6,6,12.833333333333334,1.0,0,0.026
Graduate,Basic Education,Female,Single,Daytime,No,Yes,No,Yes,No,19,17-20,116.7,123.0,6,5,13.0,6,4,10.75,0.667,0,0.494
Enrolled,Veterinary Nursing,Female,Single,Daytime,No,Yes,No,No,No,19,17-20,126.0,146.0,5,3,12.333333333333334,5,4,10.25,0.8,0,0.388
Dropout,Journalism & Communication,Female,Single,Daytime,No,Yes,No,Yes,No,18,17-20,134.2,137.0,6,6,13.166666666666666,6,5,14.2,0.833,1,0.154
Graduate,Management,Female,Single,Daytime,Yes,Yes,No,No,No,18,17-20,123.0,130.0,5,5,13.333333333333334,5,5,13.6,1.0,0,0.027
Graduate,Veterinary Nursing,Female,Single,Daytime,No,Yes,No,Yes,No,18,17-20,123.9,127.0,5,4,13.0,5,5,13.142857142857142,1.0,0,0.166
Dropout,Oral Hygiene,Female,Married,Daytime,No,Yes,No,No,No,31,30-39,120.0,160.0,7,5,10.9,8,3,11.7,0.375,1,0.794
Enrolled,Management,Female,Single,Daytime,No,Yes,No,Yes,No,19,17-20,112.3,139.0,5,2,11.5,5,3,10.857142857142858,0.6,0,0.851
Graduate,Veterinary Nursing,Female,Single,Daytime,Yes,Yes,No,Yes,No,20,17-20,123.0,138.0,6,6,15.857142857142858,6,6,16.0,1.0,0,0.028
Dropout,Veterinary Nursing,Female,Single,Daytime,Yes,Yes,No,No,No,19,17-20,122.3,137.0,5,5,12.6,5,3,13.0,0.6,1,0.196
Graduate,Social Service,Female,Single,Daytime,Yes,Yes,No,No,No,19,17-20,122.8,127.0,6,6,14.0,6,6,14.571428571428571,1.0,0,0.022
Dropout,Equinculture,Female,Facto union,Daytime,No,No,No,No,No,27,25-29,160.0,160.0,5,3,14.666666666666666,5,2,13.0,0.4,1,0.892
Graduate,Journalism & Communication,Female,Single,Daytime,Yes,Yes,No,Yes,No,18,17-20,120.1,132.0,6,6,13.666666666666666,6,6,14.0,1.0,0,0.027
Dropout,Social Service (evening),Female,Single,Evening,No,Yes,No,No,No,32,30-39,142.4,126.0,6,0,0.0,6,0,0.0,0.0,1,0.997
Graduate,Nursing,Female,Single,Daytime,No,Yes,No,Yes,No,18,17-20,127.3,133.0,8,7,12.628571428571428,8,7,12.628571428571428,0.875,0,0.079
Graduate,Nursing,Female,Single,Daytime,Yes,Yes,No,Yes,No,19,17-20,125.5,140.0,8,7,14.232857142857142,8,7,14.232857142857142,0.875,0,0.03
Enrolled,Journalism & Communication,Female,Single,Daytime,No,Yes,No,No,No,19,17-20,137.4,130.0,6,6,15.0,6,6,14.0,1.0,0,0.044
Dropout,Tourism,Female,Single,Daytime,No,Yes,No,Yes,No,18,17-20,122.0,129.0,6,2,10.0,6,0,0.0,0.0,1,0.998
Dropout,Advertising & Marketing,Female,Single,Daytime,Yes,Yes,No,Yes,No,18,17-20,107.5,110.0,6,4,12.25,6,4,11.0,0.667,1,0.527
Graduate,Journalism & Communication,Female,Single,Daytime,Yes,No,Yes,No,No,24,21-24,104.0,133.1,6,6,13.5,6,6,13.0,1.0,0,0.236
Graduate,Social Service,Female,Single,Daytime,Yes,Yes,No,Yes,No,19,17-20,133.1,132.0,6,5,12.2,6,6,11.5,1.0,0,0.064
Dropout,Tourism,Female,Single,Daytime,No,Yes,Yes,Yes,No,21,21-24,113.3,115.0,6,0,0.0,6,0,0.0,0.0,1,1.0
Graduate,Communication Design,Female,Single,Daytime,No,Yes,No,Yes,No,19,17-20,130.0,130.0,7,6,12.0,9,8,12.75,0.889,0,0.172
Enrolled,Nursing,Female,Single,Daytime,No,Yes,No,Yes,Yes,19,17-20,124.3,140.0,7,5,12.32,7,5,11.9,0.714,0,0.06
Graduate,Oral Hygiene,Female,Single,Daytime,Yes,Yes,No,Yes,No,36,30-39,105.0,140.0,7,6,12.35,7,5,12.5,0.714,0,0.284
Dropout,Veterinary Nursing,Male,Single,Daytime,No,Yes,No,No,No,51,40+,144.0,133.1,6,0,0.0,6,0,0.0,0.0,1,0.999
Enrolled,Advertising & Marketing,Male,Single,Daytime,Yes,Yes,No,Yes,No,20,17-20,111.9,121.0,6,6,11.333333333333334,6,4,10.571428571428571,0.667,0,0.26
Dropout,Social Service (evening),Male,Single,Evening,No,No,Yes,No,No,29,25-29,107.5,133.1,6,0,0.0,5,0,0.0,0.0,1,1.0
Dropout,Social Service,Male,Single,Daytime,No,No,Yes,No,No,27,25-29,127.4,130.0,6,5,11.6,6,5,12.0,0.833,1,0.957
Enrolled,Informatics Engineering,Male,Single,Daytime,No,Yes,No,Yes,No,33,30-39,149.0,130.0,5,4,12.0,5,3,13.666666666666666,0.6,0,0.565
Dropout,Management,Male,Married,Daytime,No,No,No,No,No,57,40+,120.0,120.0,15,12,11.75,14,9,12.22222222222222,0.643,1,0.993
Enrolled,Advertising & Marketing,Male,Single,Daytime,No,Yes,No,Yes,No,20,17-20,143.6,132.0,6,5,12.8,6,5,11.6,0.833,0,0.246
Dropout,Advertising & Marketing,Male,Single,Daytime,No,Yes,No,No,No,26,25-29,120.0,100.0,5,3,11.333333333333334,5,3,13.666666666666666,0.6,1,0.704
Enrolled,Informatics Engineering,Male,Single,Daytime,No,No,Yes,No,No,27,25-29,128.0,130.0,5,0,0.0,5,0,0.0,0.0,0,1.0
Graduate,Advertising & Marketing,Male,Single,Daytime,No,Yes,No,No,No,19,17-20,118.2,129.0,5,5,10.8,5,4,12.25,0.8,0,0.138
Dropout,Veterinary Nursing,Male,Single,Daytime,No,Yes,No,Yes,No,23,21-24,160.0,160.0,6,5,12.5,6,2,13.5,0.333,1,0.8
Graduate,Management (evening),Male,Single,Evening,No,Yes,No,No,No,27,25-29,152.4,120.0,5,5,15.2,5,5,14.166666666666666,1.0,0,0.119
Graduate,Nursing,Male,Single,Daytime,Yes,Yes,Yes,Yes,No,20,17-20,116.6,122.0,7,7,13.314285714285717,8,8,12.575,1.0,0,0.075
Graduate,Communication Design,Female,Single,Daytime,Yes,Yes,No,No,No,19,17-20,141.6,143.0,12,11,13.090909090909092,11,11,12.083333333333334,1.0,0,0.009
Dropout,Equinculture,Female,Single,Daytime,No,No,Yes,Yes,No,19,17-20,105.5,110.0,6,0,0.0,6,0,0.0,0.0,1,1.0
Graduate,Communication Design,Female,Single,Daytime,No,Yes,No,Yes,No,20,17-20,116.3,124.0,6,5,12.2,6,6,11.5,1.0,0,0.15
Enrolled,Management,Female,Married,Daytime,No,Yes,No,No,No,33,30-39,110.0,110.0,8,6,12.833333333333334,5,4,12.0,0.8,0,0.582
Graduate,Management (evening),Female,Single,Evening,No,Yes,No,Yes,No,22,21-24,119.5,130.0,15,15,11.2,14,14,12.428571428571429,1.0,0,0.008
Graduate,Management,Female,Single,Daytime,No,Yes,No,Yes,No,18,17-20,125.0,139.0,5,3,12.333333333333334,5,4,12.0,0.8,0,0.48
Graduate,Nursing,Female,Facto union,Daytime,No,Yes,No,No,No,27,25-29,160.0,140.0,8,7,15.94285714285714,8,7,15.94285714285714,0.875,0,0.023
Dropout,Management (evening),Female,Single,Evening,No,Yes,No,No,No,27,25-29,150.0,150.0,5,0,0.0,5,0,0.0,0.0,1,0.997
Graduate,Social Service,Female,Single,Daytime,No,Yes,No,Yes,No,19,17-20,115.0,123.0,6,4,10.25,6,6,10.714285714285714,1.0,0,0.192
Enrolled,Basic Education,Female,Single,Daytime,Yes,Yes,No,Yes,No,20,17-20,128.4,128.0,6,5,13.2,6,5,12.833333333333334,0.833,0,0.122
Graduate,Social Service (evening),Female,Single,Evening,Yes,Yes,No,No,No,23,21-24,112.8,100.0,6,6,14.166666666666666,6,6,12.5,1.0,0,0.018
Graduate,Nursing,Female,Single,Daytime,Yes,Yes,No,Yes,No,22,21-24,131.0,148.0,23,20,14.575,23,20,14.575,0.87,0,0.003
Dropout,Tourism,Female,Single,Daytime,Yes,Yes,No,Yes,No,18,17-20,121.6,130.0,6,1,10.0,6,0,0.0,0.0,1,0.997
Graduate,Social Service,Female,Single,Daytime,Yes,Yes,No,No,No,18,17-20,110.0,118.0,6,6,12.285714285714286,6,6,11.428571428571429,1.0,0,0.024
Graduate,Social Service (evening),Female,Single,Evening,Yes,Yes,No,No,No,31,30-39,148.5,120.0,6,6,14.0,6,6,12.333333333333334,1.0,0,0.022
Dropout,Journalism & Communication,Female,Single,Daytime,No,Yes,No,No,No,19,17-20,118.3,119.0,6,4,11.25,6,0,0.0,0.0,1,0.993
Enrolled,Social Service,Female,Single,Daytime,No,Yes,No,Yes,No,19,17-20,135.9,138.0,6,5,11.6,6,6,11.666666666666666,1.0,0,0.084
Dropout,Social Service (evening),Female,Single,Evening,No,Yes,No,No,No,24,21-24,115.8,127.0,6,1,12.0,6,0,0.0,0.0,1,0.999
Graduate,Nursing,Female,Single,Daytime,No,Yes,No,No,No,19,17-20,121.2,134.0,7,7,13.47,8,8,13.32625,1.0,0,0.022
Graduate,Management,Female,Single,Daytime,No,Yes,No,Yes,No,19,17-20,136.2,133.0,5,5,12.4,5,5,12.8,1.0,0,0.086
Dropout,Advertising & Marketing,Female,Single,Daytime,No,No,No,Yes,No,26,25-29,100.2,133.1,6,3,11.75,6,4,11.5,0.667,1,0.972
Dropout,Animation & Multimedia Design,Male,Single,Daytime,No,No,Yes,Yes,Yes,27,25-29,152.7,180.0,0,0,0.0,0,0,0.0,,1,0.928
Graduate,Social Service,Female,Single,Daytime,No,Yes,No,Yes,No,19,17-20,123.1,129.0,6,6,12.0,6,6,12.428571428571429,1.0,0,0.072
Dropout,Veterinary Nursing,Female,Married,Daytime,No,Yes,No,No,No,29,25-29,130.0,120.0,5,5,15.333333333333334,5,5,15.4,1.0,1,0.037
Graduate,Nursing,Female,Single,Daytime,Yes,Yes,No,Yes,No,18,17-20,125.0,141.0,8,8,12.32,8,8,12.32,1.0,0,0.007
Graduate,Nursing,Female,Single,Daytime,No,Yes,No,Yes,No,19,17-20,113.1,118.0,7,7,13.79857142857143,8,8,14.75625,1.0,0,0.019
Enrolled,Journalism & Communication,Female,Single,Daytime,No,Yes,No,Yes,No,18,17-20,121.1,127.0,6,6,13.166666666666666,6,6,12.5,1.0,0,0.095
Graduate,Management,Female,Single,Daytime,Yes,Yes,No,No,No,18,17-20,162.3,177.0,5,5,16.333333333333332,5,5,15.4,1.0,0,0.024
Dropout,Animation & Multimedia Design,Female,Single,Daytime,No,Yes,No,Yes,No,19,17-20,132.0,132.0,0,0,0.0,0,0,0.0,,1,0.521
Graduate,Nursing,Female,Single,Daytime,No,Yes,No,Yes,No,19,17-20,130.7,133.0,7,7,14.757142857142856,8,8,15.366666666666667,1.0,0,0.03
Dropout,Tourism,Female,Single,Daytime,No,Yes,No,Yes,No,19,17-20,122.3,124.0,6,6,11.666666666666666,6,6,12.333333333333334,1.0,1,0.086
Enrolled,Advertising & Marketing,Female,Single,Daytime,No,Yes,No,Yes,No,19,17-20,144.1,143.0,6,5,12.6,6,5,12.375,0.833,0,0.196
Graduate,Journalism & Communication,Female,Single,Daytime,No,Yes,No,No,No,19,17-20,118.2,128.0,6,6,11.666666666666666,6,6,11.5,1.0,0,0.038
Graduate,Social Service,Female,Single,Daytime,Yes,Yes,No,No,No,19,17-20,133.5,138.0,6,6,15.0,6,6,13.333333333333334,1.0,0,0.015
Dropout,Nursing,Female,Single,Daytime,No,No,Yes,Yes,No,18,17-20,126.8,144.0,7,0,0.0,8,0,0.0,0.0,1,1.0
Graduate,Journalism & Communication,Female,Single,Daytime,No,Yes,No,Yes,No,20,17-20,121.0,122.0,6,6,13.571428571428571,6,6,13.333333333333334,1.0,0,0.08
Graduate,Tourism,Female,Single,Daytime,No,Yes,No,No,No,20,17-20,117.7,111.0,6,5,10.8,6,4,11.5,0.667,0,0.295
Enrolled,Veterinary Nursing,Female,Single,Daytime,No,Yes,No,Yes,No,21,21-24,115.0,133.1,5,3,11.333333333333334,5,3,13.333333333333334,0.6,0,0.576
Dropout,Management (evening),Female,Married,Evening,No,Yes,No,No,No,31,30-39,129.2,120.0,10,5,11.4,10,6,12.833333333333334,0.6,1,0.89
Graduate,Oral Hygiene,Female,Single,Daytime,Yes,Yes,No,No,No,20,17-20,125.8,135.0,7,7,10.642857142857142,8,8,11.55,1.0,0,0.009
Enrolled,Advertising & Marketing,Female,Single,Daytime,Yes,Yes,No,Yes,No,19,17-20,118.4,125.0,5,3,10.5,5,4,11.75,0.8,0,0.24
Graduate,Nursing,Female,Single,Daytime,No,Yes,No,Yes,No,18,17-20,142.0,147.0,7,6,14.65,7,6,14.65,0.857,0,0.073
Graduate,Nursing,Female,Single,Daytime,Yes,Yes,No,Yes,No,19,17-20,126.7,137.0,7,7,13.714285714285714,8,8,14.863636363636363,1.0,0,0.014
Graduate,Social Service,Female,Single,Daytime,No,Yes,No,No,No,30,30-39,109.3,117.0,16,15,12.266666666666667,13,13,12.071428571428571,1.0,0,0.018
Enrolled,Social Service,Female,Single,Daytime,No,Yes,No,Yes,No,21,21-24,116.9,126.0,6,6,10.375,6,3,11.666666666666666,0.5,0,0.528
Graduate,Management,Female,Single,Daytime,No,Yes,No,Yes,No,19,17-20,121.7,128.0,5,5,11.0,5,5,15.4,1.0,0,0.077
Graduate,Management,Female,Single,Daytime,No,Yes,Yes,Yes,No,22,21-24,117.1,115.0,5,5,13.8,5,5,13.0,1.0,0,0.211
Graduate,Journalism & Communication,Female,Single,Daytime,Yes,Yes,No,No,No,18,17-20,114.4,121.0,6,6,12.666666666666666,6,6,12.833333333333334,1.0,0,0.016
Graduate,Social Service,Female,Single,Daytime,No,Yes,No,Yes,No,18,17-20,133.0,134.0,6,6,11.75,6,5,12.0,0.833,0,0.147
Graduate,Nursing,Female,Single,Daytime,Yes,Yes,No,Yes,No,19,17-20,118.8,126.0,8,7,12.785714285714286,8,7,12.785714285714286,0.875,0,0.034
Graduate,Equinculture,Female,Single,Daytime,No,Yes,No,Yes,No,18,17-20,151.0,151.0,6,6,14.444444444444445,6,6,13.333333333333334,1.0,0,0.082
Enrolled,Nursing,Female,Single,Daytime,No,Yes,No,Yes,No,21,21-24,119.6,122.0,7,6,13.25,8,8,13.8375,1.0,0,0.069
Enrolled,Nursing,Female,Single,Daytime,No,Yes,No,Yes,No,18,17-20,135.4,141.0,7,7,12.50625,8,5,13.2,0.625,0,0.292
Graduate,Animation & Multimedia Design,Female,Single,Daytime,No,Yes,No,Yes,No,20,17-20,149.9,138.0,0,0,0.0,0,0,0.0,,0,0.384
Graduate,Veterinary Nursing,Female,Single,Daytime,No,Yes,No,Yes,No,18,17-20,120.1,133.0,5,4,12.75,5,4,11.75,0.8,0,0.278
Graduate,Veterinary Nursing,Female,Single,Daytime,No,Yes,No,Yes,No,25,25-29,173.3,150.0,6,6,16.857142857142858,6,6,16.5,1.0,0,0.097
Graduate,Journalism & Communication,Female,Single,Daytime,No,Yes,No,No,No,19,17-20,126.2,136.0,6,6,13.166666666666666,6,6,15.0,1.0,0,0.042
Enrolled,Basic Education,Female,Single,Daytime,Yes,Yes,No,Yes,No,19,17-20,126.9,129.0,6,5,12.2,6,4,11.5,0.667,0,0.21
Graduate,Veterinary Nursing,Female,Single,Daytime,No,Yes,No,Yes,No,26,25-29,157.4,128.0,6,6,16.5,6,6,14.285714285714286,1.0,0,0.084
Graduate,Management,Female,Single,Daytime,No,Yes,No,Yes,No,21,21-24,120.2,131.0,5,4,11.75,5,5,11.6,1.0,0,0.234
Dropout,Management,Female,Single,Daytime,No,Yes,No,No,No,19,17-20,124.8,130.0,5,1,11.0,5,0,0.0,0.0,1,0.998
Graduate,Nursing,Female,Single,Daytime,Yes,Yes,No,No,No,19,17-20,130.3,150.0,8,7,15.114285714285714,8,7,15.114285714285714,0.875,0,0.021
Graduate,Social Service,Female,Single,Daytime,Yes,Yes,No,Yes,No,18,17-20,152.4,165.0,6,6,15.5,6,6,14.285714285714286,1.0,0,0.032
Graduate,Management (evening),Female,Married,Evening,Yes,Yes,No,No,No,32,30-39,113.5,133.1,10,7,11.142857142857142,10,8,12.0,0.8,0,0.236
Graduate,Social Service,Female,Single,Daytime,Yes,Yes,No,No,No,18,17-20,125.7,126.0,6,6,11.333333333333334,6,6,11.333333333333334,1.0,0,0.023
Enrolled,Nursing,Female,Single,Daytime,No,Yes,No,No,No,20,17-20,102.4,101.0,7,5,12.04,7,6,11.77142857142857,0.857,0,0.245
Enrolled,Management,Female,Single,Daytime,No,Yes,No,No,No,20,17-20,125.7,125.0,5,5,11.166666666666666,5,4,10.75,0.8,0,0.233
Graduate,Advertising & Marketing,Female,Divorced,Daytime,Yes,Yes,Yes,No,No,39,30-39,120.0,100.0,5,5,10.6,5,4,10.75,0.8,0,0.237
Enrolled,Equinculture,Female,Single,Daytime,No,Yes,No,Yes,No,20,17-20,109.3,117.0,5,4,12.5,5,2,13.0,0.4,0,0.764
Dropout,Animation & Multimedia Design,Female,Single,Daytime,No,No,Yes,Yes,No,18,17-20,162.2,159.0,0,0,0.0,0,0,0.0,,1,0.971
Graduate,Journalism & Communication,Female,Single,Daytime,Yes,Yes,Yes,No,No,18,17-20,155.7,177.0,6,6,15.666666666666666,6,6,13.833333333333334,1.0,0,0.037
Graduate,Animation & Multimedia Design,Female,Single,Daytime,No,Yes,No,Yes,No,21,21-24,147.7,156.0,12,12,15.333333333333334,11,11,15.0,1.0,0,0.002
Enrolled,Nursing,Female,Single,Daytime,No,Yes,No,Yes,No,18,17-20,115.6,125.0,7,6,12.183333333333332,7,6,11.783333333333331,0.857,0,0.229
Enrolled,Management,Female,Single,Daytime,No,Yes,No,No,No,18,17-20,117.8,130.0,5,2,10.0,5,3,11.333333333333334,0.6,0,0.659
Graduate,Agronomy,Female,Single,Daytime,No,Yes,No,Yes,No,21,21-24,125.0,125.0,14,9,12.0,12,8,11.25,0.667,0,0.898
Dropout,Management,Female,Single,Daytime,No,Yes,No,Yes,No,22,21-24,129.8,127.0,5,3,10.333333333333334,5,2,10.0,0.4,1,0.841
Enrolled,Tourism,Male,Single,Daytime,No,Yes,No,Yes,No,21,21-24,123.1,121.0,6,6,11.166666666666666,6,3,14.666666666666666,0.5,0,0.491
Enrolled,Communication Design,Male,Single,Daytime,Yes,Yes,No,Yes,No,20,17-20,122.8,135.0,6,3,11.0,6,2,11.333333333333334,0.333,0,0.923
Graduate,Animation & Multimedia Design,Male,Single,Daytime,Yes,Yes,No,Yes,No,21,21-24,117.3,125.0,0,0,0.0,0,0,0.0,,0,0.415
Graduate,Tourism,Female,Single,Daytime,Yes,Yes,No,Yes,Yes,20,17-20,126.5,138.0,6,6,12.857142857142858,6,5,11.8,0.833,0,0.026
Graduate,Nursing,Female,Single,Daytime,No,Yes,No,Yes,No,19,17-20,123.0,136.0,8,7,14.328571428571427,8,7,14.328571428571427,0.875,0,0.063
Graduate,Social Service,Female,Single,Daytime,Yes,Yes,No,No,No,20,17-20,127.7,142.0,6,6,15.0,6,6,16.333333333333332,1.0,0,0.014
Graduate,Veterinary Nursing,Female,Single,Daytime,No,Yes,No,Yes,No,19,17-20,117.5,129.0,5,5,13.6,5,5,12.4,1.0,0,0.068
Graduate,Veterinary Nursing,Female,Single,Daytime,Yes,Yes,No,Yes,No,18,17-20,128.4,134.0,5,5,12.857142857142858,5,4,13.25,0.8,0,0.06
Dropout,Basic Education,Female,Single,Daytime,No,Yes,No,Yes,No,18,17-20,124.1,123.0,6,2,14.5,6,1,10.0,0.167,1,0.991
Dropout,Management (evening),Female,Single,Evening,No,Yes,No,No,No,24,21-24,140.9,150.0,5,3,10.666666666666666,5,3,10.5,0.6,1,0.78
Dropout,Tourism,Female,Single,Daytime,Yes,No,Yes,No,No,21,21-24,126.2,129.0,6,6,13.428571428571429,6,6,11.333333333333334,1.0,1,0.493
Graduate,Nursing,Male,Single,Daytime,Yes,Yes,No,Yes,No,18,17-20,120.5,134.0,7,7,11.716666666666663,8,4,10.868,0.5,0,0.431
Graduate,Management,Male,Single,Daytime,Yes,Yes,No,Yes,No,20,17-20,121.1,127.0,5,4,12.0,5,5,12.8,1.0,0,0.123
Dropout,Basic Education,Female,Single,Daytime,No,No,Yes,Yes,No,20,17-20,123.7,123.0,6,5,13.2,6,4,10.75,0.667,1,0.978
Dropout,Tourism,Female,Single,Daytime,No,Yes,Yes,Yes,No,18,17-20,116.9,127.0,6,5,12.2,6,4,12.25,0.667,1,0.714
Graduate,Oral Hygiene,Female,Single,Daytime,Yes,Yes,No,Yes,No,25,25-29,100.0,133.1,7,5,12.58,7,6,12.157142857142857,0.857,0,0.208
Enrolled,Social Service,Female,Single,Daytime,Yes,Yes,No,Yes,No,19,17-20,120.2,131.0,6,5,11.333333333333334,6,6,10.833333333333334,1.0,0,0.082
Dropout,Biofuel Production Tech,Male,Married,Daytime,No,Yes,Yes,No,No,35,30-39,153.8,120.0,7,0,0.0,7,0,0.0,0.0,1,1.0
Graduate,Nursing,Female,Single,Daytime,Yes,Yes,No,Yes,No,19,17-20,120.1,133.0,7,6,12.428571428571429,8,8,14.0,1.0,0,0.026
Dropout,Advertising & Marketing,Male,Single,Daytime,Yes,Yes,No,Yes,No,18,17-20,128.1,133.0,6,6,13.0,6,6,13.0,1.0,1,0.045
Graduate,Nursing,Male,Single,Daytime,No,Yes,No,No,No,19,17-20,126.8,143.0,8,7,14.535714285714286,8,7,14.535714285714286,0.875,0,0.065
Enrolled,Nursing,Male,Single,Daytime,Yes,Yes,No,Yes,No,19,17-20,125.7,140.0,7,5,11.2,7,5,11.2,0.714,0,0.292
Graduate,Communication Design,Male,Single,Daytime,No,Yes,No,No,No,18,17-20,146.2,157.0,6,6,16.0,6,6,13.666666666666666,1.0,0,0.075
Dropout,Equinculture,Male,Single,Daytime,No,Yes,Yes,Yes,No,24,21-24,140.0,133.1,6,5,13.142857142857142,6,3,12.666666666666666,0.5,1,0.936
Graduate,Social Service (evening),Male,Single,Evening,No,Yes,No,Yes,Yes,25,25-29,134.5,145.0,14,11,11.6875,10,8,11.142857142857142,0.8,0,0.084
Enrolled,Informatics Engineering,Male,Single,Daytime,No,Yes,No,Yes,No,28,25-29,137.0,130.0,5,4,10.5,5,4,11.0,0.8,0,0.355
Graduate,Veterinary Nursing,Male,Single,Daytime,Yes,Yes,No,No,No,19,17-20,107.5,111.0,6,6,13.833333333333334,6,5,13.666666666666666,0.833,0,0.061
Dropout,Informatics Engineering,Male,Single,Daytime,No,Yes,No,No,No,19,17-20,112.2,116.0,5,0,0.0,5,0,0.0,0.0,1,0.998
Dropout,Equinculture,Male,Single,Daytime,Yes,No,No,No,No,30,30-39,128.2,133.1,5,0,0.0,5,0,0.0,0.0,1,0.994
Dropout,Nursing,Male,Single,Daytime,No,Yes,No,Yes,No,19,17-20,126.8,135.0,7,0,0.0,7,0,0.0,0.0,1,1.0
Dropout,Management,Male,Single,Daytime,No,Yes,No,Yes,No,21,21-24,132.1,145.0,5,1,10.0,5,0,0.0,0.0,1,0.999
Dropout,Animation & Multimedia Design,Male,Single,Daytime,No,Yes,No,No,No,19,17-20,110.0,118.0,0,0,0.0,0,0,0.0,,1,0.505
Dropout,Agronomy,Male,Single,Daytime,No,No,No,No,No,29,25-29,100.0,130.0,6,0,0.0,6,0,0.0,0.0,1,1.0
Dropout,Advertising & Marketing,Male,Single,Daytime,No,Yes,No,No,No,18,17-20,114.3,115.0,6,4,12.6,6,4,13.0,0.667,1,0.516
Enrolled,Management,Male,Single,Daytime,No,Yes,No,No,No,21,21-24,116.4,122.0,5,3,11.25,5,3,11.0,0.6,0,0.72
Dropout,Communication Design,Male,Single,Daytime,No,Yes,No,No,No,20,17-20,116.9,120.0,7,7,12.375,7,4,11.25,0.571,1,0.859
Enrolled,Management (evening),Male,Single,Evening,No,Yes,Yes,No,No,24,21-24,128.2,120.0,10,7,10.714285714285714,10,9,12.555555555555555,0.9,0,0.636
Dropout,Journalism & Communication,Male,Single,Daytime,No,No,No,Yes,No,18,17-20,127.0,120.0,6,0,0.0,6,0,0.0,0.0,1,1.0
Enrolled,Agronomy,Male,Single,Daytime,No,Yes,No,Yes,No,23,21-24,140.0,140.0,6,5,12.0,6,5,12.142857142857142,0.833,0,0.449
Graduate,Management,Male,Single,Daytime,No,Yes,No,Yes,No,19,17-20,120.0,127.0,5,5,12.6,5,3,12.666666666666666,0.6,0,0.504
Dropout,Tourism,Male,Single,Daytime,No,Yes,No,No,No,35,30-39,110.0,110.0,6,0,0.0,6,0,0.0,0.0,1,0.999
Graduate,Nursing,Male,Single,Daytime,No,Yes,No,Yes,No,20,17-20,127.0,148.0,8,7,12.84142857142857,8,7,12.84142857142857,0.875,0,0.114
Dropout,Social Service,Male,Married,Daytime,No,Yes,No,No,No,33,30-39,159.5,170.0,6,0,0.0,5,0,0.0,0.0,1,0.996
Graduate,Journalism & Communication,Male,Single,Daytime,No,Yes,No,Yes,No,18,17-20,135.2,146.0,6,6,14.166666666666666,6,6,12.833333333333334,1.0,0,0.078
Enrolled,Journalism & Communication,Male,Single,Daytime,No,Yes,No,Yes,No,20,17-20,122.8,127.0,6,6,12.166666666666666,6,3,12.0,0.5,0,0.644
Dropout,Journalism & Communication,Male,Single,Daytime,No,Yes,No,Yes,No,19,17-20,118.0,125.0,6,4,10.8,6,3,11.0,0.5,1,0.908
Dropout,Journalism & Communication,Male,Single,Daytime,No,Yes,No,Yes,No,18,17-20,123.6,139.0,6,6,13.0,6,0,0.0,0.0,1,0.992
Dropout,Management (evening),Male,Single,Evening,No,No,No,No,No,28,25-29,111.0,133.1,5,0,0.0,5,0,0.0,0.0,1,1.0
Graduate,Management,Male,Single,Daytime,No,Yes,No,No,No,18,17-20,144.6,146.0,5,5,13.0,5,5,13.333333333333334,1.0,0,0.123
Dropout,Journalism & Communication,Male,Single,Daytime,No,Yes,Yes,Yes,No,25,25-29,111.8,109.0,6,6,11.571428571428571,6,6,11.571428571428571,1.0,1,0.34
Dropout,Social Service,Male,Single,Daytime,No,No,Yes,No,No,19,17-20,122.1,135.0,6,4,11.5,6,5,11.0,0.833,1,0.961
Graduate,Communication Design,Male,Single,Daytime,No,Yes,No,No,No,18,17-20,119.9,122.0,6,5,11.0,6,4,10.75,0.667,0,0.402
Graduate,Agronomy,Male,Single,Daytime,No,Yes,No,Yes,No,29,25-29,130.0,130.0,6,6,17.11111111111111,6,6,15.571428571428571,1.0,0,0.198
Enrolled,Animation & Multimedia Design,Male,Single,Daytime,No,Yes,No,Yes,No,18,17-20,118.4,124.0,0,0,0.0,0,0,0.0,,0,0.489
Graduate,Tourism,Male,Single,Daytime,Yes,Yes,No,No,No,20,17-20,112.6,115.0,6,6,12.571428571428571,6,6,12.166666666666666,1.0,0,0.032
Dropout,Agronomy,Male,Single,Daytime,No,Yes,No,No,No,20,17-20,150.0,150.0,6,0,0.0,6,0,0.0,0.0,1,0.998
Graduate,Communication Design,Male,Single,Daytime,No,Yes,No,Yes,No,18,17-20,165.8,170.0,6,6,14.5,6,6,15.166666666666666,1.0,0,0.057
Graduate,Tourism,Male,Single,Daytime,Yes,Yes,No,Yes,No,21,21-24,101.7,102.0,6,6,13.5,6,6,12.333333333333334,1.0,0,0.071
Dropout,Tourism,Male,Single,Daytime,No,No,No,No,No,18,17-20,124.3,140.0,6,5,11.2,6,2,10.0,0.333,1,0.984
Graduate,Informatics Engineering,Male,Single,Daytime,No,Yes,No,Yes,No,20,17-20,122.1,135.0,5,3,10.666666666666666,5,4,12.25,0.8,0,0.383
Enrolled,Social Service (evening),Female,Single,Evening,No,Yes,No,No,No,23,21-24,134.7,148.0,13,9,11.0,11,7,11.571428571428571,0.636,0,0.825
Dropout,Management (evening),Female,Single,Evening,No,Yes,No,No,No,26,25-29,154.5,140.0,1,0,0.0,5,0,0.0,0.0,1,0.993
Dropout,Advertising & Marketing,Female,Single,Daytime,No,Yes,Yes,No,No,19,17-20,128.8,147.0,5,1,10.0,5,0,0.0,0.0,1,0.999
Dropout,Oral Hygiene,Female,Single,Daytime,Yes,No,Yes,Yes,No,24,21-24,106.0,140.0,7,5,12.36,8,5,12.0,0.625,1,0.979
Graduate,Advertising & Marketing,Female,Single,Daytime,Yes,Yes,No,Yes,No,20,17-20,146.2,157.0,6,6,15.25,6,6,14.714285714285714,1.0,0,0.025
Dropout,Management (evening),Female,Single,Evening,No,No,Yes,Yes,No,26,25-29,116.9,120.0,5,0,0.0,5,0,0.0,0.0,1,1.0
Dropout,Management,Female,Single,Daytime,No,Yes,No,No,No,31,30-39,118.2,133.1,5,1,13.0,5,4,12.25,0.8,1,0.63
Graduate,Nursing,Female,Married,Daytime,No,Yes,No,Yes,No,27,25-29,105.7,140.0,8,8,13.81375,8,8,13.81375,1.0,0,0.018
Graduate,Veterinary Nursing,Female,Single,Daytime,No,Yes,Yes,No,No,24,21-24,126.9,130.0,6,6,13.285714285714286,6,6,12.875,1.0,0,0.135
Enrolled,Veterinary Nursing,Female,Single,Daytime,No,Yes,No,Yes,No,23,21-24,150.0,150.0,6,4,11.5,6,4,12.2,0.667,0,0.173
Graduate,Nursing,Female,Single,Daytime,Yes,Yes,No,Yes,No,20,17-20,108.4,115.0,7,7,11.9625,8,8,13.044444444444444,1.0,0,0.014
Graduate,Nursing,Female,Single,Daytime,No,Yes,No,Yes,No,20,17-20,114.2,118.0,7,6,13.683333333333332,8,6,13.116666666666667,0.75,0,0.269
Graduate,Nursing,Female,Single,Daytime,No,Yes,No,Yes,No,24,21-24,140.0,130.0,8,7,14.985714285714286,8,7,14.985714285714286,0.875,0,0.098
Enrolled,Management,Female,Married,Daytime,No,Yes,No,No,No,39,30-39,142.5,130.0,5,4,11.25,5,4,11.5,0.8,0,0.377
Graduate,Journalism & Communication,Female,Single,Daytime,No,Yes,No,Yes,No,18,17-20,126.5,130.0,6,4,12.5,6,5,12.6,0.833,0,0.302
Dropout,Veterinary Nursing,Female,Single,Daytime,No,Yes,No,No,No,20,17-20,111.3,120.0,6,0,0.0,6,0,0.0,0.0,1,0.998
Graduate,Nursing,Female,Single,Daytime,No,Yes,No,Yes,No,18,17-20,125.1,130.0,7,7,13.78,8,8,13.661,1.0,0,0.031
Graduate,Nursing,Female,Single,Daytime,No,Yes,No,Yes,No,19,17-20,126.3,141.0,7,7,13.805,8,8,14.2725,1.0,0,0.024
Graduate,Veterinary Nursing,Female,Single,Daytime,No,Yes,No,Yes,No,18,17-20,142.2,138.0,5,5,13.8,5,5,12.6,1.0,0,0.098
Enrolled,Advertising & Marketing,Female,Single,Daytime,No,Yes,No,Yes,No,22,21-24,110.2,113.0,5,3,12.666666666666666,5,4,12.0,0.8,0,0.476
Graduate,Nursing,Female,Single,Daytime,No,Yes,No,Yes,No,18,17-20,127.0,135.0,7,7,14.424285714285714,8,8,13.9375,1.0,0,0.032
Graduate,Social Service,Female,Single,Daytime,Yes,Yes,No,No,No,18,17-20,128.6,137.0,6,6,13.166666666666666,6,6,12.5,1.0,0,0.024
Enrolled,Management (evening),Female,Divorced,Evening,No,Yes,No,No,No,30,30-39,130.4,133.1,5,3,10.666666666666666,5,5,10.4,1.0,0,0.233
Graduate,Social Service,Female,Married,Daytime,No,Yes,No,No,No,34,30-39,134.4,100.0,16,14,12.071428571428571,13,11,12.272727272727272,0.846,0,0.069
Dropout,Social Service (evening),Female,Single,Evening,No,Yes,No,No,No,38,30-39,100.0,133.1,6,3,10.25,6,1,12.0,0.167,1,0.962
Graduate,Nursing,Female,Single,Daytime,Yes,Yes,No,Yes,No,19,17-20,133.0,142.0,8,8,14.11,8,8,14.11,1.0,0,0.007
Dropout,Basic Education,Female,Single,Daytime,No,Yes,No,Yes,No,19,17-20,126.7,140.0,6,5,12.4,6,3,10.666666666666666,0.5,1,0.725
Dropout,Journalism & Communication,Female,Single,Daytime,No,No,No,No,No,21,21-24,129.0,129.0,6,6,12.0,6,6,12.0,1.0,1,0.426
Graduate,Journalism & Communication,Female,Single,Daytime,Yes,Yes,No,Yes,No,18,17-20,133.7,141.0,6,6,14.833333333333334,6,6,13.5,1.0,0,0.036
Graduate,Veterinary Nursing,Female,Single,Daytime,Yes,Yes,No,Yes,No,20,17-20,122.2,118.0,6,6,15.428571428571429,6,6,13.5,1.0,0,0.038
Graduate,Management,Female,Single,Daytime,Yes,Yes,No,No,No,18,17-20,128.9,131.0,5,5,11.6,5,5,11.4,1.0,0,0.027
Graduate,Communication Design,Female,Single,Daytime,No,Yes,No,Yes,No,18,17-20,154.4,161.0,6,6,14.166666666666666,6,6,14.0,1.0,0,0.061
Dropout,Oral Hygiene,Female,Single,Daytime,Yes,Yes,No,Yes,No,36,30-39,130.0,130.0,7,1,9.8,7,0,0.0,0.0,1,0.999
Graduate,Management,Female,Single,Daytime,Yes,Yes,No,Yes,No,18,17-20,113.0,121.0,5,4,10.714285714285714,5,4,11.0,0.8,0,0.303
Dropout,Equinculture,Female,Single,Daytime,Yes,Yes,No,Yes,No,21,21-24,123.3,133.1,5,0,0.0,5,0,0.0,0.0,1,0.994
Dropout,Equinculture,Female,Single,Daytime,Yes,Yes,Yes,Yes,No,21,21-24,130.0,130.0,6,3,12.333333333333334,6,1,13.0,0.167,1,0.982
Graduate,Veterinary Nursing,Female,Single,Daytime,No,Yes,No,No,Yes,18,17-20,101.3,133.1,6,6,13.0,6,6,12.25,1.0,0,0.026
Graduate,Advertising & Marketing,Female,Single,Daytime,No,Yes,No,Yes,No,18,17-20,113.7,120.0,5,4,11.4,5,4,11.25,0.8,0,0.364
Graduate,Nursing,Female,Single,Daytime,No,Yes,No,Yes,No,19,17-20,138.8,140.0,7,6,12.766666666666666,7,6,12.766666666666666,0.857,0,0.085
Graduate,Agronomy,Female,Married,Daytime,No,Yes,Yes,No,No,29,25-29,140.0,133.1,6,5,12.6,6,6,12.666666666666666,1.0,0,0.2
Graduate,Management,Female,Single,Daytime,Yes,Yes,No,No,No,20,17-20,130.0,130.0,7,7,13.0,5,5,13.4,1.0,0,0.033
Graduate,Nursing,Female,Single,Daytime,No,Yes,No,Yes,No,18,17-20,132.5,140.0,7,6,14.316666666666668,7,6,14.316666666666668,0.857,0,0.087
Graduate,Veterinary Nursing,Female,Single,Daytime,No,Yes,No,Yes,No,19,17-20,117.4,124.0,5,4,12.75,5,5,12.0,1.0,0,0.192
Graduate,Management,Female,Single,Daytime,Yes,Yes,No,Yes,No,19,17-20,109.8,115.0,5,5,13.4,5,5,12.6,1.0,0,0.041
Dropout,Social Service (evening),Female,Single,Evening,No,No,Yes,No,No,37,30-39,116.5,100.0,6,0,0.0,5,0,0.0,0.0,1,1.0
Graduate,Veterinary Nursing,Female,Single,Daytime,Yes,Yes,No,Yes,No,18,17-20,165.2,162.0,5,4,15.75,5,5,13.8,1.0,0,0.1
Dropout,Basic Education,Female,Single,Daytime,No,Yes,No,Yes,No,21,21-24,113.0,121.0,6,5,12.4,6,1,11.0,0.167,1,0.927
Graduate,Social Service,Female,Single,Daytime,Yes,Yes,No,No,No,19,17-20,123.3,125.0,6,6,11.5,6,6,12.333333333333334,1.0,0,0.009
Graduate,Advertising & Marketing,Female,Single,Daytime,No,Yes,No,No,No,19,17-20,116.7,123.0,5,5,13.4,5,5,14.0,1.0,0,0.063
Enrolled,Management (evening),Female,Married,Evening,Yes,Yes,No,No,No,35,30-39,110.0,140.0,5,3,11.666666666666666,5,5,11.8,1.0,0,0.109
Dropout,Nursing,Female,Married,Daytime,No,Yes,No,No,No,30,30-39,118.9,133.1,7,0,0.0,8,0,0.0,0.0,1,1.0
Dropout,Journalism & Communication,Female,Single,Daytime,No,Yes,No,Yes,No,27,25-29,103.6,120.0,8,7,13.285714285714286,7,5,11.6,0.714,1,0.679
Dropout,Tourism,Female,Married,Daytime,Yes,Yes,No,No,No,45,40+,122.7,136.0,6,4,11.5,6,2,10.5,0.333,1,0.801
Graduate,Social Service (evening),Female,Married,Evening,Yes,Yes,No,No,No,50,40+,113.5,133.1,9,8,13.25,7,7,11.714285714285714,1.0,0,0.049
Graduate,Management,Female,Divorced,Daytime,No,Yes,No,No,No,41,40+,128.2,110.0,14,11,12.25,10,10,13.4,1.0,0,0.026
Enrolled,Nursing,Female,Single,Daytime,No,Yes,No,Yes,No,26,25-29,120.0,120.0,7,6,12.0,7,6,12.0,0.857,0,0.14
Dropout,Agronomy,Female,Single,Daytime,No,Yes,No,No,No,44,40+,130.0,133.1,6,1,12.0,6,0,0.0,0.0,1,0.999
Graduate,Management,Female,Facto union,Daytime,No,Yes,No,No,No,23,21-24,110.0,110.0,15,13,10.923076923076923,10,7,11.142857142857142,0.7,0,0.104
Dropout,Biofuel Production Tech,Female,Single,Daytime,No,Yes,No,No,No,34,30-39,117.7,130.0,12,10,12.0,10,5,11.0,0.5,1,0.778
Graduate,Management,Female,Single,Daytime,Yes,Yes,No,Yes,No,21,21-24,99.6,102.0,5,5,13.714285714285714,5,5,14.4,1.0,0,0.049
Dropout,Management,Female,Single,Daytime,No,Yes,No,Yes,Yes,22,21-24,117.9,127.0,5,1,10.0,5,2,13.0,0.4,1,0.631
Graduate,Social Service (evening),Female,Divorced,Evening,Yes,Yes,No,No,No,32,30-39,113.0,133.1,6,2,10.333333333333334,6,6,11.5,1.0,0,0.227
Graduate,Oral Hygiene,Female,Single,Daytime,No,Yes,No,Yes,Yes,20,17-20,124.4,137.0,7,7,12.728571428571428,8,8,14.625,1.0,0,0.009
Dropout,Social Service (evening),Female,Married,Evening,No,No,No,No,No,59,40+,140.0,130.0,15,12,13.333333333333334,8,8,12.875,1.0,1,0.687
Enrolled,Management,Female,Married,Daytime,No,Yes,No,No,No,30,30-39,132.4,130.0,11,9,12.22222222222222,9,9,11.6,1.0,0,0.019
Graduate,Tourism,Female,Single,Daytime,Yes,Yes,No,Yes,No,18,17-20,124.0,131.0,6,6,11.333333333333334,6,6,10.833333333333334,1.0,0,0.027
Enrolled,Management (evening),Male,Married,Evening,No,Yes,Yes,No,No,25,25-29,132.0,162.0,5,4,11.0,5,4,12.0,0.8,0,0.605
Graduate,Management (evening),Male,Divorced,Evening,No,Yes,No,No,No,36,30-39,149.8,140.0,5,5,13.8,5,5,13.8,1.0,0,0.095
Dropout,Oral Hygiene,Male,Single,Daytime,No,Yes,No,No,No,36,30-39,160.0,160.0,7,1,12.0,7,0,0.0,0.0,1,1.0
Dropout,Advertising & Marketing,Male,Single,Daytime,No,No,No,No,No,19,17-20,114.6,117.0,6,4,11.25,6,3,10.166666666666666,0.5,1,0.987
Graduate,Management (evening),Male,Single,Evening,No,Yes,No,No,No,25,25-29,120.0,150.0,5,4,10.5,5,5,12.0,1.0,0,0.173
Graduate,Agronomy,Male,Single,Daytime,No,Yes,No,No,No,35,30-39,100.0,133.1,18,18,11.555555555555555,13,13,11.615384615384617,1.0,0,0.039
Dropout,Social Service,Male,Single,Daytime,No,Yes,No,No,No,20,17-20,128.5,125.0,6,1,14.0,6,0,0.0,0.0,1,1.0
Dropout,Agronomy,Male,Single,Daytime,No,No,No,Yes,No,35,30-39,113.0,130.0,6,1,13.0,6,0,0.0,0.0,1,1.0
Dropout,Social Service,Female,Single,Daytime,No,Yes,No,Yes,No,27,25-29,150.8,170.0,6,2,11.0,6,1,11.0,0.167,1,0.985
Enrolled,Nursing,Female,Single,Daytime,No,Yes,No,Yes,No,18,17-20,130.8,132.0,8,7,13.68142857142857,8,7,13.68142857142857,0.875,0,0.085
Enrolled,Nursing,Female,Single,Daytime,No,Yes,No,No,No,23,21-24,114.5,133.1,7,6,12.1,7,6,12.616666666666667,0.857,0,0.185
Graduate,Social Service (evening),Female,Single,Evening,No,Yes,No,Yes,No,19,17-20,114.8,120.0,6,4,10.5,6,4,11.25,0.667,0,0.558
Enrolled,Nursing,Female,Single,Daytime,Yes,Yes,No,Yes,No,18,17-20,126.2,126.0,7,5,11.94,7,6,12.8,0.857,0,0.121
Dropout,Nursing,Female,Single,Daytime,No,No,Yes,No,No,26,25-29,129.0,130.0,7,4,12.86,7,5,11.566666666666668,0.714,1,0.986
Graduate,Social Service,Female,Single,Daytime,No,Yes,No,No,No,19,17-20,110.5,133.1,6,6,14.25,6,6,14.0,1.0,0,0.046
Dropout,Nursing,Female,Single,Daytime,No,No,No,Yes,No,19,17-20,132.5,141.0,7,0,0.0,8,0,0.0,0.0,1,1.0
Dropout,Animation & Multimedia Design,Female,Single,Daytime,No,Yes,No,Yes,No,18,17-20,130.7,138.0,0,0,0.0,0,0,0.0,,1,0.493
Graduate,Nursing,Female,Single,Daytime,Yes,Yes,No,Yes,No,19,17-20,130.4,130.0,7,7,13.894285714285711,8,8,14.3625,1.0,0,0.013
Graduate,Nursing,Female,Single,Daytime,Yes,Yes,No,Yes,No,19,17-20,124.3,128.0,7,7,13.46875,8,8,13.31375,1.0,0,0.013
Graduate,Veterinary Nursing,Female,Single,Daytime,Yes,Yes,No,Yes,No,19,17-20,132.6,135.0,5,5,13.6,5,5,14.6,1.0,0,0.038
Graduate,Social Service (evening),Female,Single,Evening,Yes,Yes,No,No,No,21,21-24,146.7,150.0,6,6,14.666666666666666,6,6,13.833333333333334,1.0,0,0.017
Graduate,Journalism & Communication,Female,Single,Daytime,No,Yes,No,Yes,No,18,17-20,130.1,135.0,6,6,13.666666666666666,6,6,13.0,1.0,0,0.074
Graduate,Tourism,Female,Married,Daytime,No,Yes,No,Yes,No,33,30-39,120.0,120.0,12,10,13.3,11,11,13.727272727272728,1.0,0,0.162
Graduate,Social Service (evening),Female,Single,Evening,No,Yes,No,No,No,32,30-39,121.3,120.0,11,11,13.454545454545457,11,7,12.428571428571429,0.636,0,0.342
Graduate,Nursing,Female,Single,Daytime,Yes,Yes,No,Yes,No,17,17-20,133.3,140.0,8,8,13.41625,8,8,13.41625,1.0,0,0.008
Dropout,Nursing,Female,Married,Daytime,No,Yes,No,No,No,31,30-39,110.5,140.0,7,0,0.0,8,0,0.0,0.0,1,1.0
Graduate,Social Service (evening),Female,Married,Evening,Yes,Yes,No,No,No,32,30-39,102.5,140.0,6,6,11.333333333333334,6,5,13.0,0.833,0,0.05
Dropout,Veterinary Nursing,Female,Single,Daytime,No,Yes,No,Yes,No,18,17-20,150.9,156.0,6,6,16.0,6,6,14.625,1.0,1,0.057
Enrolled,Communication Design,Female,Single,Daytime,No,Yes,Yes,No,No,31,30-39,106.6,133.1,6,5,11.0,6,6,10.166666666666666,1.0,0,0.608
Enrolled,Tourism,Male,Single,Daytime,No,Yes,No,No,No,20,17-20,118.3,120.0,6,6,12.857142857142858,6,5,12.4,0.833,0,0.14
Dropout,Management (evening),Male,Single,Evening,No,No,No,No,No,40,40+,117.9,100.0,5,0,0.0,5,0,0.0,0.0,1,1.0
Graduate,Management (evening),Male,Married,Evening,No,Yes,No,Yes,No,32,30-39,135.0,120.0,5,5,14.8,5,5,14.2,1.0,0,0.122
Dropout,Informatics Engineering,Male,Single,Daytime,No,No,No,No,No,40,40+,120.0,120.0,5,1,13.0,5,2,14.0,0.4,1,0.998
Graduate,Animation & Multimedia Design,Male,Single,Daytime,Yes,Yes,No,No,No,18,17-20,167.1,172.0,0,0,0.0,0,0,0.0,,0,0.35
Dropout,Management (evening),Male,Single,Evening,No,No,Yes,No,No,28,25-29,115.8,120.0,9,4,10.0,6,1,10.0,0.167,1,1.0
Graduate,Communication Design,Male,Single,Daytime,No,Yes,Yes,Yes,No,19,17-20,141.2,137.0,6,5,11.2,6,6,12.0,1.0,0,0.348
Graduate,Journalism & Communication,Male,Single,Daytime,Yes,Yes,No,No,No,19,17-20,118.4,117.0,6,6,11.833333333333334,6,3,13.0,0.5,0,0.265
Dropout,Management,Male,Single,Daytime,No,Yes,No,No,No,21,21-24,134.3,142.0,5,0,0.0,5,0,0.0,0.0,1,0.998
Dropout,Management,Male,Single,Daytime,No,Yes,No,Yes,No,22,21-24,128.7,135.0,5,2,10.5,5,0,0.0,0.0,1,0.998
Dropout,Informatics Engineering,Male,Single,Daytime,No,No,No,Yes,No,18,17-20,116.1,115.0,5,5,12.5,5,5,13.571428571428571,1.0,1,0.709
Dropout,Animation & Multimedia Design,Male,Single,Daytime,No,Yes,No,Yes,No,27,25-29,100.0,110.0,0,0,0.0,0,0,0.0,,1,0.647
Enrolled,Animation & Multimedia Design,Male,Single,Daytime,No,Yes,No,No,No,19,17-20,118.8,123.0,10,5,11.0,7,2,10.0,0.286,0,0.93
Graduate,Management (evening),Male,Married,Evening,No,Yes,No,Yes,No,30,30-39,130.0,140.0,10,9,12.333333333333334,10,8,12.0,0.8,0,0.506
Dropout,Equinculture,Male,Single,Daytime,No,Yes,No,No,No,28,25-29,150.0,150.0,6,0,0.0,6,1,10.0,0.167,1,0.988
Enrolled,Informatics Engineering,Male,Facto union,Daytime,Yes,Yes,Yes,No,No,34,30-39,116.0,120.0,5,1,17.0,5,2,11.0,0.4,0,0.976
Enrolled,Management,Male,Single,Daytime,No,Yes,No,No,No,21,21-24,99.0,110.0,5,5,11.0,5,3,11.428571428571429,0.6,0,0.482
Graduate,Social Service,Male,Single,Daytime,Yes,Yes,No,No,No,20,17-20,132.0,133.0,6,5,11.142857142857142,6,6,11.571428571428571,1.0,0,0.073
Dropout,Tourism,Male,Single,Daytime,No,No,No,No,No,31,30-39,125.0,110.0,8,5,12.166666666666666,7,5,12.0,0.714,1,0.979
Dropout,Informatics Engineering,Male,Single,Daytime,No,No,Yes,No,No,21,21-24,116.2,126.0,5,2,11.0,5,2,11.5,0.4,1,0.996
Dropout,Advertising & Marketing,Male,Single,Daytime,No,No,No,Yes,No,27,25-29,100.0,133.1,5,1,11.0,5,3,10.666666666666666,0.6,1,0.991
Graduate,Journalism & Communication,Male,Single,Daytime,No,Yes,No,Yes,No,19,17-20,132.9,136.0,6,4,13.25,6,5,11.8,0.833,0,0.483
Enrolled,Journalism & Communication,Male,Single,Daytime,No,Yes,No,Yes,No,21,21-24,132.5,129.0,6,0,0.0,6,1,10.0,0.167,0,0.996
Dropout,Agronomy,Male,Single,Daytime,No,No,No,Yes,No,21,21-24,140.0,140.0,6,2,12.5,6,0,0.0,0.0,1,1.0
Dropout,Advertising & Marketing,Male,Single,Daytime,No,No,No,No,No,35,30-39,100.1,160.0,10,7,12.142857142857142,9,4,12.25,0.444,1,0.995
Dropout,Veterinary Nursing,Male,Single,Daytime,No,Yes,No,No,No,28,25-29,128.2,133.1,5,3,12.0,5,3,11.333333333333334,0.6,1,0.573
Enrolled,Advertising & Marketing,Male,Single,Daytime,No,Yes,No,No,No,24,21-24,133.4,140.0,6,4,11.25,6,4,10.428571428571429,0.667,0,0.678
Dropout,Journalism & Communication,Male,Single,Daytime,No,No,No,Yes,No,19,17-20,136.1,142.0,4,0,0.0,6,0,0.0,0.0,1,1.0
Enrolled,Advertising & Marketing,Male,Single,Daytime,No,No,Yes,No,No,20,17-20,123.0,138.0,6,5,12.4,6,4,13.0,0.667,0,0.974
Graduate,Communication Design,Male,Single,Daytime,Yes,Yes,No,Yes,No,20,17-20,130.3,131.0,6,6,12.833333333333334,6,6,12.666666666666666,1.0,0,0.033
Enrolled,Informatics Engineering,Male,Single,Daytime,No,Yes,No,No,No,19,17-20,153.7,160.0,5,1,13.0,5,2,10.0,0.4,0,0.945
Dropout,Veterinary Nursing,Male,Single,Daytime,No,No,Yes,No,No,37,30-39,142.5,110.0,7,5,12.0,7,3,11.666666666666666,0.429,1,0.999
Dropout,Tourism,Male,Single,Daytime,No,Yes,No,Yes,No,19,17-20,114.6,124.0,6,2,12.0,6,1,13.0,0.167,1,0.984
Dropout,Nursing,Male,Single,Daytime,No,Yes,No,No,No,36,30-39,108.5,120.0,7,0,0.0,7,0,0.0,0.0,1,1.0
Dropout,Management,Male,Single,Daytime,No,Yes,No,No,No,29,25-29,140.0,133.1,5,0,0.0,5,0,0.0,0.0,1,0.996
Graduate,Agronomy,Male,Single,Daytime,No,Yes,No,No,No,30,30-39,120.0,133.1,6,6,11.375,6,5,11.6,0.833,0,0.251
Dropout,Advertising & Marketing,Male,Single,Daytime,No,Yes,Yes,No,No,32,30-39,120.0,133.1,6,2,12.0,6,0,0.0,0.0,1,1.0
Enrolled,Social Service (evening),Male,Single,Evening,No,Yes,No,Yes,No,26,25-29,127.6,123.0,6,6,11.833333333333334,6,6,11.666666666666666,1.0,0,0.084
Dropout,Agronomy,Male,Married,Daytime,No,Yes,No,No,No,37,30-39,140.0,140.0,6,1,12.0,6,2,10.5,0.333,1,0.987
Dropout,Informatics Engineering,Male,Single,Daytime,No,Yes,No,No,No,27,25-29,111.3,138.7,6,3,12.0,6,2,11.0,0.333,1,0.979
Graduate,Journalism & Communication,Male,Single,Daytime,Yes,Yes,No,Yes,No,18,17-20,131.0,131.0,6,6,12.714285714285714,6,5,11.833333333333334,0.833,0,0.164
Graduate,Nursing,Male,Single,Daytime,Yes,Yes,No,No,No,18,17-20,139.5,149.0,8,8,15.3,8,8,15.3,1.0,0,0.005
Dropout,Agronomy,Male,Married,Daytime,No,No,No,No,No,32,30-39,110.0,133.1,8,2,11.5,7,0,0.0,0.0,1,1.0
Enrolled,Informatics Engineering,Male,Single,Daytime,No,Yes,No,No,No,20,17-20,130.0,130.0,5,1,13.0,5,3,12.6,0.6,0,0.85
Dropout,Agronomy,Male,Single,Daytime,No,Yes,No,No,No,22,21-24,115.0,120.0,6,0,0.0,6,0,0.0,0.0,1,1.0
Dropout,Nursing,Female,Divorced,Daytime,No,Yes,No,No,No,32,30-39,154.3,133.1,7,0,0.0,8,0,0.0,0.0,1,0.999
Enrolled,Management,Female,Single,Daytime,No,Yes,No,Yes,No,21,21-24,135.0,143.0,5,4,11.0,5,5,12.0,1.0,0,0.109
Dropout,Advertising & Marketing,Female,Single,Daytime,No,No,No,No,No,19,17-20,115.2,126.0,6,3,12.666666666666666,6,5,13.125,0.833,1,0.911
Graduate,Journalism & Communication,Female,Single,Daytime,Yes,Yes,No,Yes,No,18,17-20,130.6,125.0,6,6,13.5,6,6,14.0,1.0,0,0.026
Graduate,Management,Female,Single,Daytime,Yes,Yes,No,Yes,No,18,17-20,117.4,123.0,5,5,12.0,5,5,11.4,1.0,0,0.066
Dropout,Management,Female,Single,Daytime,No,No,Yes,Yes,No,38,30-39,150.0,150.0,5,0,0.0,5,0,0.0,0.0,1,1.0
Dropout,Basic Education,Female,Single,Daytime,No,Yes,No,Yes,No,21,21-24,131.3,132.0,6,5,11.8,6,4,10.5,0.667,1,0.442
Dropout,Social Service,Female,Single,Daytime,No,No,No,No,No,21,21-24,120.4,133.0,6,2,11.5,6,1,13.0,0.167,1,0.997
Enrolled,Management (evening),Male,Single,Evening,No,Yes,No,No,No,26,25-29,113.6,122.0,5,2,11.5,5,3,12.0,0.6,0,0.81
Graduate,Nursing,Female,Single,Daytime,No,Yes,No,Yes,No,19,17-20,125.0,137.0,7,6,14.616666666666667,7,6,14.616666666666667,0.857,0,0.079
Enrolled,Nursing,Female,Single,Daytime,Yes,Yes,No,Yes,No,19,17-20,132.3,145.0,8,7,14.06,8,7,14.06,0.875,0,0.034
Dropout,Tourism,Female,Single,Daytime,No,Yes,Yes,No,No,18,17-20,142.7,150.0,6,4,11.0,6,3,11.333333333333334,0.5,1,0.858
Dropout,Management,Female,Single,Daytime,No,Yes,No,No,No,25,25-29,130.0,130.0,5,0,0.0,5,0,0.0,0.0,1,0.994
Graduate,Nursing,Female,Single,Daytime,No,Yes,No,Yes,No,19,17-20,120.8,136.0,14,7,12.192307692307692,14,7,12.192307692307692,0.5,0,0.941
Graduate,Tourism,Female,Single,Daytime,Yes,Yes,No,Yes,No,18,17-20,130.3,131.0,6,6,12.833333333333334,6,6,12.333333333333334,1.0,0,0.035
Graduate,Management,Female,Single,Daytime,Yes,Yes,No,No,No,19,17-20,119.9,130.0,5,5,12.875,5,5,11.833333333333334,1.0,0,0.05
Graduate,Social Service,Female,Single,Daytime,Yes,Yes,No,Yes,No,22,21-24,110.5,108.0,6,6,12.166666666666666,6,6,12.5,1.0,0,0.027
Graduate,Agronomy,Female,Single,Daytime,No,Yes,No,Yes,No,21,21-24,160.0,160.0,6,6,13.428571428571429,6,6,12.857142857142858,1.0,0,0.041
Graduate,Veterinary Nursing,Female,Single,Daytime,Yes,Yes,No,Yes,No,21,21-24,118.6,113.0,6,6,14.5,6,6,14.666666666666666,1.0,0,0.021
Graduate,Basic Education,Female,Single,Daytime,Yes,Yes,No,No,No,20,17-20,112.3,113.0,7,7,12.142857142857142,7,7,12.857142857142858,1.0,0,0.011
Enrolled,Management,Female,Married,Daytime,No,Yes,No,No,No,19,17-20,124.4,137.0,5,4,11.25,5,3,11.714285714285714,0.6,0,0.368
Graduate,Nursing,Female,Single,Daytime,No,Yes,No,Yes,No,18,17-20,125.0,148.0,7,6,13.9,7,6,13.9,0.857,0,0.095
Dropout,Nursing,Female,Single,Daytime,No,Yes,No,No,No,26,25-29,105.8,130.0,7,3,13.766666666666666,7,3,12.066666666666668,0.429,1,0.959
Dropout,Management,Female,Single,Daytime,No,Yes,No,Yes,No,31,30-39,121.5,133.1,15,13,11.615384615384617,14,11,12.545454545454543,0.786,1,0.533
Graduate,Social Service,Female,Single,Daytime,Yes,Yes,No,Yes,No,18,17-20,134.2,138.0,6,6,15.166666666666666,6,6,14.142857142857142,1.0,0,0.027
Dropout,Management,Female,Divorced,Daytime,No,Yes,No,No,No,35,30-39,130.0,130.0,5,0,0.0,5,0,0.0,0.0,1,0.996
Enrolled,Veterinary Nursing,Female,Single,Daytime,No,Yes,No,Yes,No,19,17-20,122.8,127.0,5,2,14.5,5,3,11.333333333333334,0.6,0,0.793
Graduate,Social Service,Female,Single,Daytime,Yes,Yes,No,No,No,19,17-20,108.7,115.0,6,5,10.8,6,6,10.714285714285714,1.0,0,0.039
Graduate,Nursing,Female,Single,Daytime,No,Yes,No,No,No,18,17-20,136.7,147.0,7,7,13.995714285714287,8,8,14.955555555555556,1.0,0,0.016
Graduate,Veterinary Nursing,Female,Single,Daytime,No,Yes,No,No,No,20,17-20,119.1,132.0,6,6,13.285714285714286,6,6,11.8,1.0,0,0.071
Graduate,Animation & Multimedia Design,Female,Single,Daytime,Yes,Yes,No,Yes,No,19,17-20,151.3,146.0,12,12,12.75,11,11,13.25,1.0,0,0.001
Enrolled,Social Service,Female,Single,Daytime,Yes,Yes,No,No,No,21,21-24,108.3,109.0,6,2,10.5,6,5,12.4,0.833,0,0.412
Graduate,Basic Education,Female,Single,Daytime,Yes,Yes,Yes,No,No,18,17-20,127.4,133.0,7,7,12.714285714285714,7,7,12.285714285714286,1.0,0,0.049
Graduate,Nursing,Female,Single,Daytime,No,Yes,No,No,No,23,21-24,124.0,124.0,8,8,12.88625,8,8,12.88625,1.0,0,0.014
Graduate,Communication Design,Female,Single,Daytime,Yes,Yes,No,No,No,21,21-24,155.0,133.1,6,5,13.0,6,6,12.666666666666666,1.0,0,0.044
Graduate,Management,Female,Single,Daytime,Yes,Yes,No,No,No,19,17-20,114.0,121.0,5,5,12.2,5,5,11.2,1.0,0,0.039
Enrolled,Management,Female,Single,Daytime,No,Yes,No,Yes,No,19,17-20,118.9,129.0,5,4,12.8,5,3,14.5,0.6,0,0.542
Graduate,Veterinary Nursing,Female,Single,Daytime,No,Yes,No,Yes,No,20,17-20,160.0,160.0,11,11,13.785714285714286,9,9,13.88888888888889,1.0,0,0.016
Enrolled,Management,Female,Single,Daytime,No,Yes,No,No,No,18,17-20,126.1,131.0,5,0,0.0,5,4,13.25,0.8,0,0.598
Graduate,Nursing,Female,Single,Daytime,Yes,Yes,No,Yes,No,18,17-20,136.5,150.0,8,8,14.50125,8,8,14.50125,1.0,0,0.005
Graduate,Nursing,Female,Married,Daytime,No,Yes,No,No,No,19,17-20,122.3,130.0,7,6,14.35,7,6,14.35,0.857,0,0.054
Graduate,Communication Design,Female,Single,Daytime,Yes,Yes,No,No,No,21,21-24,128.0,133.1,6,6,11.5,6,6,12.333333333333334,1.0,0,0.017
Graduate,Social Service,Female,Single,Daytime,Yes,Yes,No,Yes,No,18,17-20,156.5,154.0,6,6,11.714285714285714,6,6,14.666666666666666,1.0,0,0.025
Enrolled,Advertising & Marketing,Female,Single,Daytime,No,Yes,No,No,No,20,17-20,125.7,126.0,6,6,13.571428571428571,6,5,13.6,0.833,0,0.113
Graduate,Journalism & Communication,Female,Single,Daytime,No,Yes,No,No,No,18,17-20,143.0,150.0,6,5,13.0,6,6,13.666666666666666,1.0,0,0.048
Graduate,Nursing,Female,Single,Daytime,Yes,Yes,No,Yes,No,18,17-20,131.9,141.0,7,7,13.56875,8,8,14.02625,1.0,0,0.014
Enrolled,Management (evening),Female,Married,Evening,No,Yes,No,No,No,32,30-39,113.7,134.0,5,5,10.2,5,4,11.25,0.8,0,0.227
Graduate,Animation & Multimedia Design,Female,Single,Daytime,No,Yes,No,Yes,No,18,17-20,155.1,146.0,0,0,0.0,0,0,0.0,,0,0.531
Enrolled,Basic Education,Female,Single,Daytime,No,Yes,No,Yes,No,19,17-20,121.1,134.0,6,5,12.2,6,5,11.8,0.833,0,0.251
Graduate,Nursing,Female,Single,Daytime,Yes,Yes,No,Yes,No,18,17-20,130.3,139.0,8,8,14.15375,8,8,14.15375,1.0,0,0.006
Dropout,Nursing,Female,Single,Daytime,No,No,No,No,No,18,17-20,123.3,136.0,8,0,0.0,8,0,0.0,0.0,1,0.998
Graduate,Journalism & Communication,Female,Single,Daytime,No,Yes,No,Yes,No,20,17-20,117.4,110.0,6,6,13.833333333333334,6,6,12.833333333333334,1.0,0,0.068
Enrolled,Advertising & Marketing,Female,Single,Daytime,No,Yes,No,Yes,No,19,17-20,140.3,135.0,6,6,13.428571428571429,6,4,14.0,0.667,0,0.249
Graduate,Nursing,Female,Single,Daytime,No,Yes,No,Yes,No,19,17-20,120.0,129.0,8,7,12.454285714285716,8,7,12.454285714285716,0.875,0,0.083
Enrolled,Management,Female,Single,Daytime,No,Yes,No,No,No,18,17-20,133.4,139.0,5,1,11.0,5,0,0.0,0.0,0,0.995
Dropout,Nursing,Female,Single,Daytime,No,Yes,No,Yes,No,18,17-20,126.7,137.0,7,0,0.0,8,0,0.0,0.0,1,1.0
Graduate,Nursing,Female,Single,Daytime,Yes,Yes,No,Yes,No,18,17-20,129.3,138.0,7,6,13.271666666666668,8,7,12.94375,0.875,0,0.067
Enrolled,Nursing,Female,Single,Daytime,No,Yes,No,Yes,No,20,17-20,125.7,136.0,7,6,13.548333333333334,8,6,14.775,0.75,0,0.217
Enrolled,Journalism & Communication,Female,Single,Daytime,No,Yes,No,No,No,19,17-20,144.8,143.0,6,6,12.166666666666666,6,6,12.5,1.0,0,0.055
Dropout,Tourism,Female,Single,Daytime,No,Yes,No,No,No,21,21-24,98.6,133.1,6,2,11.0,6,0,0.0,0.0,1,0.999
Graduate,Basic Education,Female,Single,Daytime,Yes,Yes,No,Yes,No,19,17-20,126.9,136.0,7,7,13.285714285714286,7,7,14.428571428571429,1.0,0,0.013
Graduate,Social Service,Female,Single,Daytime,Yes,Yes,No,Yes,No,20,17-20,146.7,139.0,6,6,13.333333333333334,6,6,14.0,1.0,0,0.024
Graduate,Nursing,Female,Single,Daytime,Yes,Yes,No,No,No,21,21-24,117.0,125.0,8,8,13.2575,8,8,13.2575,1.0,0,0.005
Dropout,Veterinary Nursing,Female,Single,Daytime,No,Yes,No,Yes,No,23,21-24,130.0,130.0,6,0,0.0,6,0,0.0,0.0,1,0.998
Dropout,Social Service,Female,Single,Daytime,Yes,No,No,No,No,18,17-20,125.8,137.0,6,6,12.666666666666666,6,2,11.5,0.333,1,0.866
Dropout,Management (evening),Female,Married,Evening,No,Yes,No,No,No,30,30-39,160.0,130.0,5,5,14.6,5,5,15.4,1.0,1,0.072
Dropout,Veterinary Nursing,Female,Single,Daytime,No,Yes,No,Yes,No,20,17-20,134.2,130.0,5,0,0.0,5,0,0.0,0.0,1,0.958
Dropout,Management,Female,Married,Daytime,No,No,No,No,No,29,25-29,96.0,160.0,5,3,12.333333333333334,5,0,0.0,0.0,1,1.0
Enrolled,Management,Female,Single,Daytime,No,Yes,No,Yes,No,24,21-24,101.8,100.0,5,5,10.8,5,2,11.0,0.4,0,0.671
Graduate,Social Service,Female,Single,Daytime,No,Yes,No,Yes,No,20,17-20,125.2,136.0,6,6,11.666666666666666,6,6,11.333333333333334,1.0,0,0.06
Dropout,Social Service (evening),Female,Single,Evening,No,Yes,No,No,No,27,25-29,100.0,117.0,6,4,12.5,6,6,14.333333333333334,1.0,1,0.134
Dropout,Management,Female,Married,Daytime,No,Yes,No,No,No,23,21-24,140.0,140.0,5,0,0.0,5,0,0.0,0.0,1,0.991
Graduate,Communication Design,Female,Single,Daytime,Yes,Yes,No,No,No,23,21-24,120.0,132.0,6,6,15.333333333333334,6,6,14.166666666666666,1.0,0,0.012
Graduate,Nursing,Female,Single,Daytime,No,Yes,No,Yes,No,18,17-20,134.3,147.0,8,7,14.2,8,7,14.2,0.875,0,0.071
Graduate,Journalism & Communication,Female,Single,Daytime,Yes,Yes,No,Yes,No,19,17-20,144.7,158.0,6,6,14.833333333333334,6,6,14.666666666666666,1.0,0,0.022
Dropout,Nursing,Female,Single,Daytime,No,Yes,No,Yes,No,19,17-20,131.9,142.0,7,7,13.642857142857142,8,8,14.3875,1.0,1,0.031
Dropout,Journalism & Communication,Female,Single,Daytime,Yes,Yes,No,Yes,No,18,17-20,136.7,143.0,6,6,13.833333333333334,6,6,14.0,1.0,1,0.02
Graduate,Communication Design,Female,Single,Daytime,No,Yes,No,Yes,No,19,17-20,129.8,135.0,6,6,11.833333333333334,6,6,13.0,1.0,0,0.043
Graduate,Journalism & Communication,Female,Single,Daytime,Yes,Yes,No,No,No,18,17-20,146.5,160.0,6,6,13.428571428571429,6,6,13.5,1.0,0,0.02
Enrolled,Management (evening),Female,Single,Evening,No,Yes,No,Yes,No,29,25-29,122.5,120.0,13,8,10.5,12,9,10.333333333333334,0.75,0,0.908
Graduate,Oral Hygiene,Female,Single,Daytime,No,Yes,No,No,No,24,21-24,117.8,133.1,7,6,11.416666666666666,8,8,11.9625,1.0,0,0.044
Dropout,Oral Hygiene,Female,Single,Daytime,No,Yes,No,Yes,No,19,17-20,106.0,133.1,7,2,12.75,7,2,11.0,0.286,1,0.99
Enrolled,Oral Hygiene,Female,Single,Daytime,No,Yes,No,No,No,19,17-20,119.0,133.0,7,6,11.15,7,7,12.814285714285717,1.0,0,0.032
Enrolled,Advertising & Marketing,Female,Single,Daytime,No,Yes,No,No,No,19,17-20,115.1,120.0,6,3,11.666666666666666,6,5,13.625,0.833,0,0.405
Graduate,Tourism,Female,Single,Daytime,No,Yes,No,Yes,No,20,17-20,116.9,106.0,6,6,11.5,6,5,12.4,0.833,0,0.159
Graduate,Journalism & Communication,Female,Single,Daytime,No,Yes,No,No,No,18,17-20,141.7,148.0,6,6,13.833333333333334,6,6,12.666666666666666,1.0,0,0.039
Dropout,Communication Design,Female,Single,Daytime,No,No,No,Yes,No,18,17-20,127.7,134.0,6,6,11.714285714285714,6,4,11.333333333333334,0.667,1,0.83
Graduate,Nursing,Female,Single,Daytime,Yes,Yes,No,Yes,No,19,17-20,122.1,130.0,7,7,11.678571428571429,8,7,13.0375,0.875,0,0.04
Dropout,Veterinary Nursing,Female,Single,Daytime,No,Yes,No,Yes,No,19,17-20,153.5,150.0,6,6,15.714285714285714,6,6,14.666666666666666,1.0,1,0.069
Graduate,Animation & Multimedia Design,Female,Single,Daytime,Yes,Yes,No,Yes,No,18,17-20,141.4,141.0,0,0,0.0,0,0,0.0,,0,0.298
Graduate,Journalism & Communication,Female,Single,Daytime,Yes,Yes,No,Yes,No,19,17-20,135.8,140.0,6,6,13.0,6,6,13.0,1.0,0,0.024
Graduate,Nursing,Female,Single,Daytime,Yes,Yes,No,Yes,No,18,17-20,127.5,138.0,7,7,14.485714285714286,8,8,14.58888888888889,1.0,0,0.016
Enrolled,Management (evening),Female,Single,Evening,No,Yes,No,No,No,24,21-24,151.6,130.0,5,5,12.285714285714286,5,5,12.125,1.0,0,0.131
Enrolled,Nursing,Female,Single,Daytime,No,Yes,Yes,No,No,28,25-29,121.4,133.1,7,4,13.375,7,5,13.5,0.714,0,0.85
Graduate,Nursing,Female,Single,Daytime,No,Yes,No,No,No,20,17-20,100.0,133.0,8,7,11.571428571428571,8,7,11.571428571428571,0.875,0,0.107
Graduate,Nursing,Female,Single,Daytime,Yes,Yes,No,Yes,No,19,17-20,131.5,150.0,8,7,12.657142857142857,8,7,12.657142857142857,0.875,0,0.038
Dropout,Management,Female,Single,Daytime,No,No,No,No,No,22,21-24,109.3,117.0,5,2,10.0,5,1,10.0,0.2,1,0.993
Graduate,Social Service,Female,Single,Daytime,No,Yes,No,Yes,No,19,17-20,127.9,145.0,6,6,13.714285714285714,6,6,13.166666666666666,1.0,0,0.061
Graduate,Social Service,Female,Single,Daytime,No,Yes,No,Yes,No,36,30-39,140.0,140.0,14,13,13.071428571428571,11,11,13.0,1.0,0,0.064
Graduate,Agronomy,Female,Single,Daytime,Yes,Yes,No,No,No,19,17-20,160.0,160.0,6,6,15.333333333333334,6,6,14.0,1.0,0,0.01
Graduate,Social Service,Female,Single,Daytime,No,Yes,No,No,No,18,17-20,119.8,125.0,6,5,11.571428571428571,6,6,12.142857142857142,1.0,0,0.113
Dropout,Management (evening),Female,Divorced,Evening,No,No,No,No,No,40,40+,153.0,133.1,5,0,0.0,5,0,0.0,0.0,1,1.0
Graduate,Nursing,Female,Single,Daytime,Yes,Yes,No,Yes,No,19,17-20,125.0,139.0,7,6,12.9,7,6,12.9,0.857,0,0.045
Enrolled,Nursing,Female,Divorced,Daytime,No,Yes,No,No,No,38,30-39,103.7,130.0,8,5,13.126,8,5,13.126,0.625,0,0.558
Dropout,Veterinary Nursing,Female,Single,Daytime,No,Yes,No,No,No,32,30-39,120.0,120.0,10,4,11.5,9,3,11.666666666666666,0.333,1,0.987
Enrolled,Basic Education,Female,Single,Daytime,No,Yes,No,Yes,No,19,17-20,146.0,160.0,6,3,10.333333333333334,6,5,11.8,0.833,0,0.4
Graduate,Communication Design,Female,Single,Daytime,No,Yes,No,Yes,No,19,17-20,116.9,120.0,6,6,13.5,6,6,13.428571428571429,1.0,0,0.062
Dropout,Management,Female,Married,Daytime,No,Yes,No,No,No,35,30-39,117.9,130.0,1,0,0.0,5,0,0.0,0.0,1,0.987
Enrolled,Management,Female,Single,Daytime,No,Yes,No,Yes,No,20,17-20,128.6,124.0,5,4,12.0,4,2,11.5,0.5,0,0.551
Graduate,Basic Education,Female,Single,Daytime,No,Yes,No,No,No,29,25-29,135.0,150.0,8,7,11.142857142857142,8,8,11.375,1.0,0,0.076
Enrolled,Management (evening),Female,Single,Evening,No,Yes,No,No,No,29,25-29,124.6,140.0,5,5,11.4,5,4,10.25,0.8,0,0.279
Enrolled,Nursing,Female,Single,Daytime,Yes,Yes,No,Yes,No,19,17-20,124.0,135.0,8,7,12.771428571428572,8,7,12.771428571428572,0.875,0,0.019
Graduate,Nursing,Female,Single,Daytime,Yes,Yes,No,Yes,No,18,17-20,129.5,143.0,8,7,13.79857142857143,8,7,13.79857142857143,0.875,0,0.044
Graduate,Social Service (evening),Female,Married,Evening,No,No,Yes,No,No,25,25-29,111.3,100.0,6,6,13.333333333333334,6,6,13.5,1.0,0,0.424
Dropout,Social Service (evening),Female,Divorced,Evening,No,No,Yes,No,No,50,40+,95.0,133.1,6,0,0.0,5,0,0.0,0.0,1,1.0
Dropout,Management,Female,Married,Daytime,No,Yes,No,No,No,24,21-24,131.8,133.1,15,14,11.357142857142858,14,13,12.846153846153848,0.929,1,0.062
Dropout,Informatics Engineering,Female,Single,Daytime,No,Yes,No,No,No,18,17-20,119.1,132.0,5,0,0.0,5,0,0.0,0.0,1,0.997
Graduate,Veterinary Nursing,Female,Single,Daytime,No,Yes,No,Yes,No,20,17-20,125.4,131.0,6,6,15.692307692307692,6,5,14.428571428571429,0.833,0,0.058
Graduate,Agronomy,Female,Single,Daytime,Yes,Yes,Yes,Yes,No,20,17-20,140.7,147.0,18,18,15.052631578947368,13,13,14.538461538461538,1.0,0,0.014
Dropout,Management (evening),Female,Single,Evening,No,Yes,No,No,No,21,21-24,131.9,141.0,10,6,11.5,10,5,12.4,0.5,1,0.969
Enrolled,Social Service,Male,Single,Daytime,No,Yes,Yes,No,No,28,25-29,124.0,160.0,8,7,11.0,6,1,10.0,0.167,0,0.988
Graduate,Tourism,Male,Single,Daytime,Yes,Yes,No,No,No,19,17-20,139.2,135.0,6,6,13.0,6,6,13.166666666666666,1.0,0,0.026
Graduate,Nursing,Male,Single,Daytime,Yes,Yes,No,No,No,18,17-20,121.8,133.0,8,8,12.93875,8,8,12.93875,1.0,0,0.006
Graduate,Animation & Multimedia Design,Male,Single,Daytime,No,Yes,No,No,No,22,21-24,132.9,142.0,0,0,0.0,0,0,0.0,,0,0.463
Dropout,Agronomy,Male,Single,Daytime,No,Yes,No,No,No,25,25-29,130.0,130.0,6,0,0.0,6,0,0.0,0.0,1,0.998
Dropout,Nursing,Male,Married,Daytime,No,No,No,No,No,37,30-39,130.1,133.1,7,5,13.0,7,5,12.88,0.714,1,0.93
Dropout,Nursing,Male,Single,Daytime,No,No,No,No,No,38,30-39,124.5,133.1,7,5,12.18,7,4,11.8125,0.571,1,0.979
Dropout,Advertising & Marketing,Male,Married,Daytime,No,Yes,No,No,No,36,30-39,162.3,130.0,6,3,11.333333333333334,6,5,11.4,0.833,1,0.678
Graduate,Nursing,Male,Single,Daytime,No,Yes,No,Yes,No,18,17-20,137.8,149.0,8,7,13.0,8,7,13.0,0.875,0,0.11
Dropout,Advertising & Marketing,Male,Single,Daytime,No,No,No,No,No,19,17-20,119.5,130.0,5,0,0.0,6,0,0.0,0.0,1,1.0
Dropout,Equinculture,Male,Single,Daytime,No,Yes,Yes,No,No,24,21-24,110.0,150.0,5,2,12.5,5,3,12.333333333333334,0.6,1,0.928
Graduate,Social Service,Male,Single,Daytime,No,Yes,No,No,No,20,17-20,105.0,106.0,6,5,11.0,6,5,12.166666666666666,0.833,0,0.248
Dropout,Animation & Multimedia Design,Male,Single,Daytime,No,Yes,No,Yes,No,21,21-24,142.8,162.0,0,0,0.0,0,0,0.0,,1,0.529
Dropout,Management (evening),Male,Married,Evening,No,Yes,No,Yes,No,32,30-39,128.2,120.0,5,0,0.0,5,0,0.0,0.0,1,0.998
Dropout,Management (evening),Male,Married,Evening,No,Yes,No,No,No,39,30-39,120.0,133.1,5,0,0.0,5,1,10.0,0.2,1,0.981
Dropout,Informatics Engineering,Male,Single,Daytime,No,No,No,No,No,33,30-39,130.0,130.0,5,0,0.0,5,0,0.0,0.0,1,1.0
Graduate,Advertising & Marketing,Male,Single,Daytime,Yes,Yes,No,No,No,20,17-20,121.7,128.0,5,5,12.4,5,4,10.75,0.8,0,0.126
Graduate,Agronomy,Male,Single,Daytime,No,Yes,No,No,No,19,17-20,116.0,124.0,6,6,15.5,6,6,14.1,1.0,0,0.087
Dropout,Management (evening),Male,Married,Evening,No,No,No,No,No,43,40+,133.2,133.1,5,2,11.5,5,3,10.8,0.6,1,0.995
Dropout,Management (evening),Male,Married,Evening,No,Yes,No,No,No,49,40+,116.7,114.0,5,4,13.333333333333334,5,4,11.6,0.8,1,0.639
Graduate,Journalism & Communication,Male,Single,Daytime,Yes,Yes,No,Yes,No,18,17-20,126.4,140.0,6,6,12.666666666666666,6,6,13.5,1.0,0,0.037
Enrolled,Agronomy,Male,Single,Daytime,No,Yes,No,No,No,27,25-29,140.0,160.0,6,0,0.0,6,0,0.0,0.0,0,0.997
Dropout,Management,Male,Single,Daytime,Yes,Yes,No,Yes,No,19,17-20,120.3,122.0,5,5,12.6,5,5,13.6,1.0,1,0.06
Dropout,Communication Design,Male,Single,Daytime,Yes,Yes,Yes,No,No,45,40+,118.0,140.0,6,6,13.5,6,0,0.0,0.0,1,0.997
Graduate,Advertising & Marketing,Male,Single,Daytime,No,No,No,Yes,No,19,17-20,149.5,160.0,6,6,13.0,6,6,13.0,1.0,0,0.614
Graduate,Agronomy,Male,Single,Daytime,Yes,Yes,No,No,No,21,21-24,130.0,130.0,6,6,11.714285714285714,6,4,11.75,0.667,0,0.137
Graduate,Advertising & Marketing,Male,Single,Daytime,Yes,Yes,No,No,No,18,17-20,126.3,141.0,6,6,12.166666666666666,6,5,13.0,0.833,0,0.086
Dropout,Management,Male,Single,Daytime,No,Yes,No,No,No,18,17-20,116.2,127.0,5,0,0.0,5,0,0.0,0.0,1,0.997
Dropout,Tourism,Male,Single,Daytime,No,No,No,No,No,29,25-29,126.0,126.0,6,0,0.0,6,0,0.0,0.0,1,1.0
Graduate,Advertising & Marketing,Male,Single,Daytime,No,Yes,No,No,No,19,17-20,122.3,131.0,5,5,11.5,5,5,11.6,1.0,0,0.098
Enrolled,Management,Male,Single,Daytime,Yes,Yes,No,Yes,No,18,17-20,119.5,130.0,5,4,11.25,5,4,12.25,0.8,0,0.263
Graduate,Communication Design,Male,Single,Daytime,Yes,Yes,No,No,No,22,21-24,131.8,130.0,7,7,12.285714285714286,9,8,12.375,0.889,0,0.046
Dropout,Nursing,Male,Single,Daytime,Yes,Yes,No,Yes,No,18,17-20,130.7,140.0,7,7,12.718571428571428,8,8,12.805555555555555,1.0,1,0.028
Enrolled,Equinculture,Male,Single,Daytime,No,Yes,No,No,No,20,17-20,140.0,140.0,6,5,12.4,6,2,15.0,0.333,0,0.782
Dropout,Animation & Multimedia Design,Male,Single,Daytime,No,Yes,No,Yes,No,20,17-20,129.5,140.0,0,0,0.0,0,0,0.0,,1,0.566
Dropout,Advertising & Marketing,Male,Divorced,Daytime,Yes,Yes,Yes,No,No,29,25-29,130.0,133.1,6,1,14.0,6,0,0.0,0.0,1,0.999
Dropout,Advertising & Marketing,Male,Single,Daytime,No,Yes,No,Yes,No,29,25-29,114.0,120.0,5,3,11.666666666666666,5,4,11.25,0.8,1,0.514
Enrolled,Journalism & Communication,Male,Single,Daytime,No,Yes,No,Yes,No,23,21-24,121.0,121.0,6,1,13.0,6,4,11.25,0.667,0,0.958
Dropout,Animation & Multimedia Design,Male,Single,Daytime,No,Yes,Yes,Yes,No,19,17-20,116.4,123.0,0,0,0.0,0,0,0.0,,1,0.825
Dropout,Informatics Engineering,Male,Single,Daytime,No,Yes,No,Yes,No,18,17-20,121.7,136.0,5,0,0.0,5,1,12.0,0.2,1,0.951
Dropout,Tourism,Male,Married,Daytime,No,Yes,No,Yes,No,22,21-24,130.0,136.0,6,4,11.5,6,2,12.5,0.333,1,0.897
Dropout,Management (evening),Male,Single,Evening,No,Yes,Yes,Yes,No,34,30-39,120.0,120.0,10,7,11.714285714285714,10,6,11.5,0.6,1,0.985
Graduate,Management (evening),Male,Single,Evening,No,Yes,No,No,No,26,25-29,125.0,160.0,5,5,12.6,5,5,13.714285714285714,1.0,0,0.189
Dropout,Animation & Multimedia Design,Male,Single,Daytime,No,Yes,No,Yes,No,24,21-24,134.1,125.0,17,13,11.642857142857142,17,12,11.25,0.706,1,0.668
Graduate,Advertising & Marketing,Male,Single,Daytime,Yes,Yes,No,Yes,No,17,17-20,149.5,146.0,6,6,14.875,6,6,13.428571428571429,1.0,0,0.048
Enrolled,Advertising & Marketing,Male,Single,Daytime,No,Yes,No,No,No,21,21-24,113.2,117.0,5,2,10.0,5,3,10.333333333333334,0.6,0,0.888
Enrolled,Management (evening),Male,Married,Evening,No,Yes,No,No,No,34,30-39,146.0,150.0,5,5,14.2,5,5,14.6,1.0,0,0.13
Graduate,Agronomy,Male,Single,Daytime,No,Yes,No,Yes,No,19,17-20,140.0,140.0,6,6,12.714285714285714,6,6,13.5,1.0,0,0.044
Dropout,Agronomy,Male,Married,Daytime,No,No,Yes,No,No,49,40+,162.4,111.0,12,5,11.6,7,5,11.2,0.714,1,0.998
Dropout,Nursing,Male,Single,Daytime,No,Yes,No,No,No,23,21-24,136.6,120.0,7,5,11.94,7,6,12.2,0.857,1,0.41
Dropout,Informatics Engineering,Male,Single,Daytime,No,Yes,No,Yes,No,18,17-20,111.0,111.0,5,4,11.6,5,3,14.2,0.6,1,0.637
Enrolled,Nursing,Male,Single,Daytime,No,Yes,No,No,No,20,17-20,115.7,118.0,7,5,12.7,8,7,13.475,0.875,0,0.231
Graduate,Advertising & Marketing,Male,Single,Daytime,No,Yes,No,Yes,No,19,17-20,105.7,106.0,6,6,13.333333333333334,6,5,13.8,0.833,0,0.194
Enrolled,Agronomy,Male,Single,Daytime,No,Yes,No,Yes,No,24,21-24,128.2,120.0,9,8,13.333333333333334,10,9,13.11111111111111,0.9,0,0.19
Graduate,Management,Male,Single,Daytime,No,Yes,No,Yes,No,18,17-20,137.0,151.0,5,5,13.4,5,5,15.0,1.0,0,0.077
Dropout,Tourism,Male,Married,Daytime,No,No,Yes,No,No,45,40+,120.0,133.1,6,0,0.0,6,0,0.0,0.0,1,1.0
Dropout,Management (evening),Male,Single,Evening,No,Yes,No,Yes,No,30,30-39,120.5,120.0,5,2,11.0,5,0,0.0,0.0,1,0.998
Dropout,Management (evening),Male,Single,Evening,No,Yes,No,No,No,28,25-29,118.1,120.0,15,13,12.0,13,9,11.333333333333334,0.692,1,0.714
Dropout,Management (evening),Male,Single,Evening,No,Yes,No,No,No,40,40+,139.0,110.0,5,0,0.0,5,0,0.0,0.0,1,0.998
Dropout,Management,Male,Single,Daytime,No,No,No,No,No,32,30-39,116.3,133.1,5,0,0.0,5,0,0.0,0.0,1,1.0
Dropout,Tourism,Male,Single,Daytime,No,Yes,No,Yes,No,19,17-20,120.5,118.0,6,4,12.5,6,4,10.25,0.667,1,0.706
Graduate,Communication Design,Male,Single,Daytime,No,Yes,No,Yes,No,20,17-20,134.9,139.0,6,6,13.666666666666666,6,6,12.166666666666666,1.0,0,0.094
Dropout,Informatics Engineering,Male,Single,Daytime,No,Yes,No,No,No,18,17-20,123.0,130.0,5,1,10.0,5,0,0.0,0.0,1,0.998
Dropout,Advertising & Marketing,Male,Single,Daytime,No,No,No,No,No,20,17-20,122.9,132.0,6,6,11.5,6,2,13.0,0.333,1,0.955
Enrolled,Management (evening),Male,Single,Evening,No,Yes,No,No,No,39,30-39,140.0,100.0,5,4,12.25,5,4,12.75,0.8,0,0.495
Enrolled,Veterinary Nursing,Male,Single,Daytime,No,No,No,No,No,19,17-20,122.5,120.0,6,5,13.6,6,5,13.666666666666666,0.833,0,0.765
Enrolled,Management (evening),Male,Single,Evening,No,Yes,No,No,No,38,30-39,121.5,133.1,5,2,10.5,5,3,11.333333333333334,0.6,0,0.831
Graduate,Nursing,Male,Single,Daytime,Yes,Yes,No,Yes,No,18,17-20,132.3,156.0,7,6,13.266666666666666,7,6,13.266666666666666,0.857,0,0.071
Graduate,Nursing,Male,Single,Daytime,Yes,Yes,No,Yes,No,18,17-20,131.5,143.0,7,7,12.5125,8,8,14.1875,1.0,0,0.018
Dropout,Equinculture,Male,Married,Daytime,No,Yes,No,No,No,28,25-29,128.2,133.1,5,0,0.0,5,0,0.0,0.0,1,0.997
Dropout,Advertising & Marketing,Male,Single,Daytime,No,No,No,Yes,No,31,30-39,148.0,140.0,6,0,0.0,6,0,0.0,0.0,1,1.0
Graduate,Nursing,Male,Single,Daytime,No,Yes,No,No,No,23,21-24,121.5,127.0,7,6,13.483333333333334,7,6,13.483333333333334,0.857,0,0.098
Enrolled,Nursing,Male,Single,Daytime,No,Yes,No,Yes,No,21,21-24,135.4,135.0,7,6,12.565,8,5,12.16,0.625,0,0.293
Dropout,Social Service,Male,Single,Daytime,No,No,Yes,No,No,33,30-39,139.0,133.1,6,0,0.0,5,0,0.0,0.0,1,1.0
Dropout,Management,Male,Single,Daytime,No,Yes,No,No,No,22,21-24,113.4,120.0,5,3,13.0,5,3,11.666666666666666,0.6,1,0.78
Dropout,Informatics Engineering,Male,Single,Daytime,No,Yes,Yes,Yes,No,20,17-20,150.0,150.0,5,5,16.5,5,5,17.714285714285715,1.0,1,0.167
Enrolled,Advertising & Marketing,Male,Single,Daytime,No,Yes,Yes,No,No,19,17-20,122.0,123.0,6,6,13.166666666666666,6,5,13.2,0.833,0,0.332
Graduate,Veterinary Nursing,Male,Single,Daytime,No,Yes,No,Yes,No,20,17-20,150.0,150.0,6,6,13.8,6,6,13.142857142857142,1.0,0,0.091
Enrolled,Tourism,Male,Single,Daytime,No,Yes,No,Yes,No,25,25-29,119.3,133.1,6,6,11.166666666666666,6,4,11.8,0.667,0,0.34
Dropout,Agronomy,Male,Single,Daytime,No,No,No,No,No,25,25-29,140.0,130.0,6,0,0.0,6,0,0.0,0.0,1,1.0
Enrolled,Communication Design,Male,Single,Daytime,No,Yes,No,Yes,No,19,17-20,125.0,140.0,6,6,12.666666666666666,6,6,12.142857142857142,1.0,0,0.079
Graduate,Advertising & Marketing,Male,Single,Daytime,No,Yes,No,Yes,No,20,17-20,140.7,141.0,5,5,12.6,5,4,14.5,0.8,0,0.167
Enrolled,Nursing,Male,Married,Daytime,No,Yes,No,No,No,33,30-39,100.0,133.1,7,5,13.06,7,0,0.0,0.0,0,0.998
Graduate,Journalism & Communication,Male,Single,Daytime,No,Yes,No,Yes,No,19,17-20,146.7,146.0,6,6,13.833333333333334,6,6,13.625,1.0,0,0.064
Dropout,Equinculture,Male,Single,Daytime,No,Yes,No,No,No,31,30-39,96.0,133.1,5,0,0.0,5,0,0.0,0.0,1,0.995
Dropout,Informatics Engineering,Male,Single,Daytime,No,No,Yes,No,No,24,21-24,160.0,160.0,6,2,16.0,7,2,16.0,0.286,1,0.999
Dropout,Informatics Engineering,Male,Single,Daytime,No,No,Yes,No,No,23,21-24,130.0,130.0,5,0,0.0,5,0,0.0,0.0,1,1.0
Dropout,Management (evening),Male,Married,Evening,Yes,No,No,No,No,26,25-29,130.0,160.0,5,3,10.666666666666666,5,3,10.666666666666666,0.6,1,0.954
Graduate,Communication Design,Male,Married,Daytime,No,Yes,No,Yes,No,38,30-39,140.0,140.0,18,18,14.5,18,18,14.5,1.0,0,0.013
Graduate,Informatics Engineering,Male,Single,Daytime,Yes,Yes,No,Yes,No,20,17-20,116.6,126.0,5,5,14.0,5,5,13.8,1.0,0,0.08
Graduate,Informatics Engineering,Male,Single,Daytime,No,Yes,No,Yes,No,20,17-20,120.5,118.0,5,3,13.333333333333334,5,5,13.571428571428571,1.0,0,0.462
Dropout,Veterinary Nursing,Male,Single,Daytime,No,Yes,No,No,No,25,25-29,103.0,133.1,6,0,0.0,6,0,0.0,0.0,1,0.999
Graduate,Communication Design,Male,Single,Daytime,No,Yes,No,Yes,No,19,17-20,111.9,121.0,6,5,12.0,6,4,11.2,0.667,0,0.335
Graduate,Informatics Engineering,Male,Single,Daytime,No,Yes,No,No,No,18,17-20,148.7,148.0,5,5,16.2,5,5,16.0,1.0,0,0.065
Dropout,Management (evening),Male,Single,Evening,No,Yes,No,No,No,28,25-29,120.0,133.1,13,7,10.285714285714286,11,5,10.6,0.455,1,0.993
Enrolled,Informatics Engineering,Male,Single,Daytime,No,Yes,No,Yes,No,18,17-20,125.7,140.0,5,0,0.0,5,0,0.0,0.0,0,0.998
Graduate,Tourism,Male,Single,Daytime,Yes,Yes,No,Yes,No,20,17-20,120.1,132.0,6,6,13.571428571428571,6,6,13.166666666666666,1.0,0,0.032
Graduate,Equinculture,Male,Single,Daytime,No,Yes,No,No,No,18,17-20,127.8,140.0,6,6,14.285714285714286,6,6,14.857142857142858,1.0,0,0.055
Graduate,Management,Male,Single,Daytime,No,Yes,No,Yes,No,19,17-20,106.4,112.0,5,5,10.2,5,4,10.5,0.8,0,0.397
Dropout,Nursing,Male,Single,Daytime,No,Yes,Yes,No,No,24,21-24,100.0,100.0,8,2,10.25,8,2,10.25,0.25,1,0.998
Dropout,Veterinary Nursing,Male,Single,Daytime,No,Yes,No,Yes,No,21,21-24,123.9,126.0,6,0,0.0,6,0,0.0,0.0,1,0.999
Graduate,Advertising & Marketing,Male,Single,Daytime,Yes,Yes,No,No,No,20,17-20,139.5,150.0,6,6,14.833333333333334,6,6,14.833333333333334,1.0,0,0.02
Graduate,Agronomy,Male,Single,Daytime,No,Yes,No,Yes,No,21,21-24,150.0,150.0,6,5,13.625,6,5,12.6,0.833,0,0.273
Graduate,Oral Hygiene,Male,Married,Daytime,No,Yes,Yes,No,No,24,21-24,139.8,144.0,7,7,12.271428571428572,8,7,13.657142857142857,0.875,0,0.042
Dropout,Management (evening),Male,Single,Evening,No,Yes,No,No,No,27,25-29,154.4,133.1,5,0,0.0,5,0,0.0,0.0,1,0.997
Enrolled,Management,Male,Single,Daytime,No,No,Yes,Yes,No,19,17-20,115.5,120.0,5,4,12.5,5,5,10.5,1.0,0,0.95
Graduate,Social Service (evening),Male,Single,Evening,No,Yes,No,No,No,39,30-39,119.0,133.1,9,9,13.22222222222222,7,7,13.142857142857142,1.0,0,0.059
Dropout,Biofuel Production Tech,Male,Single,Daytime,No,Yes,No,No,No,25,25-29,96.1,133.1,7,2,15.0,7,2,11.5,0.286,1,0.964
Dropout,Animation & Multimedia Design,Male,Single,Daytime,No,No,No,No,No,18,17-20,130.0,130.0,0,0,0.0,0,0,0.0,,1,0.877
Graduate,Communication Design,Male,Single,Daytime,No,Yes,No,No,No,19,17-20,128.8,133.0,12,12,13.166666666666666,12,12,13.0,1.0,0,0.016
Graduate,Journalism & Communication,Male,Single,Daytime,Yes,Yes,No,No,No,21,21-24,126.8,124.0,6,5,13.833333333333334,6,4,14.0,0.667,0,0.28
Dropout,Management (evening),Male,Single,Evening,No,Yes,No,No,No,27,25-29,130.0,130.0,5,0,0.0,5,0,0.0,0.0,1,0.994
Enrolled,Management,Male,Single,Daytime,No,Yes,No,Yes,No,19,17-20,116.7,124.0,5,0,0.0,5,0,0.0,0.0,0,0.998
Enrolled,Nursing,Male,Single,Daytime,No,Yes,No,Yes,No,18,17-20,125.5,132.0,8,7,13.154285714285717,8,7,13.154285714285717,0.875,0,0.13
Dropout,Advertising & Marketing,Male,Single,Daytime,No,Yes,No,Yes,No,27,25-29,110.0,110.0,12,9,12.333333333333334,11,6,13.166666666666666,0.545,1,0.923
Dropout,Journalism & Communication,Male,Single,Daytime,No,Yes,Yes,Yes,No,18,17-20,133.7,127.0,6,6,13.0,6,5,11.8,0.833,1,0.4
Enrolled,Equinculture,Male,Single,Daytime,No,Yes,No,No,No,19,17-20,117.6,130.0,5,2,11.5,5,5,11.4,1.0,0,0.182
Dropout,Agronomy,Male,Single,Daytime,No,Yes,No,No,No,19,17-20,140.0,140.0,6,3,13.25,6,1,12.0,0.167,1,0.958
Enrolled,Agronomy,Male,Single,Daytime,No,Yes,No,No,No,22,21-24,150.0,150.0,6,3,13.333333333333334,6,3,12.75,0.5,0,0.835
Graduate,Social Service,Female,Single,Daytime,No,Yes,No,Yes,No,18,17-20,133.7,133.0,6,6,13.5,6,6,12.166666666666666,1.0,0,0.056
Graduate,Journalism & Communication,Female,Single,Daytime,Yes,Yes,No,Yes,No,18,17-20,137.0,109.0,6,6,12.666666666666666,6,5,12.8,0.833,0,0.067
Dropout,Management,Female,Single,Daytime,No,Yes,No,No,No,23,21-24,128.2,133.1,11,11,15.090909090909092,6,6,14.5,1.0,1,0.035
Dropout,Animation & Multimedia Design,Male,Single,Daytime,No,No,Yes,Yes,No,20,17-20,129.2,133.0,0,0,0.0,0,0,0.0,,1,0.979
Graduate,Journalism & Communication,Male,Single,Daytime,No,Yes,No,Yes,No,18,17-20,129.5,134.0,6,6,13.166666666666666,6,6,12.666666666666666,1.0,0,0.148
Graduate,Journalism & Communication,Male,Single,Daytime,No,Yes,No,Yes,No,18,17-20,129.6,125.0,6,6,12.833333333333334,6,6,12.833333333333334,1.0,0,0.103
Enrolled,Informatics Engineering,Male,Single,Daytime,No,Yes,No,Yes,No,18,17-20,121.7,135.0,5,5,11.8,5,3,12.0,0.6,0,0.345
Graduate,Journalism & Communication,Male,Single,Daytime,No,Yes,No,Yes,No,20,17-20,141.8,132.0,6,6,11.833333333333334,6,6,12.166666666666666,1.0,0,0.101
Graduate,Journalism & Communication,Male,Single,Daytime,No,Yes,No,Yes,No,20,17-20,129.8,135.0,6,5,12.8,6,3,12.75,0.5,0,0.772
Dropout,Communication Design,Male,Single,Daytime,No,Yes,No,No,No,21,21-24,106.0,100.0,7,5,11.8,9,5,11.0,0.556,1,0.838
Enrolled,Animation & Multimedia Design,Male,Single,Daytime,No,Yes,No,No,No,22,21-24,121.6,144.0,0,0,0.0,0,0,0.0,,0,0.599
Dropout,Informatics Engineering,Male,Single,Daytime,No,Yes,No,Yes,No,20,17-20,121.5,125.0,5,5,15.8,5,5,14.571428571428571,1.0,1,0.185
Enrolled,Animation & Multimedia Design,Male,Single,Daytime,No,Yes,Yes,No,No,19,17-20,117.0,133.1,0,0,0.0,0,0,0.0,,0,0.701
Enrolled,Informatics Engineering,Male,Single,Daytime,No,Yes,No,Yes,No,19,17-20,130.0,130.0,5,2,12.5,5,3,11.6,0.6,0,0.842
Graduate,Advertising & Marketing,Male,Single,Daytime,No,Yes,No,Yes,No,20,17-20,117.7,117.0,6,6,14.666666666666666,6,6,13.857142857142858,1.0,0,0.103
Dropout,Veterinary Nursing,Male,Single,Daytime,No,Yes,No,Yes,No,19,17-20,140.0,140.0,6,4,12.5,6,2,12.0,0.333,1,0.93
Dropout,Informatics Engineering,Male,Single,Daytime,No,Yes,No,Yes,No,19,17-20,133.1,132.0,5,3,12.0,6,2,10.5,0.333,1,0.948
Enrolled,Informatics Engineering,Male,Single,Daytime,No,Yes,Yes,No,Yes,24,21-24,100.0,133.1,8,7,13.142857142857142,6,6,11.833333333333334,1.0,0,0.151
Dropout,Advertising & Marketing,Male,Single,Daytime,No,Yes,Yes,No,No,18,17-20,119.1,132.0,6,3,12.666666666666666,6,4,11.142857142857142,0.667,1,0.928
Enrolled,Informatics Engineering,Male,Single,Daytime,Yes,No,No,No,No,18,17-20,129.8,148.0,5,5,15.0,5,5,14.2,1.0,0,0.334
Dropout,Social Service,Female,Single,Daytime,No,Yes,Yes,Yes,No,18,17-20,131.3,133.0,6,5,13.6,6,5,11.8,0.833,1,0.427
Graduate,Journalism & Communication,Female,Single,Daytime,No,Yes,No,Yes,No,18,17-20,136.7,143.0,6,6,12.5,6,6,13.833333333333334,1.0,0,0.06
Graduate,Social Service,Female,Single,Daytime,Yes,Yes,No,Yes,No,21,21-24,126.2,143.0,6,6,13.333333333333334,6,6,13.5,1.0,0,0.03
Dropout,Veterinary Nursing,Female,Single,Daytime,No,Yes,No,No,Yes,18,17-20,109.6,133.1,6,4,12.25,6,5,11.0,0.833,1,0.166
Graduate,Nursing,Female,Single,Daytime,Yes,Yes,No,Yes,No,18,17-20,131.9,141.0,7,7,15.101428571428572,8,8,16.09375,1.0,0,0.009
Graduate,Social Service,Female,Single,Daytime,Yes,Yes,No,Yes,No,18,17-20,140.7,140.0,6,6,13.166666666666666,6,6,16.0,1.0,0,0.014
Dropout,Social Service (evening),Female,Single,Evening,No,Yes,No,Yes,No,23,21-24,120.7,134.0,6,4,11.0,6,0,0.0,0.0,1,0.996
Graduate,Management,Female,Single,Daytime,No,Yes,No,Yes,No,21,21-24,113.8,118.0,5,3,11.666666666666666,5,4,11.75,0.8,0,0.508
Enrolled,Social Service,Female,Single,Daytime,No,Yes,No,No,No,20,17-20,121.0,135.0,6,1,10.0,6,1,13.0,0.167,0,0.979
Dropout,Social Service (evening),Female,Single,Evening,No,Yes,No,Yes,No,26,25-29,112.4,119.0,7,7,11.571428571428571,6,2,11.0,0.333,1,0.826
Enrolled,Journalism & Communication,Female,Single,Daytime,Yes,Yes,No,Yes,No,18,17-20,131.0,145.0,6,6,12.166666666666666,6,5,11.2,0.833,0,0.069
Dropout,Animation & Multimedia Design,Female,Single,Daytime,No,Yes,No,Yes,No,18,17-20,142.7,143.0,0,0,0.0,0,0,0.0,,1,0.443
Graduate,Advertising & Marketing,Female,Single,Daytime,Yes,No,No,No,No,19,17-20,125.5,123.0,6,6,13.833333333333334,6,6,14.285714285714286,1.0,0,0.151
Graduate,Nursing,Female,Single,Daytime,Yes,Yes,No,Yes,No,20,17-20,107.8,108.0,7,6,12.357142857142858,8,7,13.0,0.875,0,0.079
Dropout,Journalism & Communication,Female,Single,Daytime,No,No,Yes,Yes,No,19,17-20,110.4,117.0,6,6,12.166666666666666,6,2,10.333333333333334,0.333,1,0.994
Enrolled,Social Service,Female,Single,Daytime,No,Yes,Yes,Yes,No,21,21-24,136.1,140.0,6,3,12.0,6,2,12.5,0.333,0,0.941
Graduate,Tourism,Female,Single,Daytime,No,Yes,No,No,No,33,30-39,138.3,170.0,10,9,12.416666666666666,9,7,13.0,0.778,0,0.362
Graduate,Veterinary Nursing,Female,Single,Daytime,No,Yes,No,No,No,18,17-20,142.3,157.0,5,4,12.75,5,4,12.75,0.8,0,0.154
Graduate,Nursing,Female,Single,Daytime,No,Yes,No,No,No,21,21-24,145.0,141.0,21,18,14.933333333333334,21,18,14.933333333333334,0.857,0,0.0
Graduate,Journalism & Communication,Female,Single,Daytime,No,Yes,No,Yes,No,19,17-20,125.7,125.0,6,6,13.0,6,6,11.666666666666666,1.0,0,0.061
Enrolled,Basic Education,Female,Divorced,Daytime,No,No,Yes,No,No,33,30-39,108.0,133.1,7,7,12.857142857142858,7,6,12.666666666666666,0.857,0,0.629
Graduate,Nursing,Female,Married,Daytime,No,Yes,No,Yes,No,18,17-20,128.7,143.0,7,7,14.455000000000002,8,8,13.91,1.0,0,0.023
Graduate,Advertising & Marketing,Female,Single,Daytime,Yes,Yes,No,No,No,18,17-20,128.0,142.0,6,6,14.0,6,6,13.285714285714286,1.0,0,0.02
Graduate,Journalism & Communication,Female,Single,Daytime,Yes,Yes,No,Yes,No,20,17-20,146.5,150.0,6,6,13.5,6,6,12.666666666666666,1.0,0,0.03
Dropout,Tourism,Female,Single,Daytime,No,No,No,Yes,No,20,17-20,106.1,112.0,6,0,0.0,6,0,0.0,0.0,1,1.0
Graduate,Social Service (evening),Female,Single,Evening,Yes,Yes,No,No,No,20,17-20,118.0,133.1,6,6,11.666666666666666,6,5,14.0,0.833,0,0.041
Graduate,Veterinary Nursing,Female,Single,Daytime,Yes,Yes,No,Yes,No,19,17-20,117.0,125.0,5,4,12.0,5,5,13.333333333333334,1.0,0,0.058
Graduate,Social Service,Female,Single,Daytime,Yes,Yes,No,Yes,No,19,17-20,115.4,121.0,6,6,11.714285714285714,6,6,11.833333333333334,1.0,0,0.035
Graduate,Social Service,Female,Single,Daytime,No,Yes,No,Yes,No,21,21-24,117.0,133.1,6,6,12.666666666666666,6,6,12.428571428571429,1.0,0,0.103
Enrolled,Veterinary Nursing,Female,Single,Daytime,No,Yes,No,Yes,No,26,25-29,144.9,133.1,6,3,11.75,6,4,12.8,0.667,0,0.832
Dropout,Social Service,Female,Single,Daytime,No,Yes,No,No,No,21,21-24,127.0,135.0,6,0,0.0,6,0,0.0,0.0,1,0.998
Graduate,Nursing,Female,Single,Daytime,No,Yes,No,Yes,No,18,17-20,118.0,132.0,8,7,12.328571428571427,8,7,12.328571428571427,0.875,0,0.067
Dropout,Basic Education,Female,Facto union,Daytime,No,Yes,No,No,No,27,25-29,118.0,133.1,7,6,11.666666666666666,7,1,10.0,0.143,1,0.873
Graduate,Communication Design,Female,Single,Daytime,Yes,Yes,No,Yes,No,20,17-20,126.4,135.0,12,12,13.25,12,11,12.727272727272728,0.917,0,0.011
Enrolled,Advertising & Marketing,Female,Single,Daytime,No,Yes,No,No,No,21,21-24,110.0,110.0,6,5,11.833333333333334,6,4,13.25,0.667,0,0.204
Graduate,Oral Hygiene,Female,Single,Daytime,Yes,Yes,No,Yes,No,18,17-20,124.4,133.0,7,7,13.3,8,8,15.125,1.0,0,0.01
Enrolled,Veterinary Nursing,Female,Single,Daytime,No,Yes,No,Yes,No,20,17-20,140.0,140.0,6,6,12.555555555555555,6,5,11.8,0.833,0,0.164
Graduate,Journalism & Communication,Female,Single,Daytime,No,Yes,No,Yes,No,18,17-20,129.4,135.0,6,6,12.833333333333334,6,6,12.166666666666666,1.0,0,0.062
Graduate,Social Service,Female,Single,Daytime,Yes,Yes,No,No,No,20,17-20,141.7,140.0,6,6,12.833333333333334,6,6,12.833333333333334,1.0,0,0.034
Graduate,Veterinary Nursing,Female,Single,Daytime,Yes,Yes,No,Yes,No,19,17-20,132.1,144.0,5,3,12.666666666666666,5,3,13.0,0.6,0,0.415
Graduate,Nursing,Female,Single,Daytime,No,Yes,No,Yes,No,20,17-20,116.8,122.0,7,6,13.271428571428572,8,7,14.471428571428572,0.875,0,0.143
Graduate,Management (evening),Female,Single,Evening,Yes,Yes,No,No,No,20,17-20,135.0,143.0,5,5,12.4,5,5,12.833333333333334,1.0,0,0.03
Enrolled,Veterinary Nursing,Female,Single,Daytime,No,Yes,No,No,No,20,17-20,150.0,150.0,5,2,14.5,5,4,11.25,0.8,0,0.464
Dropout,Social Service,Female,Single,Daytime,No,Yes,Yes,Yes,No,19,17-20,116.0,124.0,6,0,0.0,5,0,0.0,0.0,1,1.0
Graduate,Journalism & Communication,Female,Single,Daytime,No,Yes,No,No,No,18,17-20,155.0,156.0,6,6,14.285714285714286,6,6,13.25,1.0,0,0.02
Graduate,Veterinary Nursing,Female,Single,Daytime,No,Yes,No,Yes,No,18,17-20,127.0,142.0,5,3,12.333333333333334,5,5,12.6,1.0,0,0.26
Graduate,Nursing,Female,Single,Daytime,Yes,Yes,No,Yes,No,19,17-20,130.8,142.0,7,6,12.583333333333334,8,7,12.671428571428573,0.875,0,0.066
Dropout,Nursing,Female,Single,Daytime,No,Yes,No,Yes,No,19,17-20,121.8,126.0,7,6,13.731666666666667,8,7,13.771428571428572,0.875,1,0.115
Enrolled,Agronomy,Male,Single,Daytime,No,Yes,No,No,No,43,40+,140.0,133.1,6,6,12.875,6,5,12.142857142857142,0.833,0,0.269
Dropout,Communication Design,Male,Married,Daytime,No,Yes,No,No,No,47,40+,148.5,170.0,10,8,14.625,7,5,13.4,0.714,1,0.839
Dropout,Management,Male,Single,Daytime,No,No,No,Yes,No,23,21-24,109.8,130.0,3,0,0.0,2,0,0.0,0.0,1,0.997
Graduate,Social Service,Female,Single,Daytime,Yes,Yes,Yes,Yes,Yes,19,17-20,119.7,133.0,6,6,12.666666666666666,6,6,12.666666666666666,1.0,0,0.029
Graduate,Nursing,Female,Single,Daytime,No,Yes,No,Yes,No,20,17-20,122.0,122.0,8,6,12.491666666666667,8,6,12.491666666666667,0.75,0,0.351
Graduate,Animation & Multimedia Design,Female,Single,Daytime,Yes,Yes,No,Yes,No,19,17-20,147.5,138.0,12,12,13.666666666666666,11,11,14.166666666666666,1.0,0,0.001
Graduate,Veterinary Nursing,Female,Single,Daytime,No,Yes,No,Yes,Yes,19,17-20,150.8,163.0,6,6,16.0,6,6,14.5,1.0,0,0.007
Graduate,Veterinary Nursing,Female,Single,Daytime,No,Yes,No,Yes,No,19,17-20,150.0,150.0,6,6,14.142857142857142,6,6,13.0,1.0,0,0.063
Graduate,Social Service (evening),Female,Single,Evening,Yes,Yes,Yes,No,No,39,30-39,131.5,133.1,6,6,11.833333333333334,6,4,13.75,0.667,0,0.137
Graduate,Communication Design,Female,Single,Daytime,Yes,Yes,No,Yes,No,20,17-20,127.2,144.0,6,6,12.666666666666666,6,6,13.0,1.0,0,0.029
Graduate,Communication Design,Female,Single,Daytime,No,Yes,No,Yes,No,21,21-24,111.0,118.0,6,6,12.5,6,6,12.666666666666666,1.0,0,0.048
Graduate,Social Service,Female,Single,Daytime,No,No,Yes,Yes,Yes,22,21-24,119.9,101.0,11,9,10.88888888888889,10,4,11.25,0.4,0,0.987
Dropout,Journalism & Communication,Female,Single,Daytime,No,Yes,No,Yes,No,19,17-20,133.7,133.0,6,1,13.0,5,0,0.0,0.0,1,0.998
Graduate,Advertising & Marketing,Female,Single,Daytime,No,Yes,No,Yes,No,22,21-24,140.0,133.1,6,6,15.166666666666666,6,6,16.0,1.0,0,0.023
Graduate,Basic Education,Female,Single,Daytime,Yes,Yes,No,Yes,No,19,17-20,113.9,124.0,6,6,12.666666666666666,6,6,12.0,1.0,0,0.036
Dropout,Animation & Multimedia Design,Male,Single,Daytime,No,Yes,Yes,Yes,No,18,17-20,120.7,127.0,0,0,0.0,0,0,0.0,,1,0.725
Enrolled,Management,Male,Facto union,Daytime,No,Yes,No,No,No,26,25-29,119.8,133.1,5,5,12.0,5,5,10.2,1.0,0,0.103
Dropout,Management (evening),Male,Single,Evening,No,No,No,No,No,36,30-39,121.8,110.0,5,0,0.0,5,0,0.0,0.0,1,1.0
Graduate,Animation & Multimedia Design,Male,Single,Daytime,Yes,Yes,Yes,Yes,No,20,17-20,117.7,110.0,0,0,0.0,0,0,0.0,,0,0.745
Dropout,Management,Male,Married,Daytime,No,Yes,No,No,No,30,30-39,110.0,160.0,5,2,11.0,5,4,11.5,0.8,1,0.736
Dropout,Agronomy,Male,Single,Daytime,No,Yes,No,No,No,24,21-24,134.4,120.0,6,6,15.714285714285714,6,6,15.9,1.0,1,0.079
Dropout,Management,Male,Single,Daytime,No,Yes,No,No,No,26,25-29,125.3,133.1,15,11,10.818181818181818,14,11,11.636363636363637,0.786,1,0.648
Dropout,Management,Male,Single,Daytime,No,No,No,No,No,19,17-20,119.1,132.0,5,1,12.0,5,0,0.0,0.0,1,1.0
Graduate,Social Service,Male,Facto union,Daytime,No,Yes,No,No,No,34,30-39,146.0,130.0,6,5,12.6,6,4,11.25,0.667,0,0.404
Enrolled,Equinculture,Male,Single,Daytime,No,Yes,No,Yes,No,33,30-39,130.0,130.0,5,1,13.0,5,3,14.0,0.6,0,0.907
Graduate,Management,Male,Single,Daytime,No,Yes,No,Yes,No,19,17-20,122.0,129.0,5,5,11.6,5,4,10.75,0.8,0,0.323
Dropout,Informatics Engineering,Male,Single,Daytime,No,No,Yes,Yes,No,26,25-29,118.1,130.0,5,1,10.0,5,1,11.0,0.2,1,1.0
Dropout,Advertising & Marketing,Male,Single,Daytime,No,Yes,No,No,No,29,25-29,105.2,140.0,6,1,14.0,6,0,0.0,0.0,1,1.0
Dropout,Informatics Engineering,Male,Single,Daytime,Yes,Yes,No,Yes,No,19,17-20,123.3,131.0,5,5,12.6,5,2,12.5,0.4,1,0.536
Dropout,Animation & Multimedia Design,Male,Single,Daytime,No,Yes,No,Yes,No,18,17-20,124.8,129.0,0,0,0.0,0,0,0.0,,1,0.567
Dropout,Management (evening),Male,Single,Evening,No,No,No,No,No,29,25-29,149.4,133.1,5,2,11.333333333333334,5,1,12.0,0.2,1,0.997
Graduate,Tourism,Male,Single,Daytime,No,Yes,No,No,No,21,21-24,108.5,112.0,6,6,12.666666666666666,6,5,11.4,0.833,0,0.145
Enrolled,Tourism,Male,Single,Daytime,No,Yes,No,No,No,19,17-20,125.0,119.0,6,5,10.8,6,2,10.5,0.333,0,0.836
Graduate,Nursing,Male,Single,Daytime,No,Yes,No,No,No,20,17-20,101.0,133.1,7,5,12.87857142857143,8,7,11.85625,0.875,0,0.279
Dropout,Veterinary Nursing,Male,Single,Daytime,No,Yes,No,No,No,18,17-20,112.9,123.0,5,0,0.0,5,0,0.0,0.0,1,0.996
Enrolled,Communication Design,Male,Single,Daytime,No,Yes,No,Yes,No,18,17-20,120.2,131.0,6,6,12.833333333333334,6,5,11.4,0.833,0,0.227
Enrolled,Management,Male,Single,Daytime,Yes,Yes,Yes,No,No,21,21-24,111.6,120.0,5,5,12.6,5,3,12.833333333333334,0.6,0,0.358
Dropout,Management,Male,Single,Daytime,No,Yes,No,Yes,No,20,17-20,134.1,125.0,5,0,0.0,5,0,0.0,0.0,1,0.997
Dropout,Informatics Engineering,Male,Single,Daytime,Yes,Yes,No,No,No,30,30-39,101.6,133.1,5,0,0.0,5,0,0.0,0.0,1,0.997
Graduate,Advertising & Marketing,Male,Single,Daytime,No,Yes,No,Yes,No,19,17-20,111.9,121.0,6,6,14.166666666666666,6,6,14.0,1.0,0,0.106
Dropout,Management,Male,Single,Daytime,No,Yes,No,Yes,No,30,30-39,118.4,148.0,5,5,13.4,5,4,13.25,0.8,1,0.392
Graduate,Management,Male,Single,Daytime,Yes,Yes,No,Yes,No,22,21-24,127.1,139.0,5,5,11.2,5,4,11.25,0.8,0,0.248
Graduate,Animation & Multimedia Design,Male,Single,Daytime,No,Yes,No,Yes,No,22,21-24,120.5,125.0,0,0,0.0,0,0,0.0,,0,0.638
Dropout,Communication Design,Male,Single,Daytime,No,No,Yes,Yes,No,19,17-20,136.1,128.0,6,6,12.666666666666666,6,5,11.8,0.833,1,0.917
Dropout,Advertising & Marketing,Male,Single,Daytime,No,Yes,No,Yes,No,21,21-24,124.0,132.0,5,3,12.333333333333334,5,4,11.25,0.8,1,0.577
Graduate,Veterinary Nursing,Male,Single,Daytime,No,Yes,No,No,No,21,21-24,141.6,137.0,5,4,12.25,5,5,12.0,1.0,0,0.071
Dropout,Animation & Multimedia Design,Male,Single,Daytime,Yes,Yes,Yes,Yes,No,21,21-24,160.0,160.0,0,0,0.0,0,0,0.0,,1,0.506
Dropout,Management,Male,Single,Daytime,No,Yes,No,No,No,27,25-29,110.0,120.0,5,3,10.75,5,3,10.333333333333334,0.6,1,0.838
Dropout,Biofuel Production Tech,Male,Single,Daytime,No,Yes,No,Yes,No,32,30-39,100.0,134.0,7,0,0.0,7,0,0.0,0.0,1,0.999
Dropout,Advertising & Marketing,Male,Single,Daytime,No,No,Yes,No,No,40,40+,120.0,133.1,6,0,0.0,6,0,0.0,0.0,1,1.0
Enrolled,Management,Male,Single,Daytime,No,Yes,No,Yes,No,20,17-20,124.8,116.0,5,2,14.333333333333334,5,2,12.5,0.4,0,0.946
Dropout,Equinculture,Male,Single,Daytime,No,Yes,No,Yes,No,20,17-20,140.0,140.0,5,2,11.5,5,2,11.5,0.4,1,0.939
Graduate,Animation & Multimedia Design,Male,Single,Daytime,No,Yes,No,Yes,No,18,17-20,124.3,140.0,0,0,0.0,0,0,0.0,,0,0.47
Dropout,Management,Male,Single,Daytime,No,Yes,No,No,No,21,21-24,118.9,122.0,5,2,10.5,5,0,0.0,0.0,1,0.997
Dropout,Advertising & Marketing,Male,Single,Daytime,No,Yes,No,No,No,18,17-20,130.2,141.0,6,6,13.5,6,0,0.0,0.0,1,0.979
Enrolled,Agronomy,Male,Single,Daytime,No,Yes,No,No,No,19,17-20,120.0,120.0,6,1,11.0,6,0,0.0,0.0,0,0.999
Dropout,Communication Design,Male,Facto union,Daytime,No,No,No,No,No,30,30-39,140.0,140.0,6,1,10.0,6,0,0.0,0.0,1,1.0
Dropout,Agronomy,Male,Single,Daytime,No,Yes,No,No,No,29,25-29,130.0,133.1,6,0,0.0,6,0,0.0,0.0,1,0.999
Dropout,Informatics Engineering,Male,Single,Daytime,No,Yes,Yes,Yes,No,18,17-20,130.4,137.0,5,1,12.0,5,3,10.666666666666666,0.6,1,0.964
Dropout,Advertising & Marketing,Male,Single,Daytime,Yes,Yes,No,Yes,No,18,17-20,116.1,122.0,5,4,12.25,5,5,12.2,1.0,1,0.118
Dropout,Agronomy,Male,Single,Daytime,No,Yes,No,No,No,22,21-24,130.0,130.0,10,5,11.4,7,6,11.666666666666666,0.857,1,0.605
Dropout,Management (evening),Male,Single,Evening,No,No,No,Yes,No,27,25-29,124.3,140.0,5,0,0.0,5,0,0.0,0.0,1,1.0
Graduate,Advertising & Marketing,Male,Single,Daytime,No,Yes,No,Yes,No,20,17-20,125.0,125.0,6,4,14.25,6,5,14.0,0.833,0,0.58
Graduate,Social Service (evening),Male,Single,Evening,No,Yes,No,No,No,42,40+,110.0,110.0,12,11,14.454545454545457,11,10,14.2,0.909,0,0.165
Graduate,Agronomy,Male,Single,Daytime,No,Yes,Yes,No,No,21,21-24,115.0,133.1,12,12,14.538461538461538,12,12,14.461538461538462,1.0,0,0.049
Graduate,Nursing,Male,Single,Daytime,No,Yes,No,No,No,23,21-24,129.6,132.0,7,6,12.733333333333334,8,7,11.95,0.875,0,0.26
Dropout,Communication Design,Male,Single,Daytime,No,Yes,No,Yes,No,21,21-24,128.8,122.0,12,5,13.2,12,4,13.5,0.333,1,0.999
Graduate,Animation & Multimedia Design,Male,Single,Daytime,No,Yes,No,Yes,No,19,17-20,144.2,155.0,0,0,0.0,0,0,0.0,,0,0.575
Dropout,Social Service,Male,Married,Daytime,Yes,Yes,No,No,No,40,40+,134.0,120.0,6,6,12.333333333333334,6,4,12.75,0.667,1,0.208
Dropout,Management,Male,Single,Daytime,No,Yes,No,No,No,22,21-24,112.0,129.0,9,5,11.2,9,7,11.25,0.778,1,0.811
Graduate,Nursing,Male,Single,Daytime,No,Yes,No,Yes,No,19,17-20,128.8,144.0,7,6,13.2,7,6,13.2,0.857,0,0.128
Enrolled,Informatics Engineering,Male,Single,Daytime,Yes,Yes,No,No,No,24,21-24,134.0,130.0,5,5,11.833333333333334,5,4,14.0,0.8,0,0.105
Enrolled,Tourism,Male,Single,Daytime,No,Yes,No,No,No,21,21-24,125.0,133.1,6,5,11.333333333333334,6,2,11.5,0.333,0,0.84
Graduate,Informatics Engineering,Male,Single,Daytime,No,Yes,No,Yes,No,18,17-20,123.2,133.0,5,5,13.6,5,5,14.6,1.0,0,0.132
Dropout,Informatics Engineering,Male,Single,Daytime,No,Yes,No,No,No,18,17-20,118.4,131.0,5,0,0.0,5,2,11.5,0.4,1,0.847
Dropout,Advertising & Marketing,Male,Single,Daytime,No,Yes,No,No,No,24,21-24,116.2,133.1,6,5,12.857142857142858,6,5,13.666666666666666,0.833,1,0.383
Enrolled,Informatics Engineering,Male,Single,Daytime,Yes,Yes,No,No,No,28,25-29,123.0,133.1,5,3,14.333333333333334,5,5,12.428571428571429,1.0,0,0.283
Graduate,Advertising & Marketing,Female,Single,Daytime,Yes,Yes,No,Yes,No,19,17-20,113.5,118.0,6,5,13.5,6,6,14.0,1.0,0,0.053
Enrolled,Veterinary Nursing,Female,Single,Daytime,No,Yes,No,No,No,28,25-29,125.0,120.0,6,6,14.428571428571429,6,4,15.6,0.667,0,0.143
Dropout,Basic Education,Female,Single,Daytime,No,Yes,No,Yes,No,18,17-20,134.8,133.1,6,0,0.0,6,0,0.0,0.0,1,0.999
Graduate,Animation & Multimedia Design,Female,Single,Daytime,No,No,No,Yes,No,19,17-20,149.9,145.0,0,0,0.0,0,0,0.0,,0,0.926
Graduate,Nursing,Female,Single,Daytime,Yes,Yes,No,Yes,No,19,17-20,119.8,125.0,8,8,12.82875,8,8,12.82875,1.0,0,0.007
Graduate,Equinculture,Female,Single,Daytime,No,Yes,No,Yes,No,21,21-24,125.0,125.0,5,0,0.0,5,4,13.75,0.8,0,0.372
Dropout,Nursing,Female,Single,Daytime,No,Yes,Yes,Yes,No,18,17-20,135.1,148.0,7,0,0.0,8,0,0.0,0.0,1,1.0
Graduate,Communication Design,Female,Single,Daytime,No,Yes,No,Yes,No,19,17-20,138.3,139.0,6,6,14.666666666666666,6,6,13.166666666666666,1.0,0,0.047
Graduate,Nursing,Female,Single,Daytime,No,Yes,No,Yes,No,19,17-20,122.5,130.0,8,7,13.937142857142858,8,7,13.937142857142858,0.875,0,0.071
Graduate,Communication Design,Female,Single,Daytime,No,Yes,No,Yes,No,20,17-20,148.0,148.0,12,10,14.7,12,12,14.583333333333334,1.0,0,0.065
Graduate,Journalism & Communication,Female,Single,Daytime,No,Yes,No,Yes,No,18,17-20,126.2,130.0,6,6,11.666666666666666,6,5,12.2,0.833,0,0.123
Graduate,Nursing,Female,Single,Daytime,No,Yes,No,Yes,No,20,17-20,129.8,134.0,7,6,14.85,7,6,14.85,0.857,0,0.101
Dropout,Veterinary Nursing,Female,Single,Daytime,No,Yes,No,No,No,26,25-29,104.0,133.1,5,1,12.0,5,0,0.0,0.0,1,0.994
Dropout,Nursing,Female,Single,Daytime,No,Yes,No,Yes,No,18,17-20,126.7,137.0,7,7,13.6875,8,8,15.622222222222222,1.0,1,0.031
Graduate,Social Service (evening),Female,Single,Evening,No,Yes,No,No,No,58,40+,120.0,130.0,6,5,12.4,6,5,11.6,0.833,0,0.354
Graduate,Nursing,Female,Single,Daytime,No,Yes,No,No,No,18,17-20,124.6,137.0,7,7,13.398,8,8,13.5425,1.0,0,0.02
Enrolled,Veterinary Nursing,Female,Single,Daytime,No,Yes,No,Yes,No,20,17-20,130.0,130.0,6,5,11.8,6,4,12.0,0.667,0,0.611
Dropout,Management (evening),Female,Single,Evening,No,Yes,No,No,No,20,17-20,127.3,140.0,5,0,0.0,5,0,0.0,0.0,1,0.995
Graduate,Management,Female,Single,Daytime,No,Yes,No,Yes,No,29,25-29,122.0,150.0,15,13,11.76923076923077,14,14,11.928571428571429,1.0,0,0.099
Dropout,Social Service,Female,Single,Daytime,No,No,Yes,No,No,27,25-29,125.1,130.0,6,0,0.0,5,0,0.0,0.0,1,1.0
Graduate,Veterinary Nursing,Female,Single,Daytime,Yes,Yes,No,Yes,No,21,21-24,110.0,133.1,6,6,13.285714285714286,6,6,13.0,1.0,0,0.031
Graduate,Social Service,Female,Single,Daytime,Yes,Yes,No,No,No,20,17-20,129.8,134.0,6,6,11.666666666666666,6,6,11.166666666666666,1.0,0,0.022
Graduate,Social Service,Female,Single,Daytime,Yes,Yes,No,No,No,19,17-20,114.9,125.0,6,6,11.5,6,5,12.2,0.833,0,0.053
Graduate,Nursing,Female,Single,Daytime,Yes,Yes,No,Yes,No,22,21-24,125.6,141.0,7,6,13.081666666666669,8,6,13.15,0.75,0,0.131
Graduate,Communication Design,Female,Single,Daytime,Yes,Yes,No,Yes,No,19,17-20,125.1,138.0,6,6,12.666666666666666,6,6,13.0,1.0,0,0.029
Dropout,Journalism & Communication,Female,Single,Daytime,No,No,Yes,Yes,No,19,17-20,115.7,116.0,6,3,11.333333333333334,6,0,0.0,0.0,1,1.0
Enrolled,Basic Education,Female,Single,Daytime,No,Yes,No,Yes,No,23,21-24,112.6,122.0,6,5,13.6,6,5,11.6,0.833,0,0.272
Dropout,Journalism & Communication,Female,Single,Daytime,Yes,Yes,No,Yes,No,18,17-20,127.2,131.0,6,6,13.166666666666666,6,5,13.2,0.833,1,0.082
Dropout,Equinculture,Female,Single,Daytime,No,Yes,No,No,No,19,17-20,140.0,140.0,6,0,0.0,6,0,0.0,0.0,1,0.995
Graduate,Agronomy,Female,Single,Daytime,No,Yes,No,Yes,No,20,17-20,140.0,140.0,6,5,11.666666666666666,6,5,12.6,0.833,0,0.153
Graduate,Social Service,Female,Single,Daytime,Yes,Yes,No,Yes,No,19,17-20,120.4,127.0,6,6,13.5,6,6,13.428571428571429,1.0,0,0.023
Dropout,Veterinary Nursing,Female,Single,Daytime,Yes,No,Yes,Yes,No,26,25-29,100.0,133.1,6,0,0.0,6,0,0.0,0.0,1,1.0
Graduate,Social Service,Female,Single,Daytime,Yes,Yes,No,Yes,No,18,17-20,113.5,117.0,6,6,13.166666666666666,6,6,14.142857142857142,1.0,0,0.022
Dropout,Veterinary Nursing,Female,Single,Daytime,No,Yes,Yes,Yes,No,29,25-29,132.1,150.0,5,4,12.5,5,2,12.5,0.4,1,0.951
Graduate,Agronomy,Female,Single,Daytime,No,No,No,Yes,No,20,17-20,160.0,160.0,6,6,13.375,6,6,13.0,1.0,0,0.392
Graduate,Communication Design,Female,Single,Daytime,No,Yes,No,Yes,No,19,17-20,126.3,128.0,6,6,13.166666666666666,6,6,12.666666666666666,1.0,0,0.063
Enrolled,Veterinary Nursing,Female,Single,Daytime,No,Yes,No,Yes,No,23,21-24,160.0,160.0,6,4,13.4,6,2,13.5,0.333,0,0.901
Enrolled,Oral Hygiene,Female,Single,Daytime,No,Yes,No,No,No,25,25-29,100.0,126.0,7,3,13.0,8,3,11.666666666666666,0.375,0,0.961
Graduate,Nursing,Female,Single,Daytime,No,Yes,No,Yes,No,18,17-20,125.8,135.0,8,7,13.154285714285717,8,7,13.154285714285717,0.875,0,0.082
Graduate,Communication Design,Female,Single,Daytime,Yes,Yes,No,Yes,No,19,17-20,142.2,139.0,6,6,12.833333333333334,6,6,12.833333333333334,1.0,0,0.017
Graduate,Basic Education,Female,Single,Daytime,No,Yes,No,Yes,No,18,17-20,119.4,125.0,7,7,12.142857142857142,7,7,13.142857142857142,1.0,0,0.038
Enrolled,Nursing,Female,Single,Daytime,Yes,Yes,No,Yes,No,19,17-20,106.4,106.0,7,5,13.34,7,6,12.385714285714286,0.857,0,0.145
Dropout,Social Service (evening),Female,Single,Evening,No,Yes,No,No,No,36,30-39,120.0,120.0,10,4,13.0,9,4,13.75,0.444,1,0.98
Enrolled,Agronomy,Male,Single,Daytime,Yes,Yes,No,No,No,20,17-20,150.0,150.0,6,3,12.0,6,3,11.666666666666666,0.5,0,0.678
Dropout,Animation & Multimedia Design,Male,Single,Daytime,No,Yes,No,Yes,Yes,20,17-20,148.6,130.0,0,0,0.0,0,0,0.0,,1,0.34
Dropout,Social Service,Male,Single,Daytime,No,Yes,No,Yes,No,18,17-20,108.7,116.0,6,5,11.0,6,0,0.0,0.0,1,0.994
Enrolled,Agronomy,Male,Single,Daytime,No,Yes,No,No,No,19,17-20,130.0,130.0,6,5,11.5,6,6,11.333333333333334,1.0,0,0.09
Dropout,Social Service,Male,Single,Daytime,No,No,Yes,Yes,No,20,17-20,124.6,140.0,9,3,13.333333333333334,6,2,12.5,0.333,1,1.0
Graduate,Nursing,Male,Single,Daytime,No,Yes,No,Yes,No,18,17-20,131.0,134.0,7,7,14.594444444444443,8,8,13.472,1.0,0,0.045
Dropout,Equinculture,Male,Single,Daytime,No,Yes,Yes,Yes,No,20,17-20,130.0,130.0,6,4,11.0,6,3,10.666666666666666,0.5,1,0.961
Dropout,Informatics Engineering,Male,Single,Daytime,No,No,Yes,Yes,No,24,21-24,116.1,122.0,5,0,0.0,5,0,0.0,0.0,1,1.0
Dropout,Journalism & Communication,Male,Single,Daytime,No,Yes,No,Yes,No,19,17-20,125.6,128.0,6,0,0.0,6,0,0.0,0.0,1,0.999
Dropout,Informatics Engineering,Male,Single,Daytime,No,Yes,No,Yes,No,18,17-20,121.3,130.0,5,1,12.0,5,2,12.0,0.4,1,0.924
Graduate,Informatics Engineering,Male,Single,Daytime,No,Yes,No,Yes,No,18,17-20,107.4,113.0,5,5,14.0,5,5,13.2,1.0,0,0.124
Graduate,Tourism,Male,Single,Daytime,No,Yes,No,No,No,18,17-20,116.9,126.0,6,6,13.571428571428571,6,5,11.8,0.833,0,0.13
Dropout,Advertising & Marketing,Male,Single,Daytime,No,Yes,No,Yes,No,22,21-24,123.5,135.0,6,0,0.0,6,0,0.0,0.0,1,1.0
Graduate,Advertising & Marketing,Male,Single,Daytime,No,Yes,No,No,No,19,17-20,130.5,141.0,6,6,14.25,6,6,13.857142857142858,1.0,0,0.053
Dropout,Veterinary Nursing,Female,Married,Daytime,No,No,Yes,Yes,No,32,30-39,140.0,133.1,6,0,0.0,6,0,0.0,0.0,1,1.0
Dropout,Basic Education,Female,Single,Daytime,Yes,Yes,No,Yes,No,21,21-24,117.1,133.1,6,0,0.0,6,0,0.0,0.0,1,0.998
Graduate,Nursing,Female,Single,Daytime,Yes,Yes,No,Yes,No,19,17-20,127.5,144.0,8,7,13.542857142857144,8,7,13.542857142857144,0.875,0,0.034
Graduate,Social Service (evening),Female,Divorced,Evening,Yes,Yes,No,No,No,39,30-39,126.0,140.0,9,9,13.11111111111111,7,7,11.714285714285714,1.0,0,0.014
Graduate,Social Service (evening),Female,Single,Evening,No,Yes,No,Yes,No,30,30-39,113.0,100.0,9,9,12.666666666666666,7,7,12.142857142857142,1.0,0,0.033
Dropout,Management,Female,Single,Daytime,No,Yes,No,Yes,No,18,17-20,130.1,135.0,5,4,10.75,5,2,10.0,0.4,1,0.687
Dropout,Management (evening),Female,Married,Evening,No,Yes,No,Yes,No,38,30-39,110.0,130.0,10,4,10.75,10,2,10.0,0.2,1,0.999
Graduate,Communication Design,Female,Single,Daytime,No,Yes,No,Yes,No,20,17-20,135.8,147.0,6,6,13.666666666666666,6,6,13.333333333333334,1.0,0,0.042
Graduate,Social Service (evening),Female,Single,Evening,No,Yes,No,No,No,55,40+,126.3,149.0,6,6,13.833333333333334,6,6,12.833333333333334,1.0,0,0.06
Dropout,Communication Design,Female,Divorced,Daytime,No,Yes,No,No,No,53,40+,130.0,130.0,18,17,13.176470588235292,18,16,13.0,0.889,1,0.045
Dropout,Social Service (evening),Female,Married,Evening,No,Yes,No,No,No,54,40+,104.0,120.0,6,4,12.75,6,5,12.6,0.833,1,0.386
Enrolled,Nursing,Female,Single,Daytime,Yes,Yes,No,Yes,No,18,17-20,123.6,125.0,7,5,12.86,7,5,12.86,0.714,0,0.205
Dropout,Social Service (evening),Female,Single,Evening,No,No,Yes,No,No,44,40+,121.0,133.1,8,4,12.0,7,4,12.0,0.571,1,0.992
Graduate,Social Service,Female,Single,Daytime,No,Yes,No,Yes,No,28,25-29,130.5,149.0,11,9,11.666666666666666,11,9,12.555555555555555,0.818,0,0.564
Graduate,Social Service (evening),Female,Single,Evening,No,Yes,No,No,No,37,30-39,180.0,180.0,14,14,16.5,11,11,16.90909090909091,1.0,0,0.008
Graduate,Social Service,Female,Single,Daytime,No,Yes,No,Yes,No,20,17-20,112.5,110.0,10,9,12.333333333333334,7,7,11.77777777777778,1.0,0,0.116
Enrolled,Nursing,Female,Single,Daytime,No,Yes,No,Yes,No,18,17-20,126.1,131.0,7,7,12.59125,8,7,12.820000000000002,0.875,0,0.077
Dropout,Social Service,Male,Single,Daytime,No,Yes,No,Yes,No,19,17-20,111.8,117.0,6,4,11.5,6,3,11.0,0.5,1,0.836
Graduate,Agronomy,Male,Single,Daytime,Yes,Yes,No,Yes,No,23,21-24,131.4,120.0,18,18,11.894736842105264,13,13,12.923076923076923,1.0,0,0.021
Dropout,Social Service,Male,Single,Daytime,No,Yes,No,No,No,22,21-24,144.3,160.0,6,0,0.0,6,0,0.0,0.0,1,0.999
Dropout,Tourism,Male,Single,Daytime,No,No,No,No,No,24,21-24,115.0,100.0,6,0,0.0,6,0,0.0,0.0,1,1.0
Enrolled,Agronomy,Male,Single,Daytime,No,Yes,No,Yes,No,22,21-24,120.0,140.0,6,5,13.0,6,2,11.5,0.333,0,0.866
Dropout,Agronomy,Male,Single,Daytime,No,Yes,No,No,No,26,25-29,168.6,160.0,6,0,0.0,6,0,0.0,0.0,1,0.999
Graduate,Journalism & Communication,Male,Single,Daytime,No,Yes,No,Yes,No,18,17-20,127.7,141.0,6,6,15.166666666666666,6,6,14.833333333333334,1.0,0,0.077
Dropout,Equinculture,Male,Single,Daytime,No,Yes,No,No,No,24,21-24,150.0,130.0,6,4,11.75,6,2,13.5,0.333,1,0.869
Enrolled,Informatics Engineering,Male,Single,Daytime,No,Yes,No,Yes,No,18,17-20,129.8,142.0,5,0,0.0,5,1,15.0,0.2,0,0.957
Dropout,Animation & Multimedia Design,Male,Single,Daytime,No,Yes,No,Yes,No,26,25-29,135.6,130.0,0,0,0.0,0,0,0.0,,1,0.539
Dropout,Tourism,Male,Single,Daytime,No,Yes,No,No,No,27,25-29,100.0,133.1,6,3,11.333333333333334,6,3,14.75,0.5,1,0.858
Graduate,Agronomy,Male,Single,Daytime,Yes,Yes,No,Yes,No,20,17-20,140.0,140.0,6,5,12.6,6,5,13.2,0.833,0,0.096
Dropout,Informatics Engineering,Male,Single,Daytime,No,Yes,No,Yes,No,19,17-20,124.1,129.0,5,0,0.0,5,1,14.0,0.2,1,0.948
Dropout,Veterinary Nursing,Male,Single,Daytime,Yes,Yes,No,No,No,18,17-20,131.6,148.0,6,6,15.5,6,4,15.5,0.667,1,0.122
Graduate,Nursing,Male,Single,Daytime,No,Yes,No,Yes,No,18,17-20,129.0,143.0,8,7,12.365714285714288,8,7,12.365714285714288,0.875,0,0.121
Enrolled,Advertising & Marketing,Male,Single,Daytime,No,Yes,No,Yes,No,19,17-20,135.7,128.0,6,5,13.2,6,5,13.25,0.833,0,0.296
Enrolled,Communication Design,Male,Single,Daytime,No,Yes,No,Yes,No,34,30-39,108.0,100.0,12,7,11.428571428571429,12,7,11.857142857142858,0.583,0,0.973
Dropout,Social Service,Male,Single,Daytime,No,Yes,No,Yes,No,19,17-20,110.8,116.0,6,0,0.0,6,0,0.0,0.0,1,0.999
Graduate,Journalism & Communication,Male,Single,Daytime,Yes,Yes,No,No,No,19,17-20,124.5,128.0,6,4,14.0,6,6,12.333333333333334,1.0,0,0.095
Dropout,Agronomy,Male,Married,Daytime,No,Yes,No,No,No,30,30-39,100.0,120.0,12,3,12.0,12,5,11.8,0.417,1,0.999
Dropout,Journalism & Communication,Male,Single,Daytime,No,No,No,No,No,22,21-24,123.8,121.0,4,0,0.0,5,3,12.0,0.6,1,0.96
Dropout,Management,Male,Single,Daytime,No,No,No,No,No,19,17-20,131.4,137.0,5,4,10.0,5,3,11.333333333333334,0.6,1,0.934
Dropout,Management,Male,Single,Daytime,No,Yes,No,No,No,21,21-24,118.5,115.0,5,1,10.0,5,1,10.0,0.2,1,0.981
Dropout,Animation & Multimedia Design,Male,Single,Daytime,No,No,No,Yes,No,22,21-24,122.0,129.0,0,0,0.0,0,0,0.0,,1,0.913
Enrolled,Tourism,Male,Single,Daytime,Yes,Yes,No,No,No,19,17-20,122.9,125.0,6,6,11.166666666666666,6,3,11.666666666666666,0.5,0,0.286
Enrolled,Social Service,Male,Single,Daytime,No,Yes,No,No,No,20,17-20,118.7,125.0,6,4,11.75,6,3,11.333333333333334,0.5,0,0.788
Dropout,Agronomy,Male,Single,Daytime,No,Yes,No,Yes,No,35,30-39,100.0,133.1,6,3,11.75,6,0,0.0,0.0,1,0.999
Dropout,Management,Male,Single,Daytime,No,Yes,No,Yes,No,20,17-20,135.9,131.0,5,1,10.0,5,1,11.0,0.2,1,0.979
Graduate,Equinculture,Male,Single,Daytime,No,Yes,No,No,No,21,21-24,138.4,133.1,5,3,14.0,5,5,12.8,1.0,0,0.234
Dropout,Veterinary Nursing,Male,Single,Daytime,No,No,Yes,No,No,27,25-29,128.2,133.1,5,0,0.0,5,0,0.0,0.0,1,1.0
Dropout,Journalism & Communication,Male,Single,Daytime,No,No,No,Yes,No,26,25-29,107.4,114.0,6,3,12.0,6,0,0.0,0.0,1,1.0
Dropout,Journalism & Communication,Male,Single,Daytime,No,No,No,No,No,20,17-20,129.8,127.0,6,0,0.0,5,0,0.0,0.0,1,1.0
Dropout,Agronomy,Male,Single,Daytime,No,No,Yes,No,No,28,25-29,100.0,130.0,10,8,11.88888888888889,8,5,11.6,0.625,1,0.991
Graduate,Journalism & Communication,Male,Single,Daytime,No,Yes,No,Yes,No,19,17-20,113.0,121.0,6,6,13.833333333333334,6,6,13.666666666666666,1.0,0,0.079
Dropout,Management (evening),Male,Single,Evening,No,No,No,No,No,47,40+,107.0,120.0,5,0,0.0,5,0,0.0,0.0,1,1.0
Dropout,Journalism & Communication,Male,Divorced,Daytime,No,No,No,No,No,55,40+,130.0,120.0,6,5,11.4,6,5,12.4,0.833,1,0.83
Dropout,Agronomy,Male,Single,Daytime,No,Yes,No,Yes,No,39,30-39,120.0,120.0,6,0,0.0,6,2,11.0,0.333,1,0.995
Dropout,Agronomy,Male,Married,Daytime,No,Yes,Yes,Yes,No,35,30-39,120.5,120.0,17,14,10.642857142857142,12,12,10.666666666666666,1.0,1,0.464
Dropout,Social Service,Male,Single,Daytime,No,No,No,No,No,32,30-39,120.5,133.1,6,2,11.0,6,0,0.0,0.0,1,1.0
Graduate,Journalism & Communication,Male,Single,Daytime,No,Yes,No,Yes,No,20,17-20,137.0,124.0,6,6,16.833333333333332,6,6,16.666666666666668,1.0,0,0.072
Graduate,Tourism,Male,Single,Daytime,No,Yes,No,No,No,36,30-39,115.0,150.0,6,6,13.571428571428571,6,5,13.2,0.833,0,0.23
Graduate,Management (evening),Male,Single,Evening,Yes,Yes,Yes,No,No,34,30-39,142.7,133.1,5,5,14.714285714285714,5,5,14.375,1.0,0,0.127
Dropout,Advertising & Marketing,Male,Single,Daytime,No,Yes,No,Yes,No,21,21-24,116.7,116.0,5,0,0.0,5,0,0.0,0.0,1,0.998
Dropout,Management (evening),Male,Single,Evening,Yes,Yes,No,No,No,42,40+,136.1,133.1,5,1,10.0,5,1,11.0,0.2,1,0.991
Dropout,Agronomy,Male,Single,Daytime,No,Yes,No,No,No,25,25-29,134.3,133.1,6,1,11.0,6,4,11.75,0.667,1,0.923
Dropout,Journalism & Communication,Male,Single,Daytime,Yes,Yes,No,Yes,No,18,17-20,153.0,167.0,6,1,11.0,6,0,0.0,0.0,1,0.998
Graduate,Journalism & Communication,Male,Single,Daytime,Yes,Yes,No,No,No,18,17-20,132.0,140.0,6,5,12.0,6,6,12.833333333333334,1.0,0,0.038
Graduate,Social Service,Male,Single,Daytime,No,Yes,No,Yes,No,19,17-20,129.6,124.0,6,6,11.125,6,6,11.857142857142858,1.0,0,0.069
Dropout,Veterinary Nursing,Male,Single,Daytime,No,No,Yes,No,No,34,30-39,105.0,110.0,6,3,11.333333333333334,6,2,11.5,0.333,1,0.999
Dropout,Journalism & Communication,Male,Single,Daytime,No,Yes,No,No,No,20,17-20,130.8,150.0,6,2,12.0,6,0,0.0,0.0,1,0.999
Dropout,Nursing,Male,Single,Daytime,No,Yes,No,No,No,20,17-20,119.7,123.0,7,0,0.0,7,0,0.0,0.0,1,0.999
Graduate,Nursing,Male,Single,Daytime,No,Yes,No,No,No,21,21-24,132.5,152.0,8,7,14.54,8,7,14.54,0.875,0,0.08
Graduate,Agronomy,Male,Single,Daytime,No,Yes,No,Yes,No,19,17-20,130.0,130.0,6,6,12.166666666666666,6,4,13.0,0.667,0,0.26
Dropout,Veterinary Nursing,Male,Single,Daytime,No,No,Yes,No,No,31,30-39,120.0,133.1,5,4,13.5,5,3,11.666666666666666,0.6,1,0.985
Graduate,Advertising & Marketing,Male,Single,Daytime,No,Yes,No,No,No,21,21-24,150.0,133.1,6,6,14.75,6,5,14.333333333333334,0.833,0,0.121
Graduate,Management,Male,Single,Daytime,Yes,Yes,No,No,No,20,17-20,115.6,124.0,5,5,12.375,5,5,11.666666666666666,1.0,0,0.069
Graduate,Nursing,Male,Single,Daytime,No,Yes,No,No,No,22,21-24,119.1,119.1,7,6,12.733333333333334,7,6,12.733333333333334,0.857,0,0.117
Dropout,Communication Design,Male,Single,Daytime,No,No,No,Yes,No,19,17-20,123.5,128.0,6,4,12.5,6,0,0.0,0.0,1,1.0
Dropout,Equinculture,Male,Single,Daytime,No,No,Yes,Yes,No,41,40+,120.0,133.1,5,0,0.0,5,0,0.0,0.0,1,1.0
Dropout,Nursing,Male,Single,Daytime,No,Yes,No,Yes,No,27,25-29,110.0,133.1,7,0,0.0,7,0,0.0,0.0,1,0.992
Dropout,Nursing,Female,Single,Daytime,No,Yes,No,No,No,19,17-20,131.4,145.0,7,7,13.44285714285714,8,7,13.771428571428572,0.875,1,0.053
Graduate,Nursing,Female,Single,Daytime,Yes,Yes,No,Yes,Yes,20,17-20,126.8,141.0,8,8,14.2,8,8,14.2,1.0,0,0.001
Graduate,Nursing,Female,Single,Daytime,Yes,Yes,No,Yes,No,19,17-20,118.9,118.9,7,6,13.55,7,6,13.55,0.857,0,0.056
Graduate,Management (evening),Female,Married,Evening,No,Yes,No,No,No,35,30-39,160.0,160.0,5,5,11.6,5,5,11.166666666666666,1.0,0,0.116
Graduate,Journalism & Communication,Female,Single,Daytime,No,Yes,No,Yes,No,22,21-24,115.9,111.0,6,6,13.571428571428571,6,6,15.285714285714286,1.0,0,0.082
Graduate,Tourism,Female,Single,Daytime,Yes,Yes,No,Yes,No,20,17-20,109.3,111.0,6,6,13.833333333333334,6,6,15.0,1.0,0,0.022
Dropout,Advertising & Marketing,Female,Single,Daytime,No,No,Yes,Yes,No,18,17-20,113.9,123.0,6,4,11.25,6,4,10.857142857142858,0.667,1,0.98
Graduate,Social Service,Female,Single,Daytime,Yes,Yes,No,Yes,No,18,17-20,121.8,133.0,6,5,10.2,6,4,11.25,0.667,0,0.242
Graduate,Nursing,Female,Single,Daytime,No,Yes,No,No,No,30,30-39,140.0,140.0,8,7,15.675714285714283,8,7,15.675714285714283,0.875,0,0.042
Graduate,Social Service,Female,Single,Daytime,Yes,Yes,Yes,No,No,18,17-20,114.7,122.0,6,6,10.833333333333334,6,6,12.0,1.0,0,0.064
Enrolled,Tourism,Female,Single,Daytime,Yes,Yes,No,Yes,No,20,17-20,120.0,128.0,6,6,14.5,6,5,15.0,0.833,0,0.061
Enrolled,Social Service,Female,Single,Daytime,Yes,Yes,No,No,No,19,17-20,107.3,108.0,6,4,10.4,6,4,10.75,0.667,0,0.445
Graduate,Veterinary Nursing,Female,Single,Daytime,No,Yes,No,No,No,19,17-20,136.2,139.0,5,5,13.0,5,5,13.333333333333334,1.0,0,0.037
Graduate,Oral Hygiene,Female,Single,Daytime,Yes,Yes,No,Yes,No,21,21-24,119.5,130.0,7,7,12.242857142857144,8,8,14.125,1.0,0,0.009
Enrolled,Basic Education,Female,Single,Daytime,No,Yes,Yes,Yes,No,21,21-24,106.0,133.1,7,7,13.0,7,6,12.5,0.857,0,0.137
Enrolled,Advertising & Marketing,Female,Single,Daytime,No,Yes,No,Yes,No,18,17-20,124.1,130.0,6,6,14.166666666666666,6,6,13.428571428571429,1.0,0,0.063
Graduate,Management,Female,Single,Daytime,Yes,Yes,No,Yes,No,18,17-20,133.2,143.0,5,4,14.25,5,4,12.5,0.8,0,0.238
Dropout,Veterinary Nursing,Female,Divorced,Daytime,No,No,No,No,No,35,30-39,110.0,110.0,5,1,12.0,5,2,10.5,0.4,1,0.98
Enrolled,Nursing,Female,Single,Daytime,No,Yes,No,Yes,Yes,21,21-24,114.8,120.0,7,4,13.25,7,5,13.82,0.714,0,0.361
Graduate,Nursing,Male,Single,Daytime,Yes,Yes,No,Yes,No,18,17-20,130.0,140.0,7,6,13.183333333333332,7,6,13.183333333333332,0.857,0,0.06
Enrolled,Communication Design,Male,Single,Daytime,No,Yes,No,Yes,No,22,21-24,122.6,125.0,6,1,11.0,6,0,0.0,0.0,0,0.999
Graduate,Nursing,Male,Single,Daytime,Yes,Yes,No,Yes,No,20,17-20,133.5,134.0,7,7,11.9725,8,8,12.65125,1.0,0,0.026
Graduate,Tourism,Female,Married,Daytime,No,Yes,No,Yes,No,34,30-39,120.0,130.0,6,5,12.4,6,5,12.8,0.833,0,0.242
Enrolled,Management,Female,Married,Daytime,No,Yes,No,No,No,33,30-39,120.0,120.0,8,5,12.6,7,5,11.25,0.714,0,0.532
Graduate,Nursing,Female,Single,Daytime,Yes,Yes,No,Yes,No,22,21-24,137.3,142.0,7,6,13.9,7,6,13.9,0.857,0,0.046
Enrolled,Tourism,Female,Single,Daytime,Yes,Yes,No,Yes,No,20,17-20,123.5,127.0,6,4,11.5,6,3,11.0,0.5,0,0.598
Enrolled,Management,Female,Married,Daytime,No,Yes,No,No,No,35,30-39,131.8,140.0,5,4,14.2,5,4,11.857142857142858,0.8,0,0.403
Dropout,Management,Female,Married,Daytime,No,No,No,Yes,No,39,30-39,130.0,140.0,5,3,10.666666666666666,5,3,10.666666666666666,0.6,1,0.967
Dropout,Nursing,Female,Single,Daytime,No,No,No,Yes,No,19,17-20,128.0,142.0,7,0,0.0,8,0,0.0,0.0,1,1.0
Graduate,Tourism,Female,Divorced,Daytime,Yes,Yes,No,No,No,36,30-39,95.0,120.0,6,6,11.0,6,3,11.333333333333334,0.5,0,0.287
Graduate,Nursing,Female,Single,Daytime,Yes,Yes,No,Yes,No,21,21-24,116.0,124.0,8,7,13.957142857142856,8,7,13.957142857142856,0.875,0,0.032
Enrolled,Social Service,Female,Single,Daytime,No,Yes,No,Yes,No,22,21-24,136.7,157.0,6,4,12.5,6,3,13.666666666666666,0.5,0,0.612
Graduate,Social Service,Female,Married,Daytime,Yes,Yes,Yes,No,No,42,40+,107.5,126.6,6,6,13.333333333333334,6,6,15.285714285714286,1.0,0,0.09
Dropout,Informatics Engineering,Female,Single,Daytime,No,Yes,No,Yes,No,34,30-39,108.4,110.0,5,0,0.0,5,0,0.0,0.0,1,0.997
Enrolled,Journalism & Communication,Female,Single,Daytime,No,Yes,No,Yes,No,20,17-20,130.7,144.0,6,6,11.666666666666666,6,5,11.6,0.833,0,0.131
Graduate,Social Service (evening),Female,Married,Evening,No,Yes,No,No,No,33,30-39,155.9,160.0,6,6,15.714285714285714,6,6,15.5,1.0,0,0.055
Graduate,Tourism,Female,Single,Daytime,No,Yes,No,Yes,No,20,17-20,106.1,105.0,6,5,11.0,6,5,11.4,0.833,0,0.276
Graduate,Advertising & Marketing,Female,Single,Daytime,No,Yes,Yes,Yes,No,19,17-20,128.6,130.0,5,4,12.25,5,4,12.75,0.8,0,0.449
Dropout,Management (evening),Female,Married,Evening,No,Yes,Yes,No,No,34,30-39,140.0,140.0,10,5,12.2,9,8,12.22222222222222,0.889,1,0.92
Graduate,Management,Female,Single,Daytime,No,Yes,No,Yes,No,18,17-20,145.0,138.0,5,5,13.0,5,5,14.0,1.0,0,0.05
Graduate,Social Service (evening),Female,Single,Evening,Yes,Yes,No,No,No,24,21-24,113.0,120.0,6,4,12.0,6,6,13.0,1.0,0,0.057
Graduate,Basic Education,Female,Single,Daytime,No,Yes,No,Yes,No,18,17-20,137.1,135.0,6,6,13.333333333333334,6,6,12.333333333333334,1.0,0,0.048
Enrolled,Advertising & Marketing,Female,Single,Daytime,No,Yes,No,Yes,No,20,17-20,119.7,119.0,5,3,13.0,5,3,13.0,0.6,0,0.542
Graduate,Nursing,Female,Single,Daytime,No,Yes,No,Yes,No,21,21-24,120.5,121.0,8,7,12.91,8,7,12.91,0.875,0,0.088
Graduate,Social Service,Female,Single,Daytime,Yes,Yes,No,Yes,No,19,17-20,125.7,126.0,6,6,11.0,6,3,11.0,0.5,0,0.358
Graduate,Nursing,Female,Single,Daytime,Yes,Yes,No,No,No,19,17-20,125.5,132.0,7,6,13.579999999999998,8,8,12.93625,1.0,0,0.023
Graduate,Social Service,Female,Single,Daytime,Yes,Yes,No,Yes,No,18,17-20,124.5,128.0,6,4,12.4,6,6,12.5,1.0,0,0.107
Graduate,Social Service (evening),Female,Divorced,Evening,Yes,Yes,No,No,No,38,30-39,126.0,160.0,9,8,12.88888888888889,7,7,13.0,1.0,0,0.036
Enrolled,Animation & Multimedia Design,Male,Single,Daytime,No,Yes,Yes,Yes,No,21,21-24,136.2,125.0,12,11,11.545454545454543,11,9,11.7,0.818,0,0.1
Enrolled,Management,Male,Single,Daytime,No,Yes,No,Yes,Yes,23,21-24,124.2,127.0,5,1,10.0,5,0,0.0,0.0,0,0.993
Graduate,Nursing,Female,Single,Daytime,No,Yes,No,Yes,No,19,17-20,138.5,147.0,8,8,14.34125,8,8,14.34125,1.0,0,0.019
Dropout,Journalism & Communication,Female,Single,Daytime,No,No,Yes,Yes,No,18,17-20,122.3,130.0,6,6,14.142857142857142,6,5,12.0,0.833,1,0.891
Graduate,Animation & Multimedia Design,Female,Single,Daytime,Yes,Yes,No,Yes,No,18,17-20,126.0,134.0,0,0,0.0,0,0,0.0,,0,0.242
Enrolled,Agronomy,Female,Single,Daytime,No,Yes,No,Yes,No,24,21-24,135.4,140.0,6,5,11.8,6,4,11.25,0.667,0,0.57
Graduate,Journalism & Communication,Female,Single,Daytime,Yes,Yes,No,No,Yes,18,17-20,146.5,151.0,6,6,13.333333333333334,6,6,14.166666666666666,1.0,0,0.001
Graduate,Equinculture,Female,Single,Daytime,No,Yes,No,Yes,No,18,17-20,121.9,132.0,6,6,14.5,6,6,12.857142857142858,1.0,0,0.087
Graduate,Management (evening),Female,Single,Evening,No,Yes,No,No,No,26,25-29,130.0,130.0,10,8,12.666666666666666,10,10,13.4,1.0,0,0.04
Enrolled,Management,Female,Single,Daytime,No,Yes,Yes,No,No,19,17-20,115.2,126.0,5,1,10.0,5,2,10.0,0.4,0,0.984
Dropout,Advertising & Marketing,Female,Single,Daytime,Yes,Yes,No,Yes,No,19,17-20,115.2,119.0,6,0,0.0,6,0,0.0,0.0,1,0.998
Enrolled,Tourism,Female,Single,Daytime,No,Yes,No,No,No,19,17-20,125.1,123.0,6,4,11.0,6,4,12.5,0.667,0,0.483
Dropout,Equinculture,Female,Single,Daytime,No,Yes,Yes,Yes,No,20,17-20,108.0,106.0,5,2,12.0,5,4,11.0,0.8,1,0.756
Enrolled,Tourism,Female,Single,Daytime,No,Yes,No,Yes,No,22,21-24,125.9,121.0,6,4,10.0,6,2,13.5,0.333,0,0.833
Graduate,Nursing,Female,Single,Daytime,No,Yes,No,Yes,No,19,17-20,128.0,138.0,7,7,14.20857142857143,8,8,15.127777777777778,1.0,0,0.026
Graduate,Nursing,Female,Single,Daytime,No,Yes,No,Yes,No,20,17-20,113.5,118.0,7,7,14.30714285714286,8,8,15.0125,1.0,0,0.031
Enrolled,Management,Female,Married,Daytime,No,Yes,No,No,No,36,30-39,124.6,120.0,5,3,11.0,5,4,13.375,0.8,0,0.471
Dropout,Basic Education,Female,Single,Daytime,No,Yes,No,Yes,No,29,25-29,116.0,133.1,7,0,0.0,6,0,0.0,0.0,1,1.0
Graduate,Social Service,Female,Single,Daytime,No,Yes,No,Yes,No,19,17-20,124.9,141.0,6,6,12.0,6,4,11.0,0.667,0,0.376
Dropout,Management,Female,Facto union,Daytime,No,No,Yes,No,No,24,21-24,140.5,180.0,5,0,0.0,5,0,0.0,0.0,1,1.0
Dropout,Agronomy,Female,Facto union,Daytime,No,No,Yes,No,No,27,25-29,179.6,180.0,6,0,0.0,6,0,0.0,0.0,1,1.0
Graduate,Journalism & Communication,Female,Single,Daytime,Yes,Yes,No,Yes,No,18,17-20,116.1,115.0,6,6,13.857142857142858,6,6,14.285714285714286,1.0,0,0.032
Graduate,Animation & Multimedia Design,Female,Single,Daytime,Yes,Yes,No,Yes,No,18,17-20,139.4,142.0,0,0,0.0,0,0,0.0,,0,0.339
Dropout,Oral Hygiene,Female,Single,Daytime,No,Yes,No,Yes,No,21,21-24,129.0,135.0,7,0,0.0,7,0,0.0,0.0,1,0.999
Graduate,Advertising & Marketing,Female,Married,Daytime,Yes,Yes,No,No,No,43,40+,135.6,150.0,6,5,11.0,6,5,13.0,0.833,0,0.173
Graduate,Management,Female,Single,Daytime,Yes,Yes,No,No,No,18,17-20,147.8,153.0,5,5,13.2,5,5,14.4,1.0,0,0.018
Dropout,Veterinary Nursing,Female,Single,Daytime,Yes,Yes,No,Yes,No,21,21-24,138.0,153.0,6,6,13.5,6,3,15.333333333333334,0.5,1,0.206
Dropout,Management,Female,Single,Daytime,No,Yes,No,No,No,26,25-29,150.0,150.0,5,0,0.0,5,0,0.0,0.0,1,0.994
Graduate,Nursing,Female,Single,Daytime,Yes,Yes,No,Yes,No,19,17-20,130.8,144.0,8,7,14.214285714285714,8,7,14.214285714285714,0.875,0,0.034
Graduate,Veterinary Nursing,Female,Single,Daytime,No,Yes,No,No,No,18,17-20,122.6,130.0,5,5,13.0,5,5,12.4,1.0,0,0.034
Dropout,Journalism & Communication,Female,Single,Daytime,No,Yes,No,Yes,No,22,21-24,119.1,125.0,6,2,12.0,6,1,10.0,0.167,1,0.99
Dropout,Nursing,Female,Single,Daytime,No,Yes,No,Yes,No,27,25-29,111.8,133.1,7,0,0.0,8,0,0.0,0.0,1,1.0
Graduate,Management,Female,Single,Daytime,No,Yes,No,Yes,No,18,17-20,125.0,133.0,5,5,12.8,5,5,12.6,1.0,0,0.068
Graduate,Veterinary Nursing,Female,Single,Daytime,No,Yes,No,No,No,19,17-20,129.9,140.0,5,4,13.6,5,4,12.2,0.8,0,0.163
Graduate,Nursing,Female,Single,Daytime,No,Yes,No,Yes,No,18,17-20,131.1,133.0,7,7,13.971428571428572,8,8,15.75,1.0,0,0.027
Graduate,Veterinary Nursing,Female,Single,Daytime,Yes,Yes,No,No,No,19,17-20,141.4,154.0,6,6,15.0,6,6,14.857142857142858,1.0,0,0.017
Dropout,Veterinary Nursing,Female,Single,Daytime,No,No,No,No,No,32,30-39,120.0,133.1,6,0,0.0,6,0,0.0,0.0,1,1.0
Graduate,Nursing,Female,Single,Daytime,No,Yes,No,Yes,No,23,21-24,133.4,168.0,26,26,15.07777777777778,17,17,15.023529411764704,1.0,0,0.003
Graduate,Nursing,Female,Single,Daytime,No,Yes,No,Yes,No,20,17-20,127.3,132.0,7,6,13.383333333333333,7,6,13.383333333333333,0.857,0,0.102
Graduate,Animation & Multimedia Design,Female,Single,Daytime,No,Yes,Yes,Yes,No,20,17-20,131.8,133.1,12,12,13.25,11,10,13.090909090909092,0.909,0,0.016
Dropout,Social Service,Female,Single,Daytime,No,No,Yes,Yes,No,19,17-20,114.8,120.0,6,5,11.714285714285714,6,2,10.666666666666666,0.333,1,0.997
Graduate,Nursing,Female,Single,Daytime,Yes,Yes,No,Yes,No,18,17-20,132.8,150.0,8,8,13.01125,8,8,13.01125,1.0,0,0.007
Dropout,Agronomy,Female,Single,Daytime,No,Yes,No,No,No,21,21-24,140.0,140.0,6,3,10.666666666666666,6,4,12.0,0.667,1,0.364
Enrolled,Nursing,Female,Single,Daytime,Yes,Yes,No,No,No,20,17-20,108.3,103.0,7,0,0.0,7,0,0.0,0.0,0,0.999
Graduate,Veterinary Nursing,Female,Single,Daytime,No,Yes,No,Yes,No,22,21-24,150.0,150.0,6,6,13.0,6,3,12.666666666666666,0.5,0,0.505
Graduate,Management (evening),Female,Single,Evening,No,Yes,No,No,No,26,25-29,160.0,160.0,5,5,12.0,5,5,11.4,1.0,0,0.049
Graduate,Communication Design,Female,Single,Daytime,No,Yes,No,Yes,No,20,17-20,131.7,131.0,6,6,12.166666666666666,6,5,13.8,0.833,0,0.089
Graduate,Nursing,Female,Single,Daytime,No,Yes,No,Yes,No,19,17-20,112.6,114.0,7,6,11.85,8,7,13.65,0.875,0,0.106
Graduate,Management (evening),Female,Single,Evening,No,Yes,No,No,No,31,30-39,111.1,120.0,5,4,11.0,5,5,11.2,1.0,0,0.169
Graduate,Nursing,Female,Single,Daytime,Yes,Yes,Yes,Yes,No,20,17-20,127.5,140.0,7,7,12.327777777777778,8,8,11.736,1.0,0,0.064
Graduate,Veterinary Nursing,Female,Single,Daytime,No,Yes,No,Yes,No,20,17-20,120.2,130.0,5,4,12.0,5,5,13.428571428571429,1.0,0,0.154
Graduate,Nursing,Female,Single,Daytime,No,Yes,No,Yes,No,21,21-24,118.9,121.0,7,7,14.428571428571429,8,8,14.511111111111113,1.0,0,0.037
Graduate,Nursing,Female,Single,Daytime,No,Yes,No,Yes,No,18,17-20,119.9,130.0,7,7,13.78,8,8,12.6125,1.0,0,0.033
Graduate,Nursing,Female,Single,Daytime,Yes,Yes,No,Yes,No,19,17-20,127.3,141.0,7,6,13.8,7,6,13.8,0.857,0,0.062
Graduate,Basic Education,Female,Single,Daytime,Yes,Yes,No,Yes,No,18,17-20,127.9,131.0,7,7,14.857142857142858,7,7,15.142857142857142,1.0,0,0.017
Enrolled,Journalism & Communication,Female,Divorced,Daytime,No,Yes,No,No,No,40,40+,133.0,133.1,6,5,13.0,6,5,12.6,0.833,0,0.14
Graduate,Social Service,Female,Single,Daytime,Yes,Yes,No,No,No,18,17-20,114.6,117.0,6,6,12.142857142857142,6,6,13.333333333333334,1.0,0,0.021
Graduate,Veterinary Nursing,Female,Single,Daytime,No,Yes,No,Yes,No,18,17-20,144.5,151.0,6,6,15.666666666666666,6,6,14.833333333333334,1.0,0,0.058
Graduate,Nursing,Female,Single,Daytime,No,Yes,No,Yes,No,19,17-20,125.4,131.0,7,5,12.5,8,7,12.166666666666666,0.875,0,0.241
Graduate,Social Service,Female,Single,Daytime,Yes,Yes,No,No,No,19,17-20,145.0,145.0,6,6,12.833333333333334,6,6,13.166666666666666,1.0,0,0.019
Dropout,Agronomy,Female,Single,Daytime,No,No,Yes,No,No,28,25-29,138.1,135.0,6,0,0.0,6,0,0.0,0.0,1,1.0
Graduate,Communication Design,Female,Single,Daytime,No,Yes,No,Yes,No,20,17-20,124.6,119.0,6,6,12.5,6,6,12.666666666666666,1.0,0,0.038
Graduate,Journalism & Communication,Female,Single,Daytime,No,Yes,No,Yes,No,18,17-20,130.8,122.0,6,4,11.25,6,5,13.0,0.833,0,0.283
Graduate,Nursing,Female,Single,Daytime,No,Yes,No,Yes,No,18,17-20,140.5,155.0,7,6,15.25,7,6,15.25,0.857,0,0.087
Graduate,Veterinary Nursing,Female,Single,Daytime,Yes,Yes,No,Yes,No,20,17-20,124.1,123.0,5,5,14.0,5,3,12.0,0.6,0,0.117
Graduate,Social Service,Female,Single,Daytime,No,Yes,Yes,No,No,28,25-29,118.4,130.0,16,13,12.076923076923077,13,11,12.090909090909092,0.846,0,0.891
Graduate,Basic Education,Female,Single,Daytime,No,Yes,No,No,Yes,23,21-24,128.2,133.1,16,16,14.625,10,9,14.88888888888889,0.9,0,0.005
Dropout,Basic Education,Female,Single,Daytime,No,Yes,No,Yes,No,19,17-20,109.5,114.0,7,4,10.5,7,2,10.5,0.286,1,0.958
Graduate,Social Service,Female,Single,Daytime,Yes,Yes,No,Yes,No,18,17-20,131.1,137.0,6,6,12.833333333333334,6,6,12.166666666666666,1.0,0,0.014
Graduate,Journalism & Communication,Female,Single,Daytime,Yes,No,Yes,No,Yes,20,17-20,137.9,161.0,6,6,12.5,6,5,11.8,0.833,0,0.222
Graduate,Animation & Multimedia Design,Female,Single,Daytime,No,Yes,No,Yes,No,20,17-20,128.2,133.1,12,12,11.23076923076923,11,9,12.77777777777778,0.818,0,0.012
Dropout,Management (evening),Female,Married,Evening,No,Yes,No,No,No,27,25-29,126.5,133.1,5,2,10.5,5,0,0.0,0.0,1,0.993
Dropout,Basic Education,Female,Single,Daytime,No,Yes,No,Yes,No,18,17-20,120.0,128.0,6,3,12.0,6,2,12.0,0.333,1,0.944
Graduate,Oral Hygiene,Female,Divorced,Daytime,Yes,Yes,No,No,No,37,30-39,123.0,133.1,7,7,10.985714285714286,8,8,12.3,1.0,0,0.008
Dropout,Nursing,Female,Divorced,Daytime,No,No,No,No,No,42,40+,130.0,130.0,7,5,12.62,7,3,14.166666666666666,0.429,1,0.97
Dropout,Nursing,Female,Single,Daytime,No,Yes,No,Yes,No,20,17-20,141.1,147.0,7,6,13.0,8,8,14.2125,1.0,1,0.052
Dropout,Informatics Engineering,Male,Married,Daytime,No,No,No,No,No,34,30-39,140.0,140.0,5,0,0.0,5,0,0.0,0.0,1,1.0
Dropout,Informatics Engineering,Male,Single,Daytime,No,Yes,No,Yes,No,22,21-24,133.6,140.0,5,0,0.0,5,0,0.0,0.0,1,0.998
Graduate,Tourism,Male,Married,Daytime,No,Yes,No,No,No,39,30-39,123.5,133.1,6,6,13.5,6,6,13.333333333333334,1.0,0,0.077
Graduate,Nursing,Male,Single,Daytime,Yes,Yes,No,Yes,No,18,17-20,136.3,141.0,7,6,13.516666666666666,7,6,13.516666666666666,0.857,0,0.058
Graduate,Communication Design,Male,Single,Daytime,Yes,Yes,No,Yes,No,21,21-24,123.5,128.0,6,6,13.166666666666666,6,6,13.285714285714286,1.0,0,0.036
Dropout,Veterinary Nursing,Male,Married,Daytime,No,Yes,No,No,No,34,30-39,112.0,150.0,6,0,0.0,6,0,0.0,0.0,1,0.998
Graduate,Agronomy,Male,Single,Daytime,Yes,Yes,No,No,No,22,21-24,160.0,160.0,6,6,13.125,6,6,13.0,1.0,0,0.022
Dropout,Agronomy,Male,Single,Daytime,No,Yes,No,No,No,31,30-39,110.0,133.1,6,3,14.4,6,0,0.0,0.0,1,0.999
Dropout,Basic Education,Male,Single,Daytime,No,No,No,Yes,No,19,17-20,116.8,128.0,6,4,12.0,6,0,0.0,0.0,1,1.0
Dropout,Tourism,Male,Single,Daytime,No,Yes,No,No,No,19,17-20,109.5,114.0,5,0,0.0,5,0,0.0,0.0,1,0.999
Dropout,Oral Hygiene,Male,Single,Daytime,No,Yes,No,No,No,31,30-39,100.0,133.1,7,0,0.0,7,0,0.0,0.0,1,1.0
Enrolled,Management,Female,Single,Daytime,No,Yes,No,Yes,No,19,17-20,117.3,126.0,5,3,10.8,5,3,10.5,0.6,0,0.762
Dropout,Advertising & Marketing,Female,Married,Daytime,No,Yes,No,No,Yes,30,30-39,130.0,133.1,6,0,0.0,6,0,0.0,0.0,1,0.995
Graduate,Nursing,Female,Single,Daytime,Yes,Yes,No,Yes,No,20,17-20,137.8,129.0,7,7,16.13142857142857,8,8,15.52222222222222,1.0,0,0.022
Graduate,Nursing,Female,Single,Daytime,Yes,Yes,No,Yes,No,18,17-20,136.5,140.0,7,7,14.838571428571427,8,8,14.8,1.0,0,0.011
Dropout,Management (evening),Female,Divorced,Evening,No,Yes,No,No,No,31,30-39,138.7,133.1,5,3,10.333333333333334,5,3,12.0,0.6,1,0.557
Dropout,Tourism,Female,Single,Daytime,No,Yes,No,Yes,No,19,17-20,124.9,134.0,6,3,12.0,6,4,11.25,0.667,1,0.729
Dropout,Social Service (evening),Female,Divorced,Evening,Yes,Yes,No,No,No,43,40+,140.0,133.1,6,0,0.0,5,0,0.0,0.0,1,0.992
Graduate,Tourism,Female,Single,Daytime,Yes,Yes,No,Yes,No,20,17-20,122.6,132.0,6,6,13.166666666666666,6,6,14.0,1.0,0,0.031
Graduate,Nursing,Female,Single,Daytime,Yes,Yes,No,Yes,No,19,17-20,129.5,131.0,8,8,13.9475,8,8,13.9475,1.0,0,0.007
Dropout,Advertising & Marketing,Female,Single,Daytime,No,Yes,No,No,No,22,21-24,155.0,133.1,5,3,11.333333333333334,5,0,0.0,0.0,1,0.988
Graduate,Social Service (evening),Female,Single,Evening,No,Yes,No,No,No,26,25-29,100.0,133.1,8,7,12.75,7,7,12.285714285714286,1.0,0,0.089
Graduate,Management,Female,Single,Daytime,Yes,Yes,No,Yes,No,19,17-20,137.6,160.0,5,5,12.6,5,5,11.25,1.0,0,0.069
Dropout,Nursing,Female,Single,Daytime,No,Yes,No,Yes,No,29,25-29,120.0,120.0,8,6,12.25,8,6,12.25,0.75,1,0.229
Enrolled,Oral Hygiene,Female,Single,Daytime,No,Yes,No,No,Yes,20,17-20,114.0,114.0,7,0,0.0,7,2,11.666666666666666,0.286,0,0.517
Enrolled,Management (evening),Female,Divorced,Evening,Yes,Yes,No,No,No,38,30-39,139.0,140.0,5,5,11.0,5,5,11.4,1.0,0,0.028
Graduate,Agronomy,Female,Single,Daytime,No,Yes,No,No,No,41,40+,110.0,100.0,12,12,11.833333333333334,12,9,12.7,0.75,0,0.253
Dropout,Nursing,Female,Single,Daytime,No,Yes,No,Yes,No,19,17-20,128.5,139.0,8,6,13.066666666666668,8,6,13.066666666666668,0.75,1,0.269
Graduate,Communication Design,Female,Single,Daytime,No,Yes,Yes,No,No,19,17-20,132.2,136.0,6,6,13.833333333333334,6,6,13.875,1.0,0,0.084
Dropout,Nursing,Female,Divorced,Daytime,No,Yes,No,No,No,43,40+,130.0,130.0,7,3,13.833333333333334,7,0,0.0,0.0,1,0.998
Graduate,Equinculture,Female,Single,Daytime,No,Yes,No,Yes,No,19,17-20,129.3,145.0,5,5,11.8,5,5,13.2,1.0,0,0.082
Enrolled,Animation & Multimedia Design,Male,Single,Daytime,Yes,Yes,No,Yes,No,19,17-20,128.2,133.1,12,12,13.333333333333334,11,10,12.818181818181818,0.909,0,0.003
Graduate,Nursing,Male,Single,Daytime,No,Yes,No,Yes,No,18,17-20,130.3,146.0,8,8,13.74625,8,8,13.74625,1.0,0,0.023
Dropout,Animation & Multimedia Design,Male,Single,Daytime,No,Yes,No,Yes,No,19,17-20,162.5,159.0,0,0,0.0,0,0,0.0,,1,0.624
Dropout,Social Service (evening),Male,Married,Evening,No,Yes,No,No,No,38,30-39,130.0,133.1,6,0,0.0,6,0,0.0,0.0,1,0.998
Dropout,Equinculture,Male,Married,Daytime,No,Yes,No,Yes,No,37,30-39,110.0,110.0,6,0,0.0,6,0,0.0,0.0,1,1.0
Graduate,Advertising & Marketing,Female,Single,Daytime,Yes,Yes,No,Yes,No,26,25-29,142.3,120.0,6,6,13.333333333333334,6,5,14.5,0.833,0,0.077
Enrolled,Social Service,Female,Single,Daytime,Yes,Yes,No,Yes,No,21,21-24,122.0,130.0,6,1,10.0,6,5,11.4,0.833,0,0.634
Graduate,Veterinary Nursing,Female,Single,Daytime,Yes,Yes,No,Yes,No,18,17-20,153.6,158.0,6,6,15.666666666666666,6,6,15.285714285714286,1.0,0,0.02
Graduate,Basic Education,Female,Single,Daytime,No,Yes,No,No,No,18,17-20,112.9,122.0,7,7,11.857142857142858,7,7,11.857142857142858,1.0,0,0.032
Graduate,Veterinary Nursing,Female,Single,Daytime,No,Yes,No,No,No,18,17-20,124.1,140.0,5,5,14.5,5,5,13.6,1.0,0,0.038
Graduate,Social Service,Female,Single,Daytime,No,Yes,No,No,No,19,17-20,129.7,136.0,6,6,12.166666666666666,6,6,13.714285714285714,1.0,0,0.045
Graduate,Journalism & Communication,Female,Single,Daytime,No,Yes,No,Yes,No,18,17-20,110.0,111.0,6,5,12.6,6,6,12.0,1.0,0,0.118
Enrolled,Nursing,Female,Single,Daytime,No,Yes,No,Yes,No,18,17-20,136.3,145.0,8,7,12.285714285714286,8,7,12.285714285714286,0.875,0,0.076
Graduate,Social Service,Female,Single,Daytime,Yes,Yes,Yes,No,No,19,17-20,146.0,133.1,6,6,12.666666666666666,6,6,13.0,1.0,0,0.017
Dropout,Nursing,Female,Single,Daytime,No,Yes,No,No,No,19,17-20,129.9,140.0,7,0,0.0,8,0,0.0,0.0,1,0.999
Graduate,Tourism,Female,Single,Daytime,Yes,Yes,No,Yes,No,18,17-20,140.9,140.0,6,6,12.857142857142858,6,4,13.0,0.667,0,0.142
Graduate,Nursing,Female,Married,Daytime,No,Yes,No,No,No,18,17-20,135.5,156.0,8,7,13.9,8,7,13.9,0.875,0,0.038
Graduate,Nursing,Female,Single,Daytime,Yes,Yes,No,Yes,No,20,17-20,122.0,132.0,8,7,13.817142857142857,8,7,13.817142857142857,0.875,0,0.032
Graduate,Oral Hygiene,Female,Single,Daytime,Yes,Yes,No,No,No,22,21-24,140.0,140.0,7,6,13.314285714285717,8,7,12.875,0.875,0,0.035
Dropout,Equinculture,Female,Single,Daytime,No,Yes,No,No,No,18,17-20,163.0,164.0,6,0,0.0,6,0,0.0,0.0,1,0.997
Graduate,Tourism,Female,Single,Daytime,Yes,Yes,No,Yes,No,19,17-20,107.4,113.0,6,6,12.166666666666666,6,6,12.166666666666666,1.0,0,0.043
Dropout,Tourism,Female,Single,Daytime,Yes,No,No,Yes,No,20,17-20,114.3,122.0,6,4,11.25,6,3,11.333333333333334,0.5,1,0.933
Enrolled,Communication Design,Female,Single,Daytime,No,Yes,No,No,No,19,17-20,140.8,150.0,6,5,12.4,6,6,12.75,1.0,0,0.106
Graduate,Journalism & Communication,Female,Single,Daytime,Yes,Yes,No,Yes,No,20,17-20,126.3,135.0,6,6,14.666666666666666,6,6,14.571428571428571,1.0,0,0.041
Dropout,Veterinary Nursing,Female,Single,Daytime,No,Yes,No,No,No,28,25-29,110.0,133.1,6,4,12.0,6,4,12.0,0.667,1,0.668
Graduate,Veterinary Nursing,Female,Single,Daytime,No,Yes,No,No,No,19,17-20,126.2,122.0,6,6,14.0,6,3,12.666666666666666,0.5,0,0.178
Enrolled,Agronomy,Female,Single,Daytime,No,Yes,No,No,No,22,21-24,140.0,140.0,6,6,12.571428571428571,6,4,13.666666666666666,0.667,0,0.149
Graduate,Veterinary Nursing,Female,Single,Daytime,No,Yes,No,Yes,No,19,17-20,123.0,138.0,6,6,15.538461538461538,6,6,12.625,1.0,0,0.108
Dropout,Journalism & Communication,Female,Single,Daytime,No,No,No,Yes,No,18,17-20,157.0,130.0,6,0,0.0,6,0,0.0,0.0,1,1.0
Graduate,Equinculture,Female,Single,Daytime,No,Yes,No,Yes,No,18,17-20,149.7,157.0,6,6,15.0,6,6,14.833333333333334,1.0,0,0.033
Graduate,Equinculture,Female,Single,Daytime,No,Yes,No,Yes,No,22,21-24,140.0,140.0,5,4,12.25,5,5,13.285714285714286,1.0,0,0.232
Graduate,Veterinary Nursing,Female,Single,Daytime,No,Yes,No,No,No,20,17-20,170.0,170.0,11,11,15.692307692307692,9,9,15.555555555555555,1.0,0,0.01
Graduate,Management (evening),Female,Single,Evening,Yes,Yes,No,No,No,24,21-24,130.2,150.0,5,5,12.285714285714286,5,5,12.75,1.0,0,0.048
Enrolled,Animation & Multimedia Design,Female,Single,Daytime,No,Yes,Yes,Yes,No,22,21-24,135.5,146.0,17,12,11.833333333333334,17,11,11.25,0.647,0,0.918
Enrolled,Social Service (evening),Female,Single,Evening,No,Yes,No,No,No,20,17-20,118.3,120.0,6,6,12.166666666666666,6,5,14.0,0.833,0,0.105
Graduate,Oral Hygiene,Female,Single,Daytime,Yes,Yes,No,Yes,No,20,17-20,116.3,118.0,7,7,11.88888888888889,8,8,11.95625,1.0,0,0.012
Dropout,Social Service (evening),Female,Married,Evening,No,No,No,No,No,35,30-39,120.0,120.0,6,0,0.0,6,0,0.0,0.0,1,1.0
Graduate,Advertising & Marketing,Female,Single,Daytime,Yes,Yes,No,No,No,18,17-20,154.7,154.0,5,5,11.8,5,5,12.6,1.0,0,0.027
Graduate,Social Service,Female,Single,Daytime,No,Yes,No,Yes,No,19,17-20,132.7,139.0,6,6,11.166666666666666,6,6,11.666666666666666,1.0,0,0.059
Graduate,Nursing,Female,Single,Daytime,No,Yes,No,No,No,18,17-20,130.8,136.0,7,7,14.05714285714286,8,8,14.6,1.0,0,0.023
Dropout,Tourism,Female,Single,Daytime,No,Yes,No,Yes,No,18,17-20,122.7,130.0,6,4,11.75,6,4,10.0,0.667,1,0.53
Enrolled,Social Service,Female,Married,Daytime,No,Yes,No,No,No,31,30-39,130.0,133.1,6,6,13.166666666666666,6,6,13.0,1.0,0,0.033
Graduate,Social Service,Female,Single,Daytime,Yes,Yes,No,No,No,19,17-20,123.6,133.0,6,6,13.5,6,6,14.0,1.0,0,0.02
Graduate,Nursing,Female,Single,Daytime,Yes,Yes,No,Yes,No,20,17-20,116.5,143.0,7,7,12.625,8,8,13.0625,1.0,0,0.015
Dropout,Veterinary Nursing,Female,Single,Daytime,No,Yes,No,No,No,21,21-24,111.1,117.0,6,0,0.0,6,0,0.0,0.0,1,0.998
Graduate,Nursing,Female,Single,Daytime,Yes,Yes,No,Yes,No,18,17-20,136.3,145.0,8,7,13.971428571428572,8,7,13.971428571428572,0.875,0,0.027
Dropout,Communication Design,Female,Single,Daytime,No,Yes,No,Yes,No,18,17-20,129.8,134.0,6,2,11.0,6,0,0.0,0.0,1,0.998
Graduate,Management (evening),Female,Married,Evening,No,Yes,No,No,No,33,30-39,134.7,170.0,5,5,12.8,5,5,15.333333333333334,1.0,0,0.091
Enrolled,Advertising & Marketing,Female,Single,Daytime,Yes,Yes,No,Yes,No,18,17-20,131.8,143.0,6,6,13.571428571428571,6,5,12.8,0.833,0,0.073
Dropout,Animation & Multimedia Design,Female,Single,Daytime,Yes,No,No,Yes,No,18,17-20,126.8,140.0,0,0,0.0,0,0,0.0,,1,0.791
Enrolled,Veterinary Nursing,Female,Single,Daytime,No,Yes,Yes,No,No,21,21-24,130.7,131.0,5,2,11.5,5,4,11.0,0.8,0,0.794
Enrolled,Tourism,Female,Single,Daytime,No,Yes,No,Yes,No,19,17-20,109.8,115.0,6,4,11.25,6,4,12.0,0.667,0,0.609
Graduate,Management (evening),Female,Single,Evening,No,Yes,No,No,No,28,25-29,133.9,130.0,5,5,13.714285714285714,5,5,13.142857142857142,1.0,0,0.117
Dropout,Management,Female,Married,Daytime,No,No,No,No,No,29,25-29,109.9,130.0,4,0,0.0,5,0,0.0,0.0,1,1.0
Dropout,Equinculture,Female,Single,Daytime,No,No,Yes,Yes,No,36,30-39,160.0,160.0,6,6,12.0,6,3,14.666666666666666,0.5,1,0.969
Graduate,Social Service (evening),Female,Single,Evening,Yes,Yes,No,No,No,32,30-39,106.5,133.1,6,6,12.666666666666666,6,6,13.333333333333334,1.0,0,0.015
Enrolled,Nursing,Female,Single,Daytime,Yes,Yes,No,Yes,No,25,25-29,120.0,130.0,8,7,13.29,8,7,13.29,0.875,0,0.01
Enrolled,Management (evening),Female,Married,Evening,No,Yes,No,No,No,33,30-39,107.8,140.0,10,8,10.375,10,9,10.444444444444445,0.9,0,0.42
Dropout,Social Service (evening),Female,Married,Evening,No,No,No,No,No,34,30-39,100.0,133.1,7,3,12.0,7,1,13.0,0.143,1,0.999
Graduate,Social Service (evening),Female,Married,Evening,No,Yes,No,No,No,33,30-39,112.5,150.0,6,5,11.4,6,6,11.166666666666666,1.0,0,0.086
Dropout,Management (evening),Female,Single,Evening,No,No,Yes,No,No,29,25-29,135.5,140.0,5,2,13.25,5,3,12.6,0.6,1,0.994
Dropout,Nursing,Female,Single,Daytime,No,Yes,No,No,No,18,17-20,145.0,145.0,7,6,13.861666666666666,8,0,0.0,0.0,1,0.995
Graduate,Journalism & Communication,Female,Single,Daytime,Yes,Yes,No,No,No,18,17-20,119.0,126.0,6,6,12.166666666666666,6,6,12.142857142857142,1.0,0,0.02
Graduate,Social Service,Female,Married,Daytime,No,Yes,No,No,No,38,30-39,130.0,130.0,6,4,13.75,6,6,14.5,1.0,0,0.275
Graduate,Nursing,Female,Single,Daytime,Yes,Yes,No,Yes,No,19,17-20,126.3,135.0,7,6,15.433333333333332,7,6,15.433333333333332,0.857,0,0.042
Graduate,Social Service (evening),Female,Divorced,Evening,Yes,Yes,No,No,No,39,30-39,113.5,133.1,6,6,13.833333333333334,6,6,15.5,1.0,0,0.009
Graduate,Management (evening),Female,Single,Evening,No,Yes,No,No,No,37,30-39,120.0,120.0,14,12,11.833333333333334,12,11,11.363636363636363,0.917,0,0.182
Dropout,Oral Hygiene,Female,Single,Daytime,No,Yes,No,Yes,No,32,30-39,111.3,120.0,7,0,0.0,8,0,0.0,0.0,1,1.0
Dropout,Social Service,Female,Single,Daytime,No,Yes,No,No,No,18,17-20,130.2,147.0,1,0,0.0,6,0,0.0,0.0,1,0.989
Enrolled,Oral Hygiene,Female,Single,Daytime,No,Yes,No,Yes,No,20,17-20,140.2,149.0,7,7,12.333333333333334,8,8,12.625,1.0,0,0.069
Graduate,Communication Design,Female,Single,Daytime,No,Yes,No,Yes,No,20,17-20,113.9,124.0,6,6,11.166666666666666,6,6,12.166666666666666,1.0,0,0.041
Graduate,Veterinary Nursing,Female,Single,Daytime,Yes,Yes,No,Yes,No,23,21-24,99.0,133.1,6,6,14.666666666666666,6,6,12.428571428571429,1.0,0,0.038
Enrolled,Management,Female,Single,Daytime,No,Yes,No,Yes,No,19,17-20,124.0,125.0,5,5,11.2,5,4,11.75,0.8,0,0.214
Graduate,Social Service,Female,Single,Daytime,No,Yes,No,No,No,18,17-20,138.9,141.0,6,6,13.714285714285714,6,6,14.166666666666666,1.0,0,0.037
Graduate,Management,Male,Single,Daytime,No,Yes,No,Yes,No,19,17-20,130.0,131.0,5,5,12.8,5,5,11.444444444444445,1.0,0,0.178
Graduate,Journalism & Communication,Female,Single,Daytime,No,Yes,No,Yes,No,20,17-20,120.8,118.0,6,4,13.25,6,5,11.8,0.833,0,0.45
Dropout,Nursing,Female,Single,Daytime,No,Yes,No,Yes,No,19,17-20,127.8,129.0,8,6,13.78,8,6,13.78,0.75,1,0.175
Graduate,Nursing,Female,Single,Daytime,No,Yes,No,Yes,No,19,17-20,126.0,136.0,8,7,15.11,8,7,15.11,0.875,0,0.07
Graduate,Social Service,Female,Single,Daytime,No,Yes,No,No,No,18,17-20,126.0,134.0,6,4,11.0,6,5,11.2,0.833,0,0.264
Graduate,Nursing,Female,Single,Daytime,Yes,Yes,No,Yes,No,20,17-20,138.5,153.0,8,7,15.798571428571426,8,7,15.798571428571426,0.875,0,0.032
Graduate,Nursing,Female,Single,Daytime,No,Yes,No,Yes,No,20,17-20,119.4,119.0,7,7,13.775714285714288,8,8,15.599999999999998,1.0,0,0.019
Graduate,Nursing,Female,Divorced,Daytime,No,Yes,No,Yes,No,24,21-24,101.5,140.0,8,7,12.16,8,7,12.16,0.875,0,0.075
Dropout,Oral Hygiene,Female,Divorced,Daytime,No,Yes,No,Yes,No,24,21-24,101.5,133.1,7,0,0.0,7,0,0.0,0.0,1,0.999
Graduate,Journalism & Communication,Female,Single,Daytime,No,Yes,No,Yes,No,20,17-20,126.2,130.0,6,6,14.333333333333334,6,6,15.5,1.0,0,0.067
Enrolled,Communication Design,Female,Single,Daytime,No,Yes,No,Yes,No,20,17-20,129.8,128.0,6,6,11.833333333333334,6,3,13.333333333333334,0.5,0,0.347
Enrolled,Veterinary Nursing,Female,Single,Daytime,No,No,No,Yes,No,18,17-20,138.4,145.0,6,6,14.833333333333334,6,6,12.5,1.0,0,0.406
Graduate,Nursing,Female,Single,Daytime,No,Yes,No,No,No,18,17-20,129.3,146.0,8,7,14.2,8,7,14.2,0.875,0,0.033
Graduate,Veterinary Nursing,Female,Single,Daytime,No,Yes,No,Yes,No,21,21-24,113.1,119.0,5,5,12.2,5,5,13.2,1.0,0,0.096
Graduate,Basic Education,Female,Single,Daytime,No,Yes,No,Yes,No,18,17-20,144.3,160.0,6,4,13.0,6,5,13.666666666666666,0.833,0,0.269
Graduate,Nursing,Female,Single,Daytime,Yes,Yes,No,Yes,No,19,17-20,141.0,144.0,8,7,12.485714285714286,8,7,12.485714285714286,0.875,0,0.05
Graduate,Veterinary Nursing,Female,Single,Daytime,No,Yes,No,Yes,No,22,21-24,130.0,130.0,6,6,17.0,6,6,16.285714285714285,1.0,0,0.026
Graduate,Social Service,Female,Single,Daytime,No,Yes,No,Yes,No,19,17-20,117.5,122.0,6,5,10.8,6,6,10.166666666666666,1.0,0,0.136
Graduate,Nursing,Female,Single,Daytime,No,Yes,No,Yes,Yes,18,17-20,131.8,153.0,7,6,14.716666666666669,7,6,14.716666666666669,0.857,0,0.006
Enrolled,Veterinary Nursing,Female,Single,Daytime,Yes,Yes,No,Yes,No,19,17-20,133.7,147.0,5,2,13.5,5,5,11.4,1.0,0,0.298
Enrolled,Nursing,Female,Single,Daytime,Yes,Yes,No,Yes,No,24,21-24,115.4,121.0,8,7,11.971428571428572,8,7,11.971428571428572,0.875,0,0.058
Enrolled,Veterinary Nursing,Female,Single,Daytime,No,Yes,No,No,No,19,17-20,129.1,134.0,5,3,12.0,5,4,13.5,0.8,0,0.296
Graduate,Social Service (evening),Female,Single,Evening,No,Yes,No,No,No,34,30-39,135.5,133.0,6,6,12.333333333333334,6,6,11.666666666666666,1.0,0,0.042
Graduate,Veterinary Nursing,Female,Single,Daytime,No,Yes,No,Yes,No,19,17-20,112.4,118.0,12,6,15.307692307692308,10,6,13.875,0.6,0,0.851
Graduate,Nursing,Female,Single,Daytime,Yes,Yes,No,Yes,No,18,17-20,130.8,137.0,7,6,12.666666666666666,7,6,12.666666666666666,0.857,0,0.043
Graduate,Nursing,Female,Single,Daytime,Yes,Yes,No,Yes,No,19,17-20,131.6,143.0,7,7,14.368,8,8,14.44875,1.0,0,0.013
Graduate,Nursing,Female,Single,Daytime,No,Yes,No,No,No,25,25-29,140.8,123.0,8,7,12.084285714285716,8,7,12.084285714285716,0.875,0,0.084
Enrolled,Veterinary Nursing,Female,Single,Daytime,No,Yes,No,Yes,No,21,21-24,140.0,140.0,12,8,12.25,12,8,12.2,0.667,0,0.807
Enrolled,Tourism,Female,Single,Daytime,No,Yes,No,No,No,18,17-20,114.2,118.0,6,5,12.2,6,5,11.6,0.833,0,0.218
Graduate,Social Service,Female,Single,Daytime,Yes,Yes,No,No,No,18,17-20,127.3,142.0,6,4,11.0,6,6,11.5,1.0,0,0.056
Graduate,Social Service (evening),Female,Single,Evening,No,Yes,No,Yes,No,28,25-29,115.0,115.0,6,5,12.8,6,5,11.0,0.833,0,0.193
Graduate,Nursing,Female,Facto union,Daytime,Yes,Yes,No,No,No,18,17-20,118.8,131.0,8,7,11.857142857142858,8,7,11.857142857142858,0.875,0,0.012
Graduate,Tourism,Female,Married,Daytime,No,Yes,No,No,No,41,40+,125.0,130.0,6,6,12.285714285714286,6,5,13.0,0.833,0,0.141
Dropout,Basic Education,Female,Single,Daytime,No,Yes,No,No,No,18,17-20,111.5,133.1,6,3,12.333333333333334,6,4,13.5,0.667,1,0.572
Graduate,Social Service,Female,Single,Daytime,Yes,Yes,No,No,No,21,21-24,124.2,134.0,6,4,11.25,6,4,11.4,0.667,0,0.403
Dropout,Social Service,Female,Divorced,Daytime,No,Yes,Yes,No,No,41,40+,130.0,130.0,6,0,0.0,6,0,0.0,0.0,1,0.997
Dropout,Communication Design,Female,Single,Daytime,No,Yes,No,Yes,No,32,30-39,120.0,133.1,3,2,16.0,3,1,16.0,0.333,1,0.759
Graduate,Social Service (evening),Female,Single,Evening,No,Yes,No,No,No,29,25-29,110.0,114.0,6,6,11.666666666666666,6,6,11.0,1.0,0,0.051
Enrolled,Oral Hygiene,Female,Single,Daytime,No,Yes,No,No,No,24,21-24,113.3,130.0,7,5,12.4,8,7,12.15,0.875,0,0.232
Enrolled,Oral Hygiene,Female,Single,Daytime,No,Yes,No,Yes,No,22,21-24,123.5,128.0,7,6,10.744444444444444,8,8,11.8375,1.0,0,0.05
Dropout,Social Service,Female,Single,Daytime,No,Yes,No,No,No,21,21-24,101.0,133.1,6,0,0.0,6,0,0.0,0.0,1,0.998
Dropout,Nursing,Female,Married,Daytime,No,Yes,No,Yes,No,39,30-39,120.9,133.1,7,4,12.0,7,4,12.5625,0.571,1,0.811
Enrolled,Veterinary Nursing,Female,Divorced,Daytime,Yes,No,No,No,No,44,40+,154.6,140.0,6,4,12.75,6,2,10.0,0.333,0,0.98
Enrolled,Management,Female,Single,Daytime,No,Yes,No,Yes,No,20,17-20,120.2,117.0,5,2,10.0,5,2,11.0,0.4,0,0.878
Graduate,Nursing,Female,Single,Daytime,No,Yes,No,No,No,21,21-24,146.5,139.0,14,12,13.417391304347827,14,12,13.417391304347827,0.857,0,0.214
Graduate,Journalism & Communication,Female,Single,Daytime,No,Yes,No,Yes,No,18,17-20,160.1,159.0,6,6,15.166666666666666,6,6,14.857142857142858,1.0,0,0.039
Graduate,Agronomy,Female,Single,Daytime,No,Yes,Yes,No,No,34,30-39,150.0,140.0,6,5,13.833333333333334,6,5,12.5,0.833,0,0.639
Graduate,Veterinary Nursing,Female,Single,Daytime,No,Yes,No,Yes,No,18,17-20,135.8,140.0,5,5,13.333333333333334,5,4,14.8,0.8,0,0.078
Enrolled,Animation & Multimedia Design,Female,Single,Daytime,No,Yes,Yes,Yes,No,19,17-20,143.8,135.0,0,0,0.0,0,0,0.0,,0,0.721
Dropout,Basic Education,Female,Single,Daytime,No,Yes,No,Yes,No,18,17-20,116.8,121.0,6,3,11.666666666666666,6,3,10.666666666666666,0.5,1,0.873
Graduate,Veterinary Nursing,Female,Single,Daytime,No,Yes,No,Yes,No,19,17-20,113.9,124.0,6,5,15.0,6,6,13.428571428571429,1.0,0,0.173
Enrolled,Nursing,Female,Single,Daytime,Yes,Yes,No,Yes,No,18,17-20,118.0,131.0,8,7,13.242857142857144,8,7,13.242857142857144,0.875,0,0.033
Dropout,Equinculture,Female,Single,Daytime,No,Yes,No,Yes,No,19,17-20,150.2,160.0,5,1,13.0,5,2,12.5,0.4,1,0.961
Graduate,Nursing,Female,Single,Daytime,Yes,Yes,No,Yes,No,19,17-20,115.1,120.0,7,6,13.075,8,7,12.05,0.875,0,0.058
Graduate,Advertising & Marketing,Female,Single,Daytime,Yes,Yes,No,Yes,No,18,17-20,131.3,140.0,6,6,13.5,6,6,13.666666666666666,1.0,0,0.028
Graduate,Management (evening),Female,Single,Evening,Yes,Yes,No,Yes,No,23,21-24,120.0,120.0,6,5,11.8,6,6,12.333333333333334,1.0,0,0.054
Enrolled,Tourism,Female,Single,Daytime,No,No,No,Yes,Yes,18,17-20,110.3,118.0,6,5,12.6,6,5,11.8,0.833,0,0.306
Dropout,Basic Education,Female,Divorced,Daytime,No,Yes,No,No,Yes,33,30-39,100.0,133.1,6,6,12.166666666666666,6,3,11.0,0.5,1,0.664
Graduate,Social Service,Female,Single,Daytime,No,Yes,No,Yes,No,19,17-20,110.7,111.0,6,6,12.166666666666666,6,6,11.0,1.0,0,0.067
Dropout,Animation & Multimedia Design,Female,Single,Daytime,No,Yes,No,Yes,No,21,21-24,143.4,140.0,0,0,0.0,0,0,0.0,,1,0.459
Graduate,Nursing,Female,Single,Daytime,No,Yes,No,No,No,18,17-20,115.9,125.0,7,7,13.557142857142855,8,8,13.2,1.0,0,0.023
Enrolled,Management (evening),Female,Single,Evening,Yes,Yes,No,No,No,21,21-24,145.0,133.1,5,4,12.25,5,4,11.8,0.8,0,0.16
Graduate,Communication Design,Female,Single,Daytime,No,Yes,No,Yes,No,19,17-20,140.9,136.0,6,6,14.333333333333334,6,6,13.5,1.0,0,0.04
Graduate,Journalism & Communication,Female,Single,Daytime,No,Yes,No,Yes,No,20,17-20,108.4,115.0,6,4,10.5,6,4,11.75,0.667,0,0.504
Dropout,Journalism & Communication,Female,Single,Daytime,No,Yes,No,Yes,No,20,17-20,114.3,116.0,4,0,0.0,4,0,0.0,0.0,1,0.993
Enrolled,Basic Education,Female,Single,Daytime,No,Yes,No,Yes,No,20,17-20,110.0,110.0,6,4,12.75,6,3,11.333333333333334,0.5,0,0.841
Enrolled,Social Service,Female,Single,Daytime,Yes,Yes,No,Yes,No,18,17-20,121.7,135.0,6,0,0.0,6,4,11.0,0.667,0,0.727
Enrolled,Management,Female,Single,Daytime,No,Yes,No,Yes,No,18,17-20,123.7,131.0,5,1,14.0,5,1,14.0,0.2,0,0.973
Graduate,Nursing,Female,Single,Daytime,Yes,Yes,No,Yes,No,20,17-20,116.5,124.0,7,7,14.093333333333332,8,8,15.0,1.0,0,0.011
Graduate,Social Service,Female,Single,Daytime,Yes,Yes,No,No,No,21,21-24,155.0,163.0,6,6,13.333333333333334,6,6,13.166666666666666,1.0,0,0.014
Graduate,Nursing,Female,Single,Daytime,No,Yes,No,Yes,No,19,17-20,129.3,137.0,8,7,12.071428571428571,8,7,12.071428571428571,0.875,0,0.114
Graduate,Tourism,Female,Single,Daytime,Yes,Yes,No,Yes,No,18,17-20,121.7,128.0,6,6,12.666666666666666,6,6,12.5,1.0,0,0.038
Enrolled,Veterinary Nursing,Female,Single,Daytime,No,Yes,Yes,Yes,No,27,25-29,148.2,133.1,6,6,12.125,6,5,12.0,0.833,0,0.502
Graduate,Nursing,Female,Single,Daytime,Yes,Yes,No,Yes,No,21,21-24,125.5,133.1,7,7,13.2,8,7,13.2575,0.875,0,0.029
Graduate,Nursing,Female,Single,Daytime,Yes,Yes,No,Yes,No,18,17-20,131.9,148.0,7,7,14.15,8,8,14.51125,1.0,0,0.013
Enrolled,Basic Education,Female,Single,Daytime,No,Yes,Yes,Yes,No,18,17-20,121.8,127.0,6,4,13.5,6,3,10.666666666666666,0.5,0,0.949
Dropout,Basic Education,Female,Single,Daytime,No,No,Yes,No,No,28,25-29,107.7,110.0,6,0,0.0,5,0,0.0,0.0,1,1.0
Dropout,Oral Hygiene,Female,Single,Daytime,No,Yes,No,No,No,36,30-39,115.5,133.1,7,5,12.2,7,3,11.4,0.429,1,0.89
Graduate,Veterinary Nursing,Female,Single,Daytime,No,Yes,No,Yes,No,20,17-20,139.8,145.0,5,5,14.8,5,5,14.0,1.0,0,0.062
Graduate,Social Service,Female,Single,Daytime,No,Yes,No,Yes,No,19,17-20,133.2,136.0,6,5,11.0,6,5,11.4,0.833,0,0.187
Enrolled,Management (evening),Female,Single,Evening,No,Yes,No,Yes,No,20,17-20,118.4,131.0,5,0,0.0,5,0,0.0,0.0,0,0.994
Enrolled,Veterinary Nursing,Female,Single,Daytime,No,Yes,No,Yes,No,19,17-20,123.3,138.0,5,3,14.0,5,4,11.75,0.8,0,0.291
Graduate,Social Service (evening),Female,Married,Evening,No,Yes,No,No,No,28,25-29,134.5,150.0,6,5,11.833333333333334,6,6,13.0,1.0,0,0.081
Graduate,Advertising & Marketing,Female,Single,Daytime,No,Yes,No,No,No,20,17-20,110.6,112.0,5,4,11.75,5,5,11.8,1.0,0,0.108
Graduate,Tourism,Female,Single,Daytime,No,Yes,No,Yes,No,28,25-29,154.0,154.0,14,12,12.333333333333334,12,8,12.0,0.667,0,0.568
Dropout,Management (evening),Female,Single,Evening,No,Yes,No,No,No,24,21-24,160.0,160.0,10,3,11.666666666666666,10,6,11.833333333333334,0.6,1,0.951
Enrolled,Veterinary Nursing,Female,Single,Daytime,No,Yes,No,Yes,No,20,17-20,140.0,140.0,6,6,12.666666666666666,6,4,11.5,0.667,0,0.26
Enrolled,Basic Education,Female,Single,Daytime,No,Yes,No,Yes,No,22,21-24,132.5,150.0,6,4,12.25,6,5,11.6,0.833,0,0.434
Graduate,Tourism,Female,Single,Daytime,Yes,Yes,No,No,No,18,17-20,127.7,141.0,6,6,11.285714285714286,6,4,13.5,0.667,0,0.128
Dropout,Management,Female,Single,Daytime,No,No,Yes,Yes,No,22,21-24,117.5,122.0,5,2,11.5,5,0,0.0,0.0,1,1.0
Graduate,Tourism,Female,Single,Daytime,Yes,Yes,No,Yes,No,18,17-20,127.0,120.0,6,6,11.666666666666666,6,4,12.25,0.667,0,0.125
Graduate,Nursing,Female,Single,Daytime,Yes,Yes,No,No,No,21,21-24,125.5,139.0,8,7,13.514285714285714,8,7,13.514285714285714,0.875,0,0.02
Graduate,Journalism & Communication,Female,Single,Daytime,No,Yes,No,Yes,No,19,17-20,140.5,138.0,6,6,13.0,6,6,13.714285714285714,1.0,0,0.059
Enrolled,Basic Education,Female,Single,Daytime,No,Yes,No,Yes,No,22,21-24,118.3,119.0,6,3,15.0,6,4,10.25,0.667,0,0.766
Graduate,Nursing,Female,Single,Daytime,Yes,Yes,No,Yes,No,20,17-20,120.8,129.0,8,7,12.744285714285716,8,7,12.744285714285716,0.875,0,0.035
Graduate,Management,Female,Single,Daytime,No,Yes,No,No,No,20,17-20,95.0,133.1,5,4,11.75,5,5,11.8,1.0,0,0.049
Graduate,Social Service (evening),Female,Single,Evening,No,Yes,Yes,Yes,No,19,17-20,122.2,125.0,6,6,12.166666666666666,6,6,11.666666666666666,1.0,0,0.14
Enrolled,Animation & Multimedia Design,Female,Single,Daytime,No,Yes,No,Yes,No,20,17-20,143.9,125.0,0,0,0.0,0,0,0.0,,0,0.489
Graduate,Communication Design,Female,Single,Daytime,Yes,Yes,No,Yes,No,20,17-20,127.2,137.0,6,5,13.4,6,6,12.375,1.0,0,0.06
Dropout,Social Service,Female,Single,Daytime,No,Yes,No,Yes,No,20,17-20,120.2,123.0,6,5,11.8,6,4,11.5,0.667,1,0.354
Graduate,Nursing,Female,Single,Daytime,No,Yes,No,Yes,No,19,17-20,134.8,154.0,7,6,13.533333333333331,7,6,13.533333333333331,0.857,0,0.08
Graduate,Tourism,Female,Single,Daytime,Yes,Yes,No,Yes,No,18,17-20,142.6,144.0,6,6,14.166666666666666,6,4,14.0,0.667,0,0.135
Graduate,Nursing,Female,Single,Daytime,Yes,Yes,No,No,No,18,17-20,147.9,153.0,7,7,14.652857142857142,8,8,14.755555555555556,1.0,0,0.007
Dropout,Animation & Multimedia Design,Female,Single,Daytime,No,No,No,Yes,No,19,17-20,160.4,152.0,0,0,0.0,0,0,0.0,,1,0.83
Graduate,Management,Male,Single,Daytime,No,Yes,No,No,Yes,20,17-20,134.6,150.0,5,5,13.6,5,5,13.0,1.0,0,0.334
Graduate,Tourism,Female,Single,Daytime,Yes,Yes,No,No,No,22,21-24,121.0,129.0,6,6,12.833333333333334,6,4,13.25,0.667,0,0.154
Graduate,Social Service,Female,Single,Daytime,Yes,Yes,No,Yes,No,18,17-20,142.7,150.0,6,6,14.666666666666666,6,6,15.166666666666666,1.0,0,0.014
Graduate,Journalism & Communication,Female,Single,Daytime,No,Yes,No,Yes,No,19,17-20,115.6,125.0,6,6,13.333333333333334,6,6,14.666666666666666,1.0,0,0.069
Graduate,Social Service,Female,Single,Daytime,Yes,No,No,No,No,20,17-20,130.0,133.1,6,5,13.4,6,5,11.4,0.833,0,0.528
Graduate,Nursing,Female,Single,Daytime,Yes,Yes,No,Yes,No,19,17-20,124.3,140.0,7,7,13.3125,8,8,15.6375,1.0,0,0.011
Dropout,Animation & Multimedia Design,Female,Single,Daytime,No,No,Yes,Yes,No,18,17-20,137.9,140.0,0,0,0.0,0,0,0.0,,1,0.958
Dropout,Journalism & Communication,Female,Single,Daytime,No,No,Yes,Yes,No,20,17-20,100.0,133.1,4,0,0.0,5,0,0.0,0.0,1,1.0
Graduate,Journalism & Communication,Female,Single,Daytime,Yes,Yes,No,Yes,No,19,17-20,128.2,132.0,6,6,12.333333333333334,6,6,13.5,1.0,0,0.022
Enrolled,Journalism & Communication,Female,Single,Daytime,No,Yes,No,No,No,18,17-20,135.0,135.0,6,6,13.5,6,6,13.333333333333334,1.0,0,0.046
Graduate,Social Service,Female,Single,Daytime,No,Yes,No,Yes,No,18,17-20,121.0,135.0,6,5,13.0,6,6,11.833333333333334,1.0,0,0.126
Dropout,Advertising & Marketing,Female,Single,Daytime,No,Yes,No,No,No,22,21-24,147.0,133.1,5,2,12.5,5,0,0.0,0.0,1,0.993
Graduate,Social Service,Female,Single,Daytime,No,Yes,No,No,No,18,17-20,149.5,168.0,6,6,17.0,6,6,16.0,1.0,0,0.04
Graduate,Social Service,Female,Single,Daytime,No,Yes,No,Yes,No,20,17-20,144.4,143.0,6,6,13.5,6,6,13.0,1.0,0,0.061
Graduate,Tourism,Female,Single,Daytime,No,Yes,No,Yes,No,19,17-20,116.0,116.0,6,6,12.714285714285714,6,6,11.833333333333334,1.0,0,0.056
Graduate,Nursing,Female,Single,Daytime,Yes,Yes,No,No,No,19,17-20,120.7,134.0,7,6,13.0,8,8,13.927272727272726,1.0,0,0.029
Graduate,Social Service,Female,Single,Daytime,No,Yes,No,No,No,21,21-24,141.8,140.0,6,6,12.571428571428571,6,6,13.5,1.0,0,0.059
Dropout,Social Service (evening),Female,Single,Evening,Yes,Yes,No,Yes,No,19,17-20,119.7,133.0,6,4,11.5,6,6,11.5,1.0,1,0.094
Graduate,Social Service,Female,Single,Daytime,Yes,Yes,No,Yes,No,19,17-20,118.4,125.0,6,6,13.5,6,6,13.285714285714286,1.0,0,0.042
Enrolled,Social Service (evening),Female,Married,Evening,No,Yes,No,No,No,45,40+,134.5,133.1,6,5,13.6,6,5,13.0,0.833,0,0.227
Dropout,Veterinary Nursing,Female,Married,Daytime,Yes,No,No,No,No,28,25-29,128.2,133.1,5,1,12.0,5,0,0.0,0.0,1,0.991
Graduate,Nursing,Female,Married,Daytime,No,Yes,No,No,No,28,25-29,115.0,137.0,7,7,14.95,8,8,14.7375,1.0,0,0.03
Enrolled,Management (evening),Female,Single,Evening,No,Yes,Yes,No,No,25,25-29,130.0,140.0,5,4,11.25,5,4,12.0,0.8,0,0.666
Dropout,Advertising & Marketing,Female,Single,Daytime,No,No,Yes,No,No,19,17-20,120.7,134.0,6,3,10.666666666666666,6,4,12.25,0.667,1,0.985
Graduate,Nursing,Female,Single,Daytime,No,Yes,No,Yes,No,19,17-20,130.5,139.0,8,7,14.992857142857142,8,7,14.992857142857142,0.875,0,0.066
Enrolled,Management,Male,Single,Daytime,No,Yes,No,Yes,No,20,17-20,107.4,113.0,5,3,10.5,5,4,11.25,0.8,0,0.657
Enrolled,Social Service,Male,Single,Daytime,No,Yes,No,Yes,No,22,21-24,100.0,133.1,6,4,11.25,6,3,11.0,0.5,0,0.848
Graduate,Journalism & Communication,Male,Single,Daytime,Yes,Yes,No,Yes,No,20,17-20,125.0,132.0,6,6,12.333333333333334,6,6,14.0,1.0,0,0.059
Enrolled,Nursing,Male,Single,Daytime,No,Yes,No,Yes,No,20,17-20,121.5,127.0,7,6,13.016666666666666,7,6,13.016666666666666,0.857,0,0.131
Dropout,Veterinary Nursing,Male,Single,Daytime,No,No,Yes,No,No,20,17-20,127.2,123.0,5,3,11.333333333333334,5,2,11.5,0.4,1,0.995
Graduate,Veterinary Nursing,Female,Single,Daytime,No,Yes,No,Yes,No,27,25-29,160.0,130.0,6,6,16.142857142857142,6,6,14.666666666666666,1.0,0,0.045
Graduate,Veterinary Nursing,Female,Single,Daytime,No,Yes,No,No,No,22,21-24,120.0,125.0,6,6,14.833333333333334,6,5,13.833333333333334,0.833,0,0.143
Dropout,Nursing,Female,Single,Daytime,No,No,Yes,Yes,No,19,17-20,141.5,140.0,8,7,13.327142857142857,8,7,13.327142857142857,0.875,1,0.722
Dropout,Social Service,Female,Single,Daytime,No,No,No,Yes,No,19,17-20,111.4,111.0,6,4,11.0,6,2,11.5,0.333,1,0.989
Enrolled,Communication Design,Female,Single,Daytime,No,Yes,No,Yes,No,18,17-20,136.6,132.0,6,6,11.714285714285714,6,6,10.375,1.0,0,0.077
Dropout,Animation & Multimedia Design,Female,Single,Daytime,No,Yes,No,Yes,No,19,17-20,154.6,150.0,12,12,12.333333333333334,11,10,12.727272727272728,0.909,1,0.005
Dropout,Basic Education,Female,Single,Daytime,No,No,Yes,Yes,No,20,17-20,111.4,118.0,7,0,0.0,6,0,0.0,0.0,1,1.0
Dropout,Management (evening),Female,Married,Evening,No,No,No,No,No,39,30-39,120.1,150.0,15,12,11.916666666666666,13,8,11.25,0.615,1,0.992
Graduate,Social Service (evening),Female,Married,Evening,No,Yes,Yes,No,No,37,30-39,100.0,100.0,6,6,11.833333333333334,6,6,11.0,1.0,0,0.1
Dropout,Nursing,Female,Married,Daytime,No,No,Yes,No,No,30,30-39,140.0,130.0,7,3,12.333333333333334,7,3,11.666666666666666,0.429,1,0.999
Graduate,Management (evening),Female,Married,Evening,No,Yes,No,No,No,41,40+,130.0,130.0,10,10,14.3,10,10,14.2,1.0,0,0.031
Dropout,Nursing,Female,Divorced,Daytime,No,No,No,No,No,40,40+,100.0,133.1,8,5,11.832,8,5,11.832,0.625,1,0.569
Dropout,Management,Female,Single,Daytime,No,Yes,No,No,No,20,17-20,106.1,112.0,5,2,10.0,5,0,0.0,0.0,1,0.991
Graduate,Management (evening),Female,Married,Evening,No,Yes,No,No,No,28,25-29,151.4,144.0,5,5,12.0,5,5,11.6,1.0,0,0.056
Dropout,Basic Education,Female,Single,Daytime,No,No,Yes,Yes,No,19,17-20,113.7,120.0,7,5,12.2,7,0,0.0,0.0,1,1.0
Dropout,Advertising & Marketing,Female,Single,Daytime,No,Yes,No,Yes,No,23,21-24,116.5,121.0,5,3,11.333333333333334,5,4,11.25,0.8,1,0.446
Dropout,Social Service (evening),Female,Single,Evening,No,Yes,No,No,No,18,17-20,120.0,120.0,16,13,13.846153846153848,11,9,12.555555555555555,0.818,1,0.238
Graduate,Nursing,Female,Single,Daytime,No,Yes,No,No,No,24,21-24,122.0,100.0,8,7,12.412857142857144,8,7,12.412857142857144,0.875,0,0.065
Enrolled,Advertising & Marketing,Female,Single,Daytime,No,Yes,No,No,No,21,21-24,117.1,115.0,5,3,12.666666666666666,5,4,12.75,0.8,0,0.32
Graduate,Nursing,Female,Single,Daytime,No,Yes,No,Yes,No,19,17-20,120.8,123.0,8,7,12.545714285714286,8,7,12.545714285714286,0.875,0,0.086
Dropout,Journalism & Communication,Female,Single,Daytime,No,Yes,No,Yes,No,19,17-20,141.4,134.0,6,3,13.0,6,2,14.0,0.333,1,0.92
Dropout,Agronomy,Female,Single,Daytime,No,No,Yes,No,No,48,40+,110.0,123.0,6,0,0.0,6,0,0.0,0.0,1,1.0
Dropout,Management (evening),Female,Married,Evening,No,No,No,No,No,38,30-39,120.0,120.0,12,9,12.22222222222222,12,9,13.0,0.75,1,0.94
Graduate,Management,Female,Single,Daytime,No,Yes,No,No,No,19,17-20,120.2,131.0,5,5,13.285714285714286,5,5,13.0,1.0,0,0.066
Dropout,Management (evening),Male,Married,Evening,No,Yes,No,No,No,30,30-39,138.4,133.1,5,3,11.666666666666666,5,1,11.0,0.2,1,0.938
Graduate,Agronomy,Male,Single,Daytime,Yes,Yes,No,No,No,24,21-24,150.0,150.0,6,6,13.555555555555555,6,6,12.666666666666666,1.0,0,0.026
Graduate,Journalism & Communication,Male,Single,Daytime,No,Yes,No,Yes,No,19,17-20,121.8,134.0,6,6,13.166666666666666,6,6,12.428571428571429,1.0,0,0.144
Enrolled,Animation & Multimedia Design,Male,Single,Daytime,No,Yes,No,No,No,21,21-24,140.0,140.0,0,0,0.0,0,0,0.0,,0,0.364
Graduate,Tourism,Male,Single,Daytime,Yes,Yes,No,Yes,No,21,21-24,116.3,117.0,6,6,11.666666666666666,6,5,12.2,0.833,0,0.1
Dropout,Management (evening),Male,Single,Evening,No,Yes,No,No,No,19,17-20,131.5,143.0,5,4,11.0,5,4,12.25,0.8,1,0.412
Enrolled,Communication Design,Male,Single,Daytime,No,Yes,No,Yes,No,18,17-20,141.0,142.0,6,6,13.0,6,1,10.0,0.167,0,0.916
Graduate,Communication Design,Male,Single,Daytime,Yes,Yes,No,No,No,18,17-20,138.0,132.0,6,6,13.666666666666666,6,6,12.0,1.0,0,0.032
Dropout,Informatics Engineering,Male,Single,Daytime,No,Yes,No,Yes,No,19,17-20,127.5,138.0,5,5,14.6,5,5,15.2,1.0,1,0.139
Graduate,Nursing,Male,Single,Daytime,Yes,Yes,No,No,No,19,17-20,127.0,131.0,8,7,12.514285714285714,8,7,12.514285714285714,0.875,0,0.031
Enrolled,Veterinary Nursing,Male,Single,Daytime,No,Yes,No,No,No,18,17-20,118.9,123.0,5,3,14.0,5,3,12.666666666666666,0.6,0,0.64
Enrolled,Tourism,Male,Single,Daytime,No,Yes,No,Yes,No,25,25-29,134.5,131.0,6,6,13.166666666666666,6,5,12.6,0.833,0,0.171
Enrolled,Informatics Engineering,Male,Single,Daytime,No,Yes,No,Yes,No,18,17-20,133.0,141.0,5,4,13.0,5,3,12.333333333333334,0.6,0,0.508
Dropout,Management,Male,Facto union,Daytime,No,No,No,No,No,29,25-29,114.0,133.1,5,1,13.0,5,0,0.0,0.0,1,1.0
Dropout,Informatics Engineering,Male,Single,Daytime,No,Yes,No,Yes,No,21,21-24,116.7,116.0,5,1,10.0,5,3,13.666666666666666,0.6,1,0.586
Graduate,Journalism & Communication,Male,Single,Daytime,Yes,Yes,Yes,Yes,No,18,17-20,125.1,123.0,6,6,14.333333333333334,6,6,15.333333333333334,1.0,0,0.122
Dropout,Tourism,Male,Single,Daytime,Yes,Yes,No,No,No,20,17-20,137.2,133.0,6,0,0.0,6,0,0.0,0.0,1,0.998
Dropout,Management (evening),Male,Single,Evening,No,Yes,No,No,No,27,25-29,111.4,133.1,5,1,11.0,5,0,0.0,0.0,1,0.999
Enrolled,Veterinary Nursing,Male,Single,Daytime,No,Yes,No,Yes,No,21,21-24,105.0,133.1,6,3,11.25,6,0,0.0,0.0,0,0.999
Dropout,Management,Male,Single,Daytime,No,Yes,No,Yes,No,20,17-20,124.3,140.0,5,4,10.75,5,3,10.571428571428571,0.6,1,0.723
Dropout,Management,Male,Single,Daytime,No,No,Yes,No,No,28,25-29,132.0,100.0,5,1,11.0,5,0,0.0,0.0,1,1.0
Enrolled,Oral Hygiene,Male,Single,Daytime,Yes,Yes,No,No,No,24,21-24,110.0,130.0,7,6,10.857142857142858,7,7,11.857142857142858,1.0,0,0.052
Enrolled,Management,Male,Single,Daytime,No,Yes,No,No,No,22,21-24,134.7,134.0,5,4,11.75,5,3,11.0,0.6,0,0.659
Graduate,Veterinary Nursing,Male,Single,Daytime,No,Yes,No,Yes,No,20,17-20,136.8,134.0,5,5,12.8,5,4,13.666666666666666,0.8,0,0.238
Graduate,Veterinary Nursing,Male,Single,Daytime,No,Yes,No,No,No,21,21-24,160.0,160.0,5,3,12.333333333333334,5,5,11.4,1.0,0,0.158
Dropout,Agronomy,Male,Single,Daytime,No,No,Yes,Yes,No,23,21-24,130.0,130.0,6,2,11.333333333333334,6,2,13.0,0.333,1,0.999
Graduate,Social Service,Male,Single,Daytime,No,Yes,No,Yes,No,18,17-20,128.8,141.0,6,5,11.6,6,6,11.166666666666666,1.0,0,0.179
Graduate,Animation & Multimedia Design,Male,Single,Daytime,Yes,Yes,No,Yes,No,20,17-20,148.4,147.0,14,12,10.923076923076923,13,11,12.181818181818182,0.846,0,0.021
Graduate,Animation & Multimedia Design,Male,Single,Daytime,No,Yes,No,Yes,No,19,17-20,130.4,137.0,0,0,0.0,0,0,0.0,,0,0.508
Graduate,Nursing,Male,Married,Daytime,No,Yes,No,No,No,32,30-39,126.0,130.0,7,7,13.62857142857143,8,8,13.9125,1.0,0,0.044
Dropout,Tourism,Male,Single,Daytime,No,Yes,No,Yes,No,20,17-20,118.7,119.0,6,3,10.333333333333334,6,1,11.0,0.167,1,0.988
Graduate,Agronomy,Male,Single,Daytime,No,Yes,No,No,No,32,30-39,120.0,130.0,18,18,13.736842105263158,13,12,13.75,0.923,0,0.029
Enrolled,Agronomy,Male,Single,Daytime,No,Yes,No,Yes,No,28,25-29,120.0,130.0,13,8,11.625,10,6,11.0,0.6,0,0.979
Graduate,Communication Design,Male,Single,Daytime,Yes,Yes,No,Yes,No,21,21-24,116.3,120.0,7,4,11.5,9,7,12.142857142857142,0.778,0,0.562
Graduate,Journalism & Communication,Male,Single,Daytime,Yes,Yes,No,No,No,19,17-20,133.9,130.0,6,5,14.0,6,6,13.0,1.0,0,0.054
Dropout,Management (evening),Male,Single,Evening,No,Yes,No,No,No,24,21-24,150.3,150.0,5,3,11.333333333333334,5,0,0.0,0.0,1,0.989
Dropout,Management,Male,Single,Daytime,No,Yes,No,No,No,18,17-20,118.3,120.0,5,1,10.0,5,1,10.0,0.2,1,0.979
Graduate,Agronomy,Male,Single,Daytime,No,Yes,No,Yes,No,20,17-20,130.0,130.0,6,5,11.714285714285714,6,5,12.0,0.833,0,0.261
Dropout,Animation & Multimedia Design,Male,Single,Daytime,No,No,No,No,No,25,25-29,140.0,140.0,0,0,0.0,0,0,0.0,,1,0.861
Dropout,Management,Male,Single,Daytime,No,Yes,No,Yes,No,25,25-29,110.4,130.0,15,13,10.76923076923077,14,12,11.833333333333334,0.857,1,0.417
Dropout,Journalism & Communication,Male,Single,Daytime,No,Yes,No,Yes,No,18,17-20,139.7,147.0,6,5,11.6,6,6,12.0,1.0,1,0.165
Dropout,Management,Male,Single,Daytime,No,Yes,No,Yes,No,19,17-20,138.3,148.0,5,4,13.75,5,0,0.0,0.0,1,0.994
Dropout,Management,Male,Single,Daytime,No,Yes,No,Yes,No,18,17-20,123.2,133.0,5,4,11.0,5,5,10.5,1.0,1,0.425
Dropout,Management,Male,Single,Daytime,No,No,No,No,No,25,25-29,120.0,135.0,5,0,0.0,5,0,0.0,0.0,1,1.0
Dropout,Animation & Multimedia Design,Male,Single,Daytime,No,Yes,No,Yes,No,38,30-39,127.0,116.0,0,0,0.0,0,0,0.0,,1,0.651
Dropout,Animation & Multimedia Design,Male,Single,Daytime,No,Yes,No,No,No,19,17-20,114.2,110.0,0,0,0.0,0,0,0.0,,1,0.39
Graduate,Journalism & Communication,Male,Single,Daytime,No,Yes,No,Yes,No,19,17-20,119.7,133.0,6,6,12.333333333333334,6,5,13.2,0.833,0,0.242
Graduate,Veterinary Nursing,Male,Single,Daytime,Yes,Yes,No,Yes,No,22,21-24,150.0,150.0,6,6,13.428571428571429,6,6,13.625,1.0,0,0.033
Enrolled,Informatics Engineering,Male,Single,Daytime,No,Yes,No,Yes,No,18,17-20,123.5,135.0,5,0,0.0,5,1,10.0,0.2,0,0.973
Dropout,Management (evening),Male,Single,Evening,No,No,No,No,No,32,30-39,130.0,130.0,5,4,14.75,5,2,15.0,0.4,1,0.985
Graduate,Basic Education,Male,Single,Daytime,No,Yes,No,No,No,37,30-39,124.6,130.0,21,21,12.476190476190476,19,19,12.210526315789474,1.0,0,0.009
Dropout,Informatics Engineering,Male,Single,Daytime,No,Yes,No,Yes,No,21,21-24,119.4,132.0,5,0,0.0,5,0,0.0,0.0,1,0.998
Dropout,Tourism,Male,Single,Daytime,No,Yes,No,Yes,No,18,17-20,121.9,125.0,6,3,11.666666666666666,6,2,12.5,0.333,1,0.961
Graduate,Communication Design,Male,Single,Daytime,No,Yes,Yes,Yes,No,19,17-20,110.0,118.0,6,6,12.0,6,6,13.571428571428571,1.0,0,0.132
Graduate,Advertising & Marketing,Male,Single,Daytime,Yes,Yes,No,No,No,19,17-20,118.7,118.0,6,6,12.0,6,6,14.0,1.0,0,0.028
Graduate,Animation & Multimedia Design,Female,Single,Daytime,No,No,No,Yes,Yes,19,17-20,163.1,161.0,12,12,15.25,11,11,15.0,1.0,0,0.007
Graduate,Journalism & Communication,Male,Single,Daytime,Yes,Yes,No,Yes,No,19,17-20,121.7,136.0,6,5,12.4,6,6,13.166666666666666,1.0,0,0.068
Enrolled,Management,Male,Single,Daytime,No,Yes,Yes,No,Yes,21,21-24,135.0,135.0,5,3,12.333333333333334,5,4,11.25,0.8,0,0.41
Enrolled,Management (evening),Female,Divorced,Evening,No,Yes,No,No,No,28,25-29,147.9,147.0,5,4,11.5,5,4,12.0,0.8,0,0.243
Dropout,Journalism & Communication,Female,Single,Daytime,No,No,Yes,Yes,Yes,19,17-20,118.1,124.0,6,5,12.2,6,4,11.75,0.667,1,0.815
Dropout,Management (evening),Female,Single,Evening,No,Yes,Yes,No,No,28,25-29,105.3,133.1,5,2,10.5,5,0,0.0,0.0,1,0.999
Graduate,Nursing,Female,Single,Daytime,Yes,Yes,No,No,No,19,17-20,139.8,141.0,8,7,14.4,8,7,14.4,0.875,0,0.02
Graduate,Social Service (evening),Female,Married,Evening,No,Yes,No,No,No,32,30-39,130.0,130.0,14,13,12.846153846153848,11,10,12.8,0.909,0,0.041
Dropout,Social Service (evening),Female,Single,Evening,No,No,Yes,No,No,26,25-29,127.5,110.0,6,4,12.0,6,5,13.2,0.833,1,0.872
Dropout,Management,Female,Married,Daytime,No,Yes,No,No,No,25,25-29,120.0,133.1,5,0,0.0,5,0,0.0,0.0,1,0.992
Dropout,Basic Education,Female,Married,Daytime,No,Yes,No,No,No,31,30-39,124.2,130.0,7,6,13.666666666666666,6,5,13.5,0.833,1,0.269
Graduate,Social Service,Female,Single,Daytime,Yes,Yes,No,Yes,No,20,17-20,113.4,120.0,6,5,11.857142857142858,6,6,11.666666666666666,1.0,0,0.078
Dropout,Social Service,Female,Single,Daytime,No,Yes,No,Yes,No,19,17-20,118.0,133.1,6,0,0.0,6,0,0.0,0.0,1,0.998
Dropout,Animation & Multimedia Design,Female,Single,Daytime,No,Yes,No,Yes,No,23,21-24,130.0,145.0,0,0,0.0,0,0,0.0,,1,0.545
Graduate,Social Service,Female,Single,Daytime,No,Yes,No,Yes,No,18,17-20,135.9,131.0,6,5,13.2,6,6,11.333333333333334,1.0,0,0.111
Dropout,Social Service,Female,Single,Daytime,Yes,Yes,No,Yes,No,19,17-20,135.8,147.0,6,6,12.714285714285714,6,5,11.0,0.833,1,0.095
Graduate,Tourism,Female,Single,Daytime,No,Yes,No,No,No,18,17-20,133.1,138.0,6,6,12.5,6,6,12.666666666666666,1.0,0,0.04
Enrolled,Management,Female,Single,Daytime,No,Yes,No,Yes,No,21,21-24,118.8,123.0,5,3,10.666666666666666,5,2,12.5,0.4,0,0.82
Enrolled,Journalism & Communication,Female,Single,Daytime,No,Yes,No,Yes,No,20,17-20,117.1,129.0,6,1,17.0,6,1,17.0,0.167,0,0.988
Graduate,Veterinary Nursing,Female,Single,Daytime,No,Yes,No,Yes,No,24,21-24,114.5,125.0,5,5,13.0,5,4,13.25,0.8,0,0.165
Enrolled,Advertising & Marketing,Female,Single,Daytime,Yes,Yes,No,No,No,18,17-20,127.2,131.0,5,3,12.666666666666666,5,4,12.5,0.8,0,0.176
Graduate,Nursing,Female,Single,Daytime,No,Yes,No,Yes,No,25,25-29,130.0,100.0,14,12,13.291666666666666,14,12,13.291666666666666,0.857,0,0.005
Graduate,Veterinary Nursing,Female,Single,Daytime,No,Yes,No,No,No,20,17-20,116.1,120.0,5,3,11.666666666666666,5,4,11.5,0.8,0,0.265
Graduate,Nursing,Female,Single,Daytime,No,Yes,No,Yes,No,18,17-20,130.5,145.0,8,7,14.24,8,7,14.24,0.875,0,0.065
Dropout,Advertising & Marketing,Female,Single,Daytime,No,Yes,No,Yes,No,24,21-24,104.0,120.0,5,3,13.0,5,3,11.333333333333334,0.6,1,0.791
Enrolled,Nursing,Female,Single,Daytime,No,Yes,No,Yes,No,18,17-20,128.5,140.0,7,5,14.06,7,6,12.571428571428571,0.857,0,0.314
Dropout,Social Service,Female,Single,Daytime,No,No,Yes,No,No,21,21-24,126.0,134.0,6,5,11.833333333333334,6,5,13.2,0.833,1,0.912
Graduate,Journalism & Communication,Female,Single,Daytime,No,Yes,No,Yes,No,18,17-20,141.1,140.0,6,6,12.833333333333334,6,6,13.333333333333334,1.0,0,0.038
Dropout,Tourism,Female,Single,Daytime,No,Yes,No,Yes,No,20,17-20,102.8,107.0,6,1,10.0,6,0,0.0,0.0,1,0.999
Dropout,Management,Female,Single,Daytime,No,Yes,No,Yes,No,19,17-20,129.2,133.0,5,2,11.0,5,2,10.0,0.4,1,0.934
Graduate,Nursing,Female,Single,Daytime,No,Yes,No,Yes,No,20,17-20,119.3,127.0,7,7,14.105714285714289,8,8,13.6625,1.0,0,0.029
Graduate,Nursing,Female,Single,Daytime,No,Yes,No,Yes,No,20,17-20,126.3,141.0,8,7,12.471428571428572,8,7,12.471428571428572,0.875,0,0.106
Graduate,Veterinary Nursing,Female,Single,Daytime,Yes,Yes,No,Yes,No,20,17-20,140.0,140.0,6,6,11.833333333333334,6,5,11.857142857142858,0.833,0,0.112
Graduate,Communication Design,Female,Single,Daytime,No,Yes,No,Yes,No,20,17-20,131.5,150.0,6,6,12.5,6,6,12.833333333333334,1.0,0,0.046
Dropout,Basic Education,Female,Single,Daytime,No,Yes,No,Yes,No,18,17-20,137.6,140.0,6,6,11.666666666666666,6,6,12.333333333333334,1.0,1,0.062
Graduate,Animation & Multimedia Design,Female,Single,Daytime,No,Yes,No,Yes,No,18,17-20,142.8,141.0,0,0,0.0,0,0,0.0,,0,0.486
Enrolled,Management (evening),Female,Divorced,Evening,No,Yes,No,No,No,30,30-39,146.2,150.0,5,3,10.333333333333334,5,4,12.8,0.8,0,0.39
Graduate,Veterinary Nursing,Female,Single,Daytime,No,Yes,No,Yes,No,18,17-20,162.1,160.0,5,5,16.166666666666668,5,5,14.285714285714286,1.0,0,0.038
Dropout,Veterinary Nursing,Female,Single,Daytime,No,Yes,No,No,No,35,30-39,140.0,133.1,6,3,12.666666666666666,6,0,0.0,0.0,1,0.997
Dropout,Social Service (evening),Female,Single,Evening,No,No,Yes,No,No,31,30-39,120.0,133.1,6,2,10.5,6,3,12.333333333333334,0.5,1,0.996
Dropout,Tourism,Female,Single,Daytime,No,Yes,Yes,Yes,No,19,17-20,133.3,134.0,6,2,11.5,6,1,11.0,0.167,1,0.995
Graduate,Social Service,Female,Single,Daytime,No,Yes,No,Yes,No,19,17-20,124.8,130.0,6,6,13.0,6,5,13.4,0.833,0,0.112
Graduate,Nursing,Female,Single,Daytime,No,Yes,No,Yes,No,19,17-20,133.3,140.0,7,6,11.966666666666669,7,6,11.966666666666669,0.857,0,0.104
Graduate,Nursing,Female,Single,Daytime,No,Yes,No,No,No,19,17-20,141.8,145.0,8,8,13.3475,8,8,13.3475,1.0,0,0.011
Graduate,Veterinary Nursing,Female,Single,Daytime,No,Yes,No,No,No,21,21-24,128.2,133.0,5,5,12.0,5,4,12.5,0.8,0,0.125
Dropout,Basic Education,Female,Single,Daytime,No,Yes,No,No,No,18,17-20,115.0,133.1,6,2,10.5,6,0,0.0,0.0,1,0.998
Enrolled,Social Service,Female,Single,Daytime,No,Yes,No,Yes,No,18,17-20,123.6,132.0,6,4,11.5,6,4,10.75,0.667,0,0.523
Graduate,Animation & Multimedia Design,Male,Single,Daytime,No,Yes,No,Yes,No,19,17-20,120.2,117.0,0,0,0.0,0,0,0.0,,0,0.469
Graduate,Advertising & Marketing,Male,Single,Daytime,No,Yes,No,Yes,No,18,17-20,127.0,127.0,6,6,13.571428571428571,6,4,14.0,0.667,0,0.368
Graduate,Veterinary Nursing,Male,Single,Daytime,No,Yes,No,Yes,No,18,17-20,120.4,134.0,6,6,14.7,6,6,12.0,1.0,0,0.165
Dropout,Management (evening),Male,Single,Evening,No,No,No,Yes,No,25,25-29,120.0,120.0,5,0,0.0,5,0,0.0,0.0,1,1.0
Enrolled,Nursing,Male,Single,Daytime,No,Yes,No,Yes,No,18,17-20,120.0,136.0,7,6,11.833333333333334,7,6,11.833333333333334,0.857,0,0.158
Graduate,Animation & Multimedia Design,Male,Single,Daytime,No,Yes,No,Yes,No,19,17-20,133.9,137.0,0,0,0.0,0,0,0.0,,0,0.563
Graduate,Nursing,Male,Single,Daytime,No,Yes,No,Yes,No,18,17-20,113.5,118.0,7,7,13.175714285714289,8,8,14.925,1.0,0,0.043
Dropout,Agronomy,Male,Single,Daytime,No,Yes,No,No,No,24,21-24,126.1,130.0,6,0,0.0,6,0,0.0,0.0,1,0.999
Enrolled,Social Service,Female,Single,Daytime,No,Yes,No,No,No,19,17-20,121.2,124.0,6,2,13.0,6,6,10.833333333333334,1.0,0,0.332
Graduate,Nursing,Female,Facto union,Daytime,No,Yes,No,No,No,29,25-29,150.0,150.0,8,7,13.742857142857144,8,7,13.742857142857144,0.875,0,0.019
Dropout,Management (evening),Female,Single,Evening,No,Yes,No,Yes,No,27,25-29,100.0,161.0,5,0,0.0,5,0,0.0,0.0,1,0.998
Graduate,Nursing,Female,Single,Daytime,No,Yes,No,Yes,No,18,17-20,127.3,143.0,7,7,12.217142857142855,8,7,12.11875,0.875,0,0.108
Dropout,Management (evening),Female,Married,Evening,No,Yes,No,No,No,28,25-29,103.8,130.0,15,14,11.071428571428571,14,12,11.333333333333334,0.857,1,0.19
Graduate,Basic Education,Female,Married,Daytime,Yes,Yes,No,No,No,32,30-39,131.0,133.1,7,7,13.428571428571429,8,8,13.25,1.0,0,0.014
Dropout,Management (evening),Female,Single,Evening,No,Yes,No,No,No,30,30-39,133.9,110.0,5,5,11.4,5,5,13.666666666666666,1.0,1,0.086
Dropout,Nursing,Female,Single,Daytime,No,Yes,No,No,No,29,25-29,140.0,140.0,8,4,11.325,8,4,11.325,0.5,1,0.813
Enrolled,Social Service,Female,Single,Daytime,No,Yes,No,No,No,20,17-20,121.4,145.0,6,0,0.0,5,0,0.0,0.0,0,0.997
Graduate,Nursing,Female,Single,Daytime,No,Yes,No,No,No,19,17-20,122.0,131.0,8,7,15.0,8,7,15.0,0.875,0,0.044
Graduate,Social Service (evening),Female,Single,Evening,No,Yes,No,No,No,29,25-29,150.5,141.0,6,6,13.166666666666666,6,6,15.625,1.0,0,0.035
Dropout,Social Service,Female,Married,Daytime,No,No,No,No,No,27,25-29,139.4,145.0,6,2,11.0,6,4,10.5,0.667,1,0.972
Dropout,Social Service,Female,Single,Daytime,No,Yes,No,No,No,19,17-20,112.6,122.0,6,0,0.0,6,0,0.0,0.0,1,0.993
Dropout,Advertising & Marketing,Female,Single,Daytime,Yes,Yes,No,Yes,No,21,21-24,115.2,118.0,5,3,12.333333333333334,5,2,12.5,0.4,1,0.66
Dropout,Management (evening),Female,Married,Evening,No,No,No,No,No,29,25-29,131.8,150.0,5,4,12.25,5,5,10.166666666666666,1.0,1,0.691
Dropout,Management,Female,Married,Daytime,No,No,Yes,No,No,42,40+,122.8,120.0,13,13,11.923076923076923,12,12,12.5,1.0,1,0.798
Graduate,Social Service,Female,Single,Daytime,Yes,Yes,No,No,No,18,17-20,156.2,167.0,6,6,14.333333333333334,6,6,14.142857142857142,1.0,0,0.017
Graduate,Veterinary Nursing,Female,Single,Daytime,No,Yes,No,Yes,No,24,21-24,132.0,150.0,5,5,12.0,5,5,13.0,1.0,0,0.111
Enrolled,Nursing,Female,Married,Daytime,No,Yes,No,No,No,32,30-39,130.0,130.0,7,7,13.761111111111113,8,7,12.06375,0.875,0,0.064
Enrolled,Management,Female,Single,Daytime,No,Yes,No,No,No,18,17-20,138.4,151.0,5,4,11.25,5,5,11.0,1.0,0,0.165
Graduate,Management (evening),Female,Single,Evening,No,Yes,No,No,No,27,25-29,146.2,120.0,5,3,12.333333333333334,5,3,10.666666666666666,0.6,0,0.766
Graduate,Nursing,Female,Single,Daytime,No,Yes,No,Yes,No,18,17-20,166.0,168.0,8,8,14.88875,8,8,14.88875,1.0,0,0.016
Dropout,Journalism & Communication,Female,Single,Daytime,Yes,Yes,Yes,Yes,No,19,17-20,133.1,153.0,6,6,12.166666666666666,6,5,12.4,0.833,1,0.116
Graduate,Journalism & Communication,Female,Single,Daytime,Yes,Yes,No,Yes,No,18,17-20,121.9,131.0,6,6,12.666666666666666,6,6,13.333333333333334,1.0,0,0.025
Enrolled,Basic Education,Female,Single,Daytime,No,Yes,No,Yes,No,21,21-24,110.4,116.0,6,5,12.6,6,3,11.666666666666666,0.5,0,0.618
Graduate,Management,Female,Single,Daytime,Yes,Yes,No,No,No,26,25-29,121.4,160.0,5,4,13.0,5,4,12.25,0.8,0,0.299
Graduate,Tourism,Female,Single,Daytime,Yes,Yes,No,Yes,No,22,21-24,137.0,152.0,6,6,13.875,6,6,14.333333333333334,1.0,0,0.023
Dropout,Management (evening),Male,Married,Evening,No,Yes,Yes,No,No,37,30-39,140.0,133.1,5,4,10.75,5,3,13.333333333333334,0.6,1,0.833
Dropout,Veterinary Nursing,Male,Single,Daytime,No,Yes,No,No,No,24,21-24,140.0,150.0,5,3,14.666666666666666,5,0,0.0,0.0,1,0.991
Enrolled,Basic Education,Male,Single,Daytime,No,Yes,No,Yes,No,18,17-20,126.8,168.0,6,5,12.6,6,6,13.0,1.0,0,0.165
Graduate,Nursing,Male,Single,Daytime,Yes,Yes,No,Yes,No,19,17-20,124.8,137.0,7,6,12.4125,8,7,11.2625,0.875,0,0.143
Dropout,Equinculture,Male,Married,Daytime,No,No,Yes,Yes,No,28,25-29,120.0,133.1,6,1,11.0,6,2,10.5,0.333,1,1.0
Graduate,Nursing,Male,Single,Daytime,Yes,Yes,No,Yes,No,18,17-20,133.0,160.0,8,7,14.314285714285717,8,7,14.314285714285717,0.875,0,0.048
Enrolled,Communication Design,Male,Single,Daytime,No,Yes,No,Yes,No,20,17-20,127.5,145.0,6,4,12.0,6,2,11.333333333333334,0.333,0,0.895
Graduate,Journalism & Communication,Male,Single,Daytime,No,Yes,No,Yes,No,18,17-20,131.7,138.0,6,6,12.833333333333334,6,6,13.285714285714286,1.0,0,0.079
Dropout,Journalism & Communication,Male,Married,Daytime,No,Yes,No,No,No,47,40+,133.0,100.0,6,5,11.4,6,6,11.666666666666666,1.0,1,0.207
Graduate,Management (evening),Male,Married,Evening,No,Yes,No,No,No,38,30-39,122.7,140.0,5,5,14.6,5,5,14.333333333333334,1.0,0,0.192
Graduate,Communication Design,Male,Single,Daytime,Yes,Yes,No,No,No,20,17-20,121.2,124.0,6,6,13.5,6,5,12.5,0.833,0,0.103
Dropout,Equinculture,Male,Single,Daytime,No,Yes,No,Yes,No,21,21-24,150.0,150.0,6,6,12.5,6,3,13.333333333333334,0.5,1,0.491
Enrolled,Communication Design,Male,Single,Daytime,Yes,Yes,No,Yes,No,19,17-20,133.4,125.0,6,4,13.0,6,5,12.2,0.833,0,0.626
Enrolled,Biofuel Production Tech,Male,Single,Daytime,No,Yes,No,Yes,No,25,25-29,121.2,143.0,10,5,11.6,8,2,13.0,0.25,0,0.987
Graduate,Equinculture,Female,Single,Daytime,No,Yes,No,Yes,No,18,17-20,129.3,137.0,5,5,11.8,5,5,11.6,1.0,0,0.053
Dropout,Nursing,Female,Divorced,Daytime,No,No,Yes,No,No,46,40+,117.8,133.1,7,3,12.333333333333334,7,3,11.083333333333334,0.429,1,0.998
Graduate,Nursing,Female,Single,Daytime,No,Yes,No,No,No,23,21-24,131.3,136.0,14,12,12.625,14,12,12.625,0.857,0,0.147
Graduate,Communication Design,Female,Single,Daytime,Yes,Yes,No,Yes,No,20,17-20,133.8,132.0,6,6,13.833333333333334,6,6,13.5,1.0,0,0.035
Graduate,Communication Design,Male,Single,Daytime,No,Yes,No,No,No,20,17-20,120.0,120.0,7,6,12.5,9,7,13.142857142857142,0.778,0,0.22
Graduate,Journalism & Communication,Male,Single,Daytime,No,Yes,No,No,No,19,17-20,122.2,125.0,6,5,13.6,6,5,12.666666666666666,0.833,0,0.308
Dropout,Journalism & Communication,Female,Single,Daytime,No,No,Yes,Yes,Yes,18,17-20,119.0,120.0,6,6,12.0,6,2,11.0,0.333,1,0.998
Dropout,Nursing,Female,Single,Daytime,Yes,Yes,No,Yes,No,30,30-39,149.5,154.0,7,7,14.9125,8,1,13.5,0.125,1,0.888
Graduate,Management,Female,Single,Daytime,Yes,Yes,No,Yes,No,20,17-20,153.8,180.0,5,5,13.8,5,5,12.0,1.0,0,0.042
Graduate,Journalism & Communication,Female,Single,Daytime,No,Yes,No,Yes,Yes,22,21-24,152.0,152.0,6,6,11.666666666666666,6,6,13.0,1.0,0,0.008
